Plant ID,Plant name (English),Owner,Owner GEM ID,Parent,Parent GEM ID,Subnational unit (province/state),Country/Area,Region,Plant age (years),Start date,Workforce size,Status,Nominal crude steel capacity (ttpa),Latitude,Longitude
P100000120439,Algerian Qatari Steel Jijel plant,Algerian Qatari Steel,E100001000957,Industries Qatar QPSC [49.0%]; unknown [5.0%]; Groupe Industriel Sider SpA,E100000000840 [49.0%]; E100000132388 [5.0%]; E100001000960,Jijel,Algeria,Africa,8,2017,2400,operating,2200,36.753961,6.24442
P100000121198,Ozmert Algeria steel plant,Ozmert Algeria SARL,E100001012196,Ozmert Algeria SARL [100.0%],E100001012196 [100.0%],Tebessa,Algeria,Africa,,,,operating,800,35.47858,-0.62139
P100000120440,Sider El Hadjar Annaba steel plant,Groupe Industriel Sider SpA,E100001000960,Groupe Industriel Sider SpA [100.0%],E100001000960 [100.0%],Annaba,Algeria,Africa,56,1969,5748,operating,2150,36.795924,7.707633
P100000120441,Tosyali Algerie Oran steel plant,Tosyali Ironsteel Industry Algerie SpA,E100000131071,Tosyalı Holding AŞ,E100001000709,Oran,Algeria,Africa,12,2013,8000,operating,6200,35.770912,-0.263031
P100000120005,Aceria Angola Bengo steel plant,Ada - Aceria De Angola SA,E100000131097,Sa Machado Lda,E100002003632,Bengo,Angola,Africa,10,2015,600,operating,500,-8.5824,13.405271
P100000121215,Companhia Siderurgica do Cuchi pig iron plant,Companhia Siderurgica do Cuchi SA,E100001012404,Ferrangoland; Modulax Industria E Comercio Ltda,E100001012406; E100001012405,Cuando Cubango,Angola,Africa,2,,1200,operating,1350,-14.650166,16.925606
P100000120006,ArcelorMittal Acindar Villa Constitución steel plant,Acindar Industria Argentina de Aceros SA,E100001010109,ArcelorMittal SA [100.0%],E100000000687 [100.0%],Santa Fe,Argentina,Central & South America,79,1946,1624,operating,2000,-33.249936,-60.300415
P100000120009,Gerdau Sipar Pérez steel plant,Sipar Aceros SA,E100001010274,Gerdau SA [98.1%],E100001010270 [98.1%],Santa Fe,Argentina,Central & South America,8,2017,787,operating,650,-32.9912336,-60.7588733
P100000120007,TenarisSiderca Campana steel plant,Siderca SAIC,E100000001765,Tenaris SA [100.0%],E100000000692 [100.0%],Buenos Aires,Argentina,Central & South America,65,,2993,operating,1720,-34.152554,-58.977388
P100000120008,Ternium Siderar San Nicolás steel plant,Ternium Argentina SA,E100000130688,Ternium Argentina SA [100.0%],E100000130688 [100.0%],Buenos Aires,Argentina,Central & South America,65,1960,3274,operating,3501,-33.37365,-60.138697
P100000120012,BlueScope Port Kembla steel plant,BlueScope Steel Ltd,E100000130689,BlueScope Steel Ltd [100.0%],E100000130689 [100.0%],New South Wales,Australia,Asia Pacific,97,1928,3000,operating,3200,-34.463834,150.886191
P100000120014,GFG Liberty Laverton Steel Mill,Infrabuild Australia Pty Ltd,E100001010334,GFG Alliance Ltd,E100001000556,Victoria,Australia,Asia Pacific,33,1992,,operating,780,-37.831379,144.788169
P100000120015,GFG Liberty Sydney Steel Mill,Infrabuild Australia Pty Ltd,E100001010334,GFG Alliance Ltd,E100001000556,New South Wales,Australia,Asia Pacific,43,1982,,operating,750,-33.76601,150.849819
P100000120011,Voestalpine Stahl Donawitz steel plant,Voestalpine Stahl Donawitz GmbH,E100000130917,Voestalpine AG [100.0%],E100000000031 [100.0%],Styria,Austria,Europe,147,1878,1356,operating,720,47.380455,15.065182
P100000120010,Voestalpine Stahl Linz steel plant,Voestalpine Stahl GmbH,E100000130978,Voestalpine AG [100.0%],E100000000031 [100.0%],Upper Austria,Austria,Europe,85,1940,9150,operating,4000,48.274023,14.33434
P100000120016,Baku Steel Company steel plant,Baku Steel Company QSC,E100000131003,Baku Steel Company QSC [100.0%],E100000131003 [100.0%],Narimanov,Azerbaijan,Eurasia,24,2001,1645,operating,800,40.43136,49.886867
P100000120032,Sulb Bahrain Al Hidd steel plant,Sulb Company BSCC,E100000131139,Yamato Kogyo Co Ltd [49.0%]; Gulf Investment Corp [25.5%]; Industries Qatar QPSC [12.8%]; Gulf Cables & Electrical Industries Co KSC [5.1%]; National Industries Group Holding KSCP [5.1%]; Kuwait Foundry Company KSCP [2.6%],E100001010196 [49.0%]; E100000000675 [25.5%]; E100000000840 [12.8%]; E100001016326 [5.1%]; E100001016328 [5.1%]; E100001016329 [2.6%],Muharraq,Bahrain,Middle East,13,2012,,operating,1265,26.198152,50.679893
P100000120020,Abul Khair Steel Sitakunda plant,Abul Khair Steel Ltd,E100000131068,Abul Khair Ltd,E100000131048,Chittagong,Bangladesh,Asia Pacific,10,2015,,operating,1400,22.472008,91.734827
P100000120022,BSRM Ltd Mirsarai plant,Bangladesh Steel Re-Rolling Mills Ltd,E100000120118,Bangladesh Steel Re-Rolling Mills Ltd [100.0%],E100000120118 [100.0%],Chattogram,Bangladesh,Asia Pacific,9,,1250,operating,1625,22.870631,91.545862
P100000120021,BSRM Steels Mirsarai plant,BSRM Steels Ltd,E100000130854,BSRM Steels Ltd [100.0%],E100000130854 [100.0%],Chattogram,Bangladesh,Asia Pacific,6,2019,1250,operating,800,22.873774,91.545562
P100000120018,GPH Steel Sitakunda plant,GPH Ispat Ltd,E100000130987,GPH Ispat Ltd [100.0%],E100000130987 [100.0%],Chittagong,Bangladesh,Asia Pacific,17,,2233,operating,1051,22.536569,91.700729
P100000120024,KSRM Sitakunda steel plant,KSRM Steel Plant Ltd,E100000131041,KSRM Steel Plant Ltd [100.0%],E100000131041 [100.0%],Chittagong,Bangladesh,Asia Pacific,41,1984,2500,operating,800,22.499834,91.715778
P100000120056,Byelorussian Steel Works,BMZ-Upravlyayushchaya Kompaniya Kholdinga BMK JSC,E100000130960,BMZ-Upravlyayushchaya Kompaniya Kholdinga BMK JSC [100.0%],E100000130960 [100.0%],Gomel Region,Belarus,Europe,41,1984,11789,operating,3000,52.849321,29.988985
P100000120029,Aperam Stainless Belgium Châtelet steel plant,Aperam Stainless Belgium NV,E100000130918,Aperam SA [100.0%],E100000130966 [100.0%],Wallonie,Belgium,Europe,49,1976,1998,operating,1000,50.414998,4.532443
P100000120028,Aperam Stainless Belgium Genk steel plant,Aperam Stainless Belgium NV,E100000130918,Aperam SA [100.0%],E100000130966 [100.0%],Limburg,Belgium,Europe,55,1970,1138,operating,1200,50.933973,5.511494
P100000120027,ArcelorMittal Gent steel plant,ArcelorMittal SA,E100000000687,ArcelorMittal SA [100.0%],E100000000687 [100.0%],Vlaanderen,Belgium,Europe,59,1966,1933,operating,2500,51.169929,3.804462
P100000120030,Thy Marcinelle Charleroi steel plant,Thy-Marcinelle SA,E100001010367,Riva Forni Elettrici SpA,E100000131000,Wallonie,Belgium,Europe,36,1989,445,operating,800,50.410335,4.429693
P100000121153,ESM Mutún steel plant,Empresa Siderúrgica del Mutún,E100002000080,Empresa Siderúrgica del Mutún [100.0%],E100002000080 [100.0%],Santa Cruz,Bolivia,Central & South America,1,,700,operating,200,-19.137325,-57.880605
P100000120017,Pavgord Zenica steel plant,Pavgord doo,E100001013687,Pavgord doo [100.0%],E100001013687 [100.0%],Zenica-Doboj,Bosnia and Herzegovina,Europe,133,1892,2200,operating,1940,44.224446,17.899815
P100000120053,Aperam Timóteo steel plant,Aperam Inox America do Sul SA,E100000130690,Aperam SA,E100000130966,Minas Gerais,Brazil,Central & South America,76,1949,2317,operating,900,-19.531272,-42.639979
P100000120050,ArcelorMittal Barra Mansa steel plant,ArcelorMittal Brasil SA,E100001000493,ArcelorMittal SA [97.1%]; small shareholder(s) [2.9%],E100000000687 [97.1%]; E100001015587 [2.9%],Rio de Janeiro,Brazil,Central & South America,88,1937,232,operating,800,-22.525806,-44.191067
P100000120045,ArcelorMittal Juiz de Fora steel plant,ArcelorMittal Brasil SA,E100001000493,ArcelorMittal SA [97.1%]; small shareholder(s) [2.9%],E100000000687 [97.1%]; E100001015587 [2.9%],Minas Gerais,Brazil,Central & South America,41,1984,1000,operating,1100,-21.626963,-43.462361
P100000120035,ArcelorMittal Monlevade steel plant,ArcelorMittal Brasil SA,E100001000493,ArcelorMittal SA [97.1%]; small shareholder(s) [2.9%],E100000000687 [97.1%]; E100001015587 [2.9%],Minas Gerais,Brazil,Central & South America,88,1937,975,operating,1200,-19.832129,-43.130164
P100000120040,ArcelorMittal Pecém steel plant,ArcelorMittal Brasil SA,E100001000493,ArcelorMittal SA [97.1%]; small shareholder(s) [2.9%],E100000000687 [97.1%]; E100001015587 [2.9%],Ceará,Brazil,Central & South America,9,2016,2500,operating,3000,-3.585917,-38.858932
P100000120041,ArcelorMittal Piracicaba steel plant,ArcelorMittal Brasil SA,E100001000493,ArcelorMittal SA [97.1%]; small shareholder(s) [2.9%],E100000000687 [97.1%]; E100001015587 [2.9%],São Paulo,Brazil,Central & South America,70,1955,500,operating,1100,-22.698154,-47.657146
P100000120036,ArcelorMittal Resende steel plant,ArcelorMittal Brasil SA,E100001000493,ArcelorMittal SA [97.1%]; small shareholder(s) [2.9%],E100000000687 [97.1%]; E100001015587 [2.9%],Rio de Janeiro,Brazil,Central & South America,16,2009,668,operating,1000,-22.493597,-44.512628
P100000120034,ArcelorMittal Tubarão steel plant,ArcelorMittal Tubarão Comercial SA,E100001000507,ArcelorMittal Tubarão Comercial SA [100.0%],E100001000507 [100.0%],Espírito Santo,Brazil,Central & South America,42,1983,5000,operating,7500,-20.253447,-40.242298
P100000120046,AVB Açailândia steel plant,Aco Verde do Brasil SA,E100000130886,Grupo Ferroeste,E100001016289,Maranhão,Brazil,Central & South America,10,2015,3000,operating,600,-4.874373,-47.4073517
P100000120039,CSN Volta Redonda steel plant,Companhia Siderúrgica Nacional SA,E100001000652,Companhia Siderúrgica Nacional SA [100.0%],E100001000652 [100.0%],Rio de Janeiro,Brazil,Central & South America,79,1946,20000,operating,6251,-22.512631,-44.11287
P100000120033,Gerdau Açominas Ouro Branco steel plant,Gerdau Acominas SA,E100001010278,Gerdau SA [100.0%],E100001010270 [100.0%],Minas Gerais,Brazil,Central & South America,39,1986,8500,operating,4360,-20.543507,-43.75295
P100000120042,Gerdau Cosigua Santa Cruz steel plant,Gerdau Acos Longos SA,E100001010277,Gerdau SA [99.8%],E100001010270 [99.8%],Rio de Janeiro,Brazil,Central & South America,54,1971,1500,operating,936,-22.90242,-43.749319
P100000120047,Gerdau Divinópolis steel plant,Gerdau Acos Longos SA,E100001010277,Gerdau SA [99.8%],E100001010270 [99.8%],Minas Gerais,Brazil,Central & South America,72,1953,920,operating,600,-20.153931,-44.878995
P100000120055,Gerdau Pindamonhangaba steel plant,Gerdau SA,E100001010270,Gerdau SA [100.0%],E100001010270 [100.0%],São Paulo,Brazil,Central & South America,45,1980,2500,operating,530,-22.89918,-45.347726
P100000120048,Gerdau São Paulo Araçariguama steel plant,Gerdau Acos Longos SA,E100001010277,Gerdau SA [99.8%],E100001010270 [99.8%],São Paulo,Brazil,Central & South America,19,2006,370,operating,950,-23.43864,-47.08825
P100000120052,Simec Cariacica steel plant,GV do Brasil Industria e Comercio de Aço Ltda,E100000130990,Grupo Simec SAB de CV [100.0%],E100000130728 [100.0%],Espírito Santo,Brazil,Central & South America,83,1942,579,operating,600,-20.34291,-40.360864
P100000120051,Simec Pindamonhangaba steel plant,GV do Brasil Industria e Comercio de Aço Ltda,E100000130990,Grupo Simec SAB de CV [100.0%],E100000130728 [100.0%],São Paulo,Brazil,Central & South America,10,2015,480,operating,500,-22.921912,-45.413234
P100000121176,Sinobras Marabá steel plant,Siderurgica Norte Brasil SA,E100001012180,WMA Participacoes SA [80.0%]; Aço Cearense Industrial Ltda [20.0%],E100001012181 [80.0%]; E100001012182 [20.0%],Pará,Brazil,Central & South America,18,2007,1300,operating,475,-5.414287,-49.081305
P100000120038,Ternium Brasil Santa Cruz steel plant,Ternium Brasil Ltda,E100000131066,Ternium SA [100.0%],E100001000384 [100.0%],Rio de Janeiro,Brazil,Central & South America,15,2010,8000,operating,5200,-22.912549,-43.741614
P100000120043,Usiminas Ipatinga steel plant,Usinas Siderurgicas de Minas Gerais SA,E100000130691,Usinas Siderurgicas de Minas Gerais SA [100.0%],E100000130691 [100.0%],Minas Gerais,Brazil,Central & South America,63,1962,6500,operating,5000,-19.491277,-42.544253
P100000120044,Vallourec Jeceaba steel plant,Vallourec Soluções Tubulares do Brasil SA,E100000130951,Vallourec SA [100.0%],E100001010324 [100.0%],Minas Gerais,Brazil,Central & South America,14,2011,2500,operating,1000,-20.582683,-43.971555
P100000120054,Viena Açailândia iron works,Andrade Valladares Engenharia e Construcao Ltda,E100000130884,natural person(s); RKV Participacoes Ltda; Skv Participacoes Ltda; Viena Administracao e Participacoes Ltda,E100000123261; E100002007562; E100002007563; E100002007564,Maranhão,Brazil,Central & South America,37,1988,1300,operating,1350,-4.887877,-47.392157
P100000120031,Stomana Industry Pernik steel plant,Stomana Industry AD,E100000130943,Viohalco SA [100.0%],E100000131005 [100.0%],Pernik,Bulgaria,Europe,67,1958,1200,operating,1400,42.595629,23.093095
P100000120059,Algoma steel plant,Algoma Steel Group Inc,E100000001817,Algoma Steel Group Inc [100.0%],E100000001817 [100.0%],Ontario,Canada,North America,124,1901,2700,operating,3700,46.518984,-84.374068
P100000120058,ArcelorMittal Dofasco steel plant,ArcelorMittal Dofasco GP,E100001000495,ArcelorMittal SA [100.0%],E100000000687 [100.0%],Ontario,Canada,North America,113,1912,5000,operating,1350,43.269255,-79.804858
P100000120057,ArcelorMittal Montreal steel plant,ArcelorMittal Long Products Canada GP,E100001000502,ArcelorMittal SA [100.0%],E100000000687 [100.0%],Quebec,Canada,North America,111,1914,1900,operating,2400,45.835148,-73.254957
P100000120061,Cleveland-Cliffs Lake Erie steel plant,Cleveland-Cliffs Inc,E100001000649,Cleveland-Cliffs Inc [100.0%],E100001000649 [100.0%],Ontario,Canada,North America,45,1980,1373,operating,2500,42.805448,-80.095313
P100000120060,Evraz Regina Steel plant,Evraz North America PLC,E100000131019,EVRAZ PLC,E100001000663,Saskatchewan,Canada,North America,64,1961,1200,operating,1200,50.51499,-104.630589
P100000120062,Gerdau Whitby Steel Mill,Gerdau Ameristeel Corp,E100001010298,Gerdau SA [98.2%],E100001010270 [98.2%],Ontario,Canada,North America,61,1964,385,operating,1100,43.856461,-78.908997
P100000120063,Ivaco Rolling Mills steel plant,Ivaco Rolling Mills 2004 LP,E100000130855,Heico Companies LLC,E100000130934,Ontario,Canada,North America,54,1971,500,operating,650,45.613941,-74.704608
P100000120064,Rio Tinto Fer et Titane steel plant,Rio Tinto Iron and Titanium Canada Inc,E100000131063,Rio Tinto PLC [100.0%],E100000001119 [100.0%],Quebec,Canada,North America,75,1950,1400,operating,600,46.044367,-73.138474
P100000120067,AZA Colina steel plant,Aceros AZA SA,E100000131104,Ingenieria e Inversiones Ltda; Inversiones Los Andes SA; Inversiones Reyosan SpA; Matco Cables SpA,E100000131059; E100000131168; E100000131169; E100000131163,Región Metropolitana,Chile,Central & South America,26,,612,operating,520,-33.294729,-70.727881
P100000120163,Angang Group Xinyang Iron and Steel Co Ltd,"Xinyang Iron & Steel Co.,ltd of Angang Group",E100000127277,natural person(s) [65.2%]; Henan PROVINCE HENGCHANG Trading Co Ltd [15.8%]; unknown [10.4%]; Henan State Owned Capital Operation Group Co Ltd [8.6%],E100000123261 [65.2%]; E100000127609 [15.8%]; E100000132388 [10.4%]; E100000125158 [8.6%],Henan,China,Asia Pacific,54,1971,3992,operating,3600,32.488704,114.038243
P100000120089,Angang Lianzhong Stainless Steel Co Ltd,Angang Lianzhong Stainless Steel Corp,E100000127397,Ansteel Group Co Ltd [60.0%]; Lianzhong Co Ltd [18.2%]; power rich Co Ltd [17.4%]; unknown [4.4%],E100000124667 [60.0%]; E100000130687 [18.2%]; E100000130686 [17.4%]; E100000132388 [4.4%],Guangdong,China,Asia Pacific,24,2001,1764,operating,1900,23.126822,113.505817
P100000120219,Angang Steel Co Ltd,Angang Steel Co Ltd,E100000126769,Angang Steel Co Ltd [100.0%],E100000126769 [100.0%],Liaoning,China,Asia Pacific,27,,31456,operating,20650,41.148267,122.983054
P100000120220,Angang Steel Co Ltd Bayuquan branch,Angang Steel Co Ltd,E100000126769,Angang Steel Co Ltd [100.0%],E100000126769 [100.0%],Liaoning,China,Asia Pacific,19,2006,4072,operating,7500,40.308494,122.13079
P100000120070,Anhui Changjiang Steel Co Ltd,Anhui Changjiang Steel Co Ltd,E100000123155,Maanshan Iron & Steel Co Ltd [55.0%]; natural person(s) [37.2%]; unknown [7.8%],E100000123737 [55.0%]; E100000123261 [37.2%]; E100000132388 [7.8%],Anhui,China,Asia Pacific,22,2003,3886,operating,3800,31.502272,118.465162
P100000120071,Anhui Guihang Special Steel Co Ltd,Anhui Guihang Special Steel Co Ltd,E100000126525,Anhui Guihang Special Steel Co Ltd [100.0%],E100000126525 [100.0%],Anhui,China,Asia Pacific,15,,2437,operating,2700,30.531068,117.251147
P100000120391,Anhui Jin an Stainless Steel Casting Co Ltd,Anhui Jin'an Stainless Steel Foundry Co Ltd,E100000126390,Anhui Xinda Steel Development Co Ltd [100.0%],E100000127607 [100.0%],Anhui,China,Asia Pacific,3,2022,300,operating,500,31.763956,115.924372
P100000120402,Anhui Langxi Hongtai Iron and Steel Co Ltd,Anhui Langxi County Fuhang Steel Co Ltd,E100000126133,Anhui Langxi County Fuhang Steel Co Ltd [100.0%],E100000126133 [100.0%],Anhui,China,Asia Pacific,23,2002,552,operating,1000,31.246635,119.120443
P100001025923,Anhui Lixin Special Steel Co Ltd,"Guangde Xinyuanda Metal Products Co., Ltd. Co Ltd",E100002005337,"Guangde Xinyuanda Metal Products Co., Ltd. Co Ltd [100.0%]",E100002005337 [100.0%],Anhui,China,Asia Pacific,14,,283,operating,500,31.0494162,119.5296269
P100000120313,Anhui Shoukuang Dachang Metal Material Co Ltd,Anhui Shoukuang Dachang Metal Material Co Ltd,E100000126761,CSCEC Rongdong Investment Holding Co Ltd [89.0%]; Fang TongZhou Holding Co Ltd [7.9%]; unknown [3.1%],E100000128793 [89.0%]; E100000128301 [7.9%]; E100000132388 [3.1%],Anhui,China,Asia Pacific,15,2010,4161,operating,3000,32.329171,115.954963
P100000120231,Anshan Baode Iron and Steel Co Ltd,Anshan Baode Iron & Steel Co Ltd,E100000126417,Anshan Baode Iron & Steel Co Ltd [100.0%],E100000126417 [100.0%],Liaoning,China,Asia Pacific,26,,2235,operating,1800,41.173613,122.945501
P100000120221,Ansteel Group Chaoyang Steel and Iron Co Ltd,Angang Steel Co Ltd,E100000126769,Angang Steel Co Ltd [100.0%],E100000126769 [100.0%],Liaoning,China,Asia Pacific,18,,2050,operating,2100,41.528945,120.369983
P100000120160,Anyang Iron and Steel Co Ltd,Anyang Iron & Steel Co Ltd,E100001000432,Anyang Iron & Steel Co Ltd [100.0%],E100001000432 [100.0%],Henan,China,Asia Pacific,67,1958,13355,operating,5950,36.122129,114.283145
P100000120256,Baoshan Iron and Steel Co Ltd Headquarters,Baoshan Iron & Steel Co Ltd,E100000122571,Baoshan Iron & Steel Co Ltd [100.0%],E100000122571 [100.0%],Shanghai,China,Asia Pacific,48,1977,12859,operating,19800,31.41623,121.440087
P100000120336,Baosteel Desheng Stainless Steel Co Ltd,Baosteel Desheng Stainless Steel Co Ltd,E100000127278,China Baowu Steel Group Co Ltd [70.0%]; Fujian Wugang Group Co Ltd [30.0%],E100001000472 [70.0%]; E100000127616 [30.0%],Fujian,China,Asia Pacific,14,2011,2132,operating,3220,26.48747,119.654461
P100000120289,Baosteel Group Xinjiang Bayi Iron and Steel Co Ltd,Baosteel Group Xinjiang Bayi Iron & Steel Co Ltd,E100001012045,Baosteel Group Xinjiang Bayi Iron & Steel Co Ltd [100.0%],E100001012045 [100.0%],Xinjiang,China,Asia Pacific,30,,3058,operating,7300,43.852147,87.304639
P100000120085,Baosteel Zhanjiang Iron and Steel Co Ltd,Baosteel Zhanjiang Iron & Steel Co Ltd,E100000121815,Baoshan Iron & Steel Co Ltd [90.0%]; Guangdong Hengjian Investment Holding Co Ltd [10.0%],E100000122571 [90.0%]; E100000000194 [10.0%],Guangdong,China,Asia Pacific,14,2011,4765,operating,12528,21.056035,110.48657
P100000120172,Baowu Group Echeng Iron and Steel Co Ltd,Baowu Group Echeng Iron & Steel Co Ltd,E100000123229,China Baowu Steel Group Co Ltd [75.0%]; Guangdong Guangwu Holding Group Co Ltd [25.0%],E100001000472 [75.0%]; E100000123746 [25.0%],Hubei,China,Asia Pacific,67,1958,6063,operating,4276,30.39574,114.861313
P100000120223,Bengang Steel Plates Co Ltd,Bengang Steel Plates Co Ltd,E100000122467,Bengang Steel Plates Co Ltd [100.0%],E100000122467 [100.0%],Liaoning,China,Asia Pacific,28,,17044,operating,12400,41.274132,123.722099
P100000120224,Benxi Beiying Iron and Steel Group Co Ltd Beitai Town,Benxi Beiying Iron & Steel (GROUP) Co Ltd,E100000123156,Ansteel Group Co Ltd [46.5%]; Bengang Group Co Ltd [27.7%]; Liaoning Huida Enterprise Management Co Ltd [8.2%]; China Minmetals Corp [7.0%]; unknown [6.4%]; Beijing Jianlong Investment Co Ltd [2.9%]; Fushun State-Owned Assets Management Co Ltd [1.3%],E100000124667 [46.5%]; E100000123998 [27.7%]; E100000124666 [8.2%]; E100000123999 [7.0%]; E100000132388 [6.4%]; E100000000155 [2.9%]; E100000125132 [1.3%],Liaoning,China,Asia Pacific,23,,18675,operating,2600,41.224814,123.608374
P100000120125,Cangzhou China Railway Equipment Manufacture Material Co Ltd,Cangzhou China Railway Equipment Manufacturing Materials Co Ltd,E100000126465,China Railway Materials Group Holdings Ltd [49.0%]; Shuangyao Investment Co Ltd [25.0%]; Hebei Xinhua United Metallurgical Holding Group Co Ltd [15.6%]; Sinogiant Steel HOLDINGS Group Ltd [9.4%]; unknown [1.0%],E100000130609 [49.0%]; E100000130610 [25.0%]; E100000128544 [15.6%]; E100000128537 [9.4%]; E100000132388 [1.0%],Hebei,China,Asia Pacific,19,2006,9333,operating,7500,38.289221,117.814367
P100000120194,Changshu Longteng Special Steel Co Ltd,Changshu Longteng Special Steel Co Ltd,E100000126408,Changshu Longteng Special Steel Co Ltd [100.0%],E100000126408 [100.0%],Jiangsu,China,Asia Pacific,31,,3469,operating,2213,31.723833,120.835685
P100000120265,Changzhi Xingbao Steel Co Ltd,Lucheng Xingbao Iron & Steel Co Ltd,E100000127287,Lucheng Xingbao Iron & Steel Co Ltd [100.0%],E100000127287 [100.0%],Shanxi,China,Asia Pacific,22,,1154,operating,1900,36.332449,113.15509
P100000120201,Changzhou Eastern Special Steel Co Ltd,Changzhou Dongfang Special Steel Co Ltd,E100000126487,Changzhou Dongrun Special Steel Co Ltd [90.0%]; natural person(s) [10.0%],E100000127958 [90.0%]; E100000123261 [10.0%],Jiangsu,China,Asia Pacific,16,,2589,operating,360,31.602554,119.724256
P100000120105,Chengde Iron and Steel Group Co Ltd,Chengde Street Ltd,E100000126296,HBIS Group Co Ltd [100.0%],E100000124529 [100.0%],Hebei,China,Asia Pacific,71,1954,12588,operating,8000,40.947707,117.719747
P100000120123,Chengde Jianlong Special Steel Co Ltd,Chengde Jianlong SPECIAL Steel Co Ltd,E100000126323,Beijing Jianlong Investment Co Ltd [90.2%]; unknown [9.8%],E100000000155 [90.2%]; E100000132388 [9.8%],Hebei,China,Asia Pacific,24,2001,3897,operating,4400,40.515035,117.596071
P100000120329,Chengdu Changfeng Iron and Steel Group Co Ltd,Chengdu Changfeng Steel Group Co Ltd,E100000126710,Chengdu Changfeng Steel Group Co Ltd [100.0%],E100000126710 [100.0%],Sichuan,China,Asia Pacific,55,1970,1020,operating,500,31.031921,103.672956
P100000120279,Chengyu Vanadium and Titanium Technology Co Ltd,Chengyu Vanadium & Titanium Technology Co Ltd,E100000127197,Grand Royal Co Ltd [45.2%]; Sichuan Jintong Investment Co Ltd [14.0%]; unknown [11.7%]; Sichuan Chuanwei Group Co Ltd Labor Union [9.5%]; Sichuan Chuanwei Group Co Ltd [8.6%]; Sichuan Yiweili Investment Co Ltd [6.0%]; Weiyuan Tianyue Enterprise Management Co Ltd [5.0%],E100000130585 [45.2%]; E100000128912 [14.0%]; E100000132388 [11.7%]; E100000130256 [9.5%]; E100000127991 [8.6%]; E100000128913 [6.0%]; E100000127992 [5.0%],Sichuan,China,Asia Pacific,19,,5350,operating,4050,29.732143,104.504339
P100000120183,Chifeng Yuanlian Steel Co Ltd,Chifeng Yuanlian Steel Co Ltd,E100000123157,Tangshan Jiaqi International Trade Co Ltd [90.0%]; Chifeng Yuanjian Iron and Steel Industry Co Ltd [10.0%],E100000124246 [90.0%]; E100001000468 [10.0%],Inner Mongolia,China,Asia Pacific,23,,4407,operating,2450,42.278115,119.015289
P100000120327,Chifeng Zhongtang Special Steel Co Ltd,Chifeng Zhongtang Special Steel Co Ltd,E100000126095,Tangshan Jinma Iron & Steel Group Co Ltd [83.7%]; Hainan Mingbo Investment Co Ltd [16.0%]; unknown [0.3%],E100000126512 [83.7%]; E100000128365 [16.0%]; E100000132388 [0.3%],Inner Mongolia,China,Asia Pacific,3,2022,,operating,2700,41.834064,119.281883
P100000121041,Chizhou Guichi Guihang Metal Products Co Ltd,Chizhou Guichi Guihang Metal Products Co Ltd,E100000127077,Chizhou Guichi Guihang Metal Products Co Ltd [100.0%],E100000127077 [100.0%],Anhui,China,Asia Pacific,25,2000,674,operating,1000,30.532786,117.25166
P100000120074,Chongqing Iron and Steel Co Ltd,Chongqing Iron & Steel Co Ltd,E100000126559,Chongqing Iron & Steel Co Ltd [100.0%],E100000126559 [100.0%],Chongqing,China,Asia Pacific,28,1997,6768,operating,8400,29.790253,107.040368
P100000120409,Chongqing Yonghang Steel Group Co Ltd,Chongqing Yonghang Steel Group Co Ltd,E100000127146,Chongqing Yonghang Steel Group Co Ltd [100.0%],E100000127146 [100.0%],Chongqing,China,Asia Pacific,22,2003,260,operating,700,29.836163,106.988138
P100000120202,Danyang Longjiang Steel Co Ltd,Danyang Longjiang Steel Co Ltd,E100000127247,Hong Kong Qianlong Co Ltd [67.2%]; natural person(s) [32.8%],E100000130432 [67.2%]; E100000123261 [32.8%],Jiangsu,China,Asia Pacific,22,,671,operating,1500,32.027791,119.57706
P100000120173,Daye Special Steel Co Ltd,Daye SPECIAL Steel Co Ltd,E100000126188,Citic Pacific Special Steel Group Co Ltd [100.0%],E100000128047 [100.0%],Hubei,China,Asia Pacific,18,2007,5043,operating,3420,30.204603,115.125838
P100000121072,Daye Xinye Special Steel Co Ltd,Hubei Xinxin Steel Group Co Ltd; natural person(s),E100000127570; E100000123261,Hubei Xinxin Steel Group Co Ltd [100.0%]; natural person(s) [100.0%],E100000127570 [100.0%]; E100000123261 [100.0%],Hubei,China,Asia Pacific,25,2000,1673,operating,1200,30.067469,114.934091
P100000120121,Delong Steel Co Ltd,DELONG Steel Ltd,E100000126785,British Asia Pan Ruogen International Co Ltd [100.0%],E100000130417 [100.0%],Hebei,China,Asia Pacific,25,2000,4000,operating,3000,37.086116,114.384832
P100000120227,Dongbei Special Steel Group Dalian Special Steel Co Ltd,Dongbei Special Steel Group Dalian Special Steel Co Ltd,E100000126532,Ningbo Meishan Free Trade Port Jincheng Shazhou Equity Investment Co Ltd [42.8%]; Wuhu Yinsheng Special Steel Investment Management Partnership LP [31.4%]; unknown [15.9%]; Bengang Steel Plates Co Ltd [9.9%],E100000124038 [42.8%]; E100000128285 [31.4%]; E100000132388 [15.9%]; E100000122467 [9.9%],Liaoning,China,Asia Pacific,56,1969,4543,operating,2695,39.193697,122.057788
P100000120211,Fangda Special Steel Technology Co Ltd,Fangda Special Steel Technology Co Ltd,E100000126116,Fangda Special Steel Technology Co Ltd [100.0%],E100000126116 [100.0%],Jiangxi,China,Asia Pacific,67,,5474,operating,2800,28.645441,115.99204
P100000120345,Fujian Dadonghai Industrial Group Co Ltd plant,Fujian Great Dong Hai Industrial Group Co Ltd,E100000123166,Fujian Great Dong Hai Industrial Group Co Ltd [100.0%],E100000123166 [100.0%],Fujian,China,Asia Pacific,7,2018,6572,operating,3695,25.737777,119.592239
P100000120314,Fujian Dingsheng Iron and Steel Co Ltd,Fujian Dingsheng Steel Co Ltd,E100000126260,Fujian Dingsheng Steel Co Ltd [100.0%],E100000126260 [100.0%],Fujian,China,Asia Pacific,7,2018,1077,operating,1726,27.224477,120.328828
P100000121065,Fujian Dingxin Industrial Co Ltd,Fujian Dingxin Industry Co Ltd,E100000126523,Shanghai Decent Investment (Group) Co Ltd [36.4%]; unknown [20.4%]; TSINGSHAN Holding Group Co Ltd [19.8%]; Zhejiang Qingshan Business Management Co Ltd [15.6%]; DELIXI Group Limited Co [7.8%],E100000128090 [36.4%]; E100000132388 [20.4%]; E100000128088 [19.8%]; E100000128539 [15.6%]; E100000128291 [7.8%],Fujian,China,Asia Pacific,17,2008,3638,operating,600,26.7695,119.738519
P100000121066,Fujian Fuxin Special Steel Co Ltd,Fujian Fuxin Special Steel Co Ltd,E100000127029,Tianlong Investment Co Ltd [58.3%]; Huayang Investment (Hong Kong) Ltd [41.6%],E100000130641 [58.3%]; E100000125857 [41.6%],Fujian,China,Asia Pacific,18,2007,1413,operating,720,24.472439,117.94885
P100000120413,Fujian Longgang New Materials Co Ltd,Fujian Longgang New Materials Co Ltd,E100000126717,Fujian Longgang New Materials Co Ltd [100.0%],E100000126717 [100.0%],Fujian,China,Asia Pacific,,,896,operating,1210,25.357408,117.362096
P100000120080,Fujian Luoyuan Minguang Iron and Steel Co Ltd,Fujian Luoyuan Minguang Iron & Steel Co Ltd,E100000123227,Fujian Metallurgical Holding Co Ltd [53.4%]; unknown [46.6%],E100000124862 [53.4%]; E100000132388 [46.6%],Fujian,China,Asia Pacific,11,2014,2509,operating,2650,26.483815,119.67105
P100000120392,Fujian Qingtuo New Material Co Ltd,Fujian Qingtuo New Material Co Ltd,E100000126389,Shanghai Decent Investment (Group) Co Ltd [51.6%]; unknown [23.1%]; TSINGSHAN Holding Group Co Ltd [19.7%]; Zhejiang Qingshan Business Management Co Ltd [5.6%],E100000128090 [51.6%]; E100000132388 [23.1%]; E100000128088 [19.7%]; E100000128539 [5.6%],Fujian,China,Asia Pacific,2,2023,1400,operating,958,26.779301,119.767935
P100000120077,Fujian Quanzhou Minguang Iron and Steel Co Ltd,Fujian San'an Iron & Steel Co Ltd,E100000126555,Fujian Metallurgical Holding Co Ltd [53.4%]; unknown [46.6%],E100000124862 [53.4%]; E100000132388 [46.6%],Fujian,China,Asia Pacific,24,2001,2716,operating,1350,25.244396,118.029905
P100000120078,Fujian Sanbao Steel Co Ltd,Fujian Sanbao Steel Co Ltd,E100000126246,Sanbao Group Co Ltd [100.0%],E100000128113 [100.0%],Fujian,China,Asia Pacific,26,1999,3983,operating,6196,24.635769,117.603677
P100000120081,Fujian Tsingtuo Nickel Industry Co Ltd,Fujian Tsingtuo Nickel Industry Co Ltd,E100000126778,Shanghai Decent Investment (Group) Co Ltd [34.7%]; TSINGSHAN Holding Group Co Ltd [30.5%]; unknown [26.1%]; Zhejiang Qingshan Business Management Co Ltd [8.7%],E100000128090 [34.7%]; E100000128088 [30.5%]; E100000132388 [26.1%]; E100000128539 [8.7%],Fujian,China,Asia Pacific,14,2011,3912,operating,3000,26.768925,119.765203
P100000121064,Fujian Wuhang Stainless Steel Products Co Ltd,Fujian Wuhang Stainless Steel Products Co Ltd,E100000127366,Fujian Wugang Group Co Ltd [38.2%]; Fujian Kaihang Stainless Steel Products Co Ltd [36.8%]; Tianwei Co Ltd [25.0%],E100000127616 [38.2%]; E100000128115 [36.8%]; E100000130640 [25.0%],Fujian,China,Asia Pacific,32,1993,1500,operating,2000,25.95923,119.452018
P100000120351,Fushun Hanking Direct Reduced Iron Co Ltd,Fushun HANWANG Direct Reduced Iron Co Ltd,E100000126360,Tuchuan Capital Co Ltd [99.0%]; unknown [1.0%],E100000130419 [99.0%]; E100000132388 [1.0%],Liaoning,China,Asia Pacific,23,,646,operating,1350,41.670998,123.85143
P100000120226,Fushun New Steel Co Ltd,Fushun New Steel Corp Ltd,E100000124695,Beijing Jianlong Investment Co Ltd [63.2%]; Fushun State-Owned Assets Management Co Ltd [29.3%]; unknown [7.5%],E100000000155 [63.2%]; E100000125132 [29.3%]; E100000132388 [7.5%],Liaoning,China,Asia Pacific,20,,5435,operating,2700,41.841223,123.753895
P100000120228,Fushun Special Steel Co Ltd,Fushun Special Steel Co Ltd,E100000126378,Fushun Special Steel Co Ltd [100.0%],E100000126378 [100.0%],Liaoning,China,Asia Pacific,88,1937,6342,operating,999,41.838774,123.806586
P100000120358,Fuzhou Wuhang Steel Products Co Ltd,Fuzhou Wuhang Steel Products Co Ltd,E100000126169,natural person(s) [66.2%]; Fujian Wugang Group Co Ltd [33.8%],E100000123261 [66.2%]; E100000127616 [33.8%],Fujian,China,Asia Pacific,4,2021,390,operating,2000,25.995101,119.495725
P100000120082,Gansu Jiu Steel Group Hongxing Iron and Steel Co Ltd,Gansu Jiu Steel Group Hongxing Iron and Steel Co Ltd,E100000127239,Gansu Jiu Steel Group Hongxing Iron and Steel Co Ltd [100.0%],E100000127239 [100.0%],Gansu,China,Asia Pacific,26,1999,12526,operating,4734,39.812121,98.295555
P100000120087,Guangdong Guangqing Metal Technology Co Ltd,Guangdong Guangqing METAL Technology Co Ltd,E100000126182,Guangdong Guangxin Holdings Group Ltd [48.9%]; Shanghai Decent Investment (Group) Co Ltd [17.0%]; unknown [16.9%]; TSINGSHAN Holding Group Co Ltd [13.4%]; Zhejiang Qingshan Business Management Co Ltd [3.8%],E100000127962 [48.9%]; E100000128090 [17.0%]; E100000132388 [16.9%]; E100000128088 [13.4%]; E100000128539 [3.8%],Guangdong,China,Asia Pacific,15,2010,3445,operating,2000,21.697069,111.848841
P100000120362,Guangdong Jingye Iron and Steel Co Ltd,Guangdong Jingye Iron and Steel Co Ltd,E100000126698,Jingye Group Co Ltd [100.0%],E100000124668 [100.0%],Guangdong,China,Asia Pacific,5,2020,1127,operating,2000,23.454666,116.498483
P100000120319,Guangdong Jinshenglan Metallurgical Technology Co Ltd,Guangdong Jinshenglan Metallurgical Technology Co Ltd,E100000126881,Fujian Lanming Investment Partnership LP [25.2%]; unknown [14.9%]; natural person(s) [13.9%]; Fujian Lanrui Investment Partnership LP [12.5%]; Fujian Qikun Investment Co Ltd [5.8%]; Fujian Zhongyi Investment Co Ltd [5.0%]; Fujian Taisong Investment Co Ltd [3.3%]; Fujian Qinghe Investment Co Ltd [1.9%]; Fujian Jinkun Investment Co Ltd [1.8%]; Fuzhou Deyu Investment Co Ltd [1.8%]; Fujian Shunle Investment Co Ltd [1.8%]; Fujian Yuheng Investment Co Ltd [1.8%]; Fuzhou Minqiu Trading Co Ltd [1.7%]; Fenghe Investment (Fujian) Co Ltd [1.4%]; Fujian Jingyuan Investment Co Ltd [1.4%]; Fujian Junao Investment Co Ltd [1.4%]; Fujian Yongxinqi Investment Co Ltd [1.4%]; Yuncheng Investment (Fujian) Co Ltd [1.4%]; Pingtan Shengxin Investment Partnership LP [1.4%],E100000128591 [25.2%]; E100000132388 [14.9%]; E100000123261 [13.9%]; E100000128858 [12.5%]; E100000124854 [5.8%]; E100000128594 [5.0%]; E100000124851 [3.3%]; E100000128595 [1.9%]; E100000124852 [1.8%]; E100000124853 [1.8%]; E100000124856 [1.8%]; E100000128596 [1.8%]; E100000128597 [1.7%]; E100000128967 [1.4%]; E100000128969 [1.4%]; E100000128968 [1.4%]; E100000124850 [1.4%]; E100000124849 [1.4%]; E100000128966 [1.4%],Guangdong,China,Asia Pacific,4,2021,2023,operating,2400,22.888729,112.263081
P100000120380,Guangdong Nanfang Donghai Iron and Steel Co Ltd,Guangdong Nanfang Donghai Iron and Steel Co Ltd,E100000127165,Tangshan Donghai Iron and Steel Group Co Ltd [70.0%]; natural person(s) [30.0%],E100000123219 [70.0%]; E100000123261 [30.0%],Guangdong,China,Asia Pacific,2,2023,150,operating,2400,22.907614,112.224952
P100000120361,GuangDong Xinxing Ductile Iron Pipes Co Ltd,GuangDong Xinxing Ductile Iron Pipes Co Ltd,E100000127213,Xinxing Ductile Iron Pipes Co Ltd [100.0%],E100000127965 [100.0%],Guangdong,China,Asia Pacific,10,2015,660,operating,1350,22.09914,111.665479
P100000121044,Guangdong Yuebei United Steel Co Ltd,Guangdong Yuebei United Steel Co Ltd,E100000126242,Jingye Group Co Ltd [100.0%],E100000124668 [100.0%],Guangdong,China,Asia Pacific,15,2010,1335,operating,2055,24.262452,113.728198
P100000121071,Guangshui Huaxin Metallurgical Industry Co Ltd,Guangshui Huaxin Smelt Industry Co Ltd,E100000127295,Fujian Shangkun Investment Co Ltd [62.5%]; Fujian Kangye Investment Co Ltd [37.5%],E100000128562 [62.5%]; E100000128563 [37.5%],Hubei,China,Asia Pacific,17,2008,1030,operating,869,31.50221,114.008142
P100000120093,Guangxi Beigang New Material Co Ltd,Guangxi BG New Materials Co Ltd,E100000126649,Guangxi Beibu Gulf International Port Group Co Ltd [100.0%],E100000127970 [100.0%],Guangxi,China,Asia Pacific,16,2009,2294,operating,3400,21.519924,109.506427
P100000120370,Guangxi Chiji Iron and Steel Co Ltd,Guangxi Chiji Iron and Steel Co Ltd,E100000123159,Qian'an City Jiujiang Wire Co Ltd [100.0%],E100000123190 [100.0%],Guangxi,China,Asia Pacific,6,2019,7944,operating,4800,23.402121,111.134606
P100000120395,Guangxi Guifeng Special Steel Co Ltd,Guangxi Longzhou Zhongheng Wanhua Industrial Co Ltd,E100000126255,Guangxi Longzhou Yishuo Investment Management Co Ltd [100.0%],E100000127974 [100.0%],Guangxi,China,Asia Pacific,23,2002,45,operating,1725,23.987136,111.914197
P100000120095,Guangxi Guigang Iron and Steel Group Co Ltd,Guangxi Guigang Iron and Steel Group Co Ltd,E100000123225,natural person(s) [44.0%]; Guigang Helong Investment Partnership LP [41.8%]; Guigang Herun Investment Partnership LP [12.5%]; unknown [1.7%],E100000123261 [44.0%]; E100000123900 [41.8%]; E100000123901 [12.5%]; E100000132388 [1.7%],Guangxi,China,Asia Pacific,22,2003,2770,operating,1400,23.088182,109.634638
P100000120363,Guangxi Guigang Iron and Steel Group Guigang Guibao Special Steel Co Ltd,Guangxi Guigang Iron and Steel Group Guigang Guibao SPECIAL Steel Co Ltd,E100000126170,Guangxi Guigang Iron and Steel Group Co Ltd [44.0%]; Guigang Helong Investment Partnership LP [41.8%]; Guigang Herun Investment Partnership LP [12.5%]; unknown [1.7%],E100000123225 [44.0%]; E100000123900 [41.8%]; E100000123901 [12.5%]; E100000132388 [1.7%],Guangxi,China,Asia Pacific,7,2018,,operating,1200,23.089502,109.63938
P100000120368,Guangxi Guixin Iron and Steel Group Co Ltd,Guangxi Guixin Steel Group Co Ltd,E100000127358,Guangxi Guixin Steel Group Co Ltd [100.0%],E100000127358 [100.0%],Guangxi,China,Asia Pacific,32,1993,128,operating,6050,23.978962,111.735523
P100000120394,Guangxi Guixin Steel Manufacturing Co Ltd,Hezhou Zhaoxin Hardware Products Co Ltd,E100001010584,Hezhou Zhaoxin Hardware Products Co Ltd [100.0%],E100001010584 [100.0%],Guangxi,China,Asia Pacific,25,2000,877,operating,750,23.978567,111.735529
P100000120397,Guangxi Hezhou Kexinda Metal Products Co Ltd,Guangxi Hezhou Kexinda Metal Products Co Ltd,E100000127052,Guangxi Hezhou Kexinda Metal Products Co Ltd [100.0%],E100000127052 [100.0%],Guangxi,China,Asia Pacific,21,2004,300,operating,1150,23.979937,111.745037
P100000120306,Guangxi Iron and Steel Group Co Ltd,Guangxi Iron and Steel Group Co Ltd,E100000123161,Liuzhou IRON&STEEL Co Ltd [45.8%]; Guangxi Liuzhou Iron and Steel Group Co Ltd [45.6%]; China Baowu Steel Group Co Ltd [8.6%],E100000123902 [45.8%]; E100000123903 [45.6%]; E100001000472 [8.6%],Guangxi,China,Asia Pacific,5,2020,5747,operating,8400,21.580723,108.400896
P100000120374,Guangxi Liugang Zhongjin Stainless Steel Co Ltd,Guangxi Liugang Zhongjin Stainless Steel Co Ltd,E100000126562,Guangxi Liuzhou Iron and Steel Group Co Ltd [100.0%],E100000123903 [100.0%],Guangxi,China,Asia Pacific,12,2013,2382,operating,1350,21.67261,109.741866
P100000120393,Guangxi Longzhou Zhongheng Wanhua Industrial Co Ltd,Guangxi Longzhou Zhongheng Wanhua Industrial Co Ltd,E100000126255,Guangxi Longzhou Yishuo Investment Management Co Ltd [100.0%],E100000127974 [100.0%],Guangxi,China,Asia Pacific,10,2015,,operating,1350,22.326361,106.94616
P100000120094,Guangxi Shenglong Metallurgical Co Ltd,Guangxi Shenglong Metallurgical Co Ltd,E100000123226,Guangxi Shenglong Metallurgical Co Ltd [100.0%],E100000123226 [100.0%],Guangxi,China,Asia Pacific,22,2003,10479,operating,9783,21.687637,108.412344
P100000120369,Guangxi Wuzhou Jinhai Stainless Steel Co Ltd,Guangxi Wuzhou Jinhai Stainless Steel Co Ltd,E100000127026,Guangdong Jinhai Brilliant Group Co Ltd [100.0%],E100000127973 [100.0%],Guangxi,China,Asia Pacific,15,2010,766,operating,1500,23.518229,111.235509
P100000120367,Guilin Pinggang Iron and Steel Co Ltd,Guilin Pinggang Iron and Steel Co Ltd,E100000126688,Guangxi Xingui Steel Group Co Ltd [65.0%]; natural person(s) [35.0%],E100000128020 [65.0%]; E100000123261 [35.0%],Guangxi,China,Asia Pacific,28,1997,479,operating,1200,24.673567,110.78959
P100000120098,Guizhou Ganglian Industrial Group Co Ltd,Guizhou Ganglian Industrial Group Co Ltd,E100000127293,Guizhou Ganglian Industrial Group Co Ltd [100.0%],E100000127293 [100.0%],Guizhou,China,Asia Pacific,11,2014,20,operating,1325,27.615147,106.949926
P100000120364,Guizhou Hexing Steel Co Ltd,Guizhou Hexing Metal Products Co Ltd,E100000126147,natural person(s) [65.0%]; Guizhou Mindong Economic and Trade Co Ltd [35.0%],E100000123261 [65.0%]; E100000128158 [35.0%],Guizhou,China,Asia Pacific,13,2012,130,operating,500,26.509525,107.570458
P100000120097,Guizhou United Iron and Steel Group Co Ltd,Guizhou United Steel (Group) Co Ltd,E100000126286,Guiyang Changle Iron and Steel Co Ltd [33.3%]; Qianxinan Prefecture Juxin Industry & Trade General Co [33.3%]; Zunyi County Fuxin Iron & Steel Product Co Ltd [33.3%],E100000128163 [33.3%]; E100000126448 [33.3%]; E100000126901 [33.3%],Guizhou,China,Asia Pacific,11,2014,70,operating,1990,27.591691,106.814024
P100000120326,Hangang Longshan Iron and Steel Co Ltd,Hanshan Iron and Steel Co Ltd,E100000126841,HBIS Group Co Ltd [100.0%],E100000124529 [100.0%],Hebei,China,Asia Pacific,3,2022,4947,operating,4488,36.685881,113.837073
P100000120334,Hangda Steel Co Ltd,Dazhou Hangda Steel Co Ltd,E100000126573,Dazhou Hangda Steel Co Ltd [100.0%],E100000126573 [100.0%],Sichuan,China,Asia Pacific,22,,564,operating,1000,31.435149,107.685981
P100000120315,Hbis Laoting Steel Co Ltd,HBIS Laoting Steel Co Ltd,E100000123169,HBIS Co Ltd [69.1%]; HBIS Group Co Ltd [7.7%]; Hebei Province Jicai Lndustryl Equity Lnvestment Fund Co Ltd [7.0%]; China Everbright Group Ltd [6.5%]; Gansu Provincial State-owned Assets Investment Group Co Ltd [3.0%]; Tangshan City Development Group Co Ltd [2.9%]; Gansu Financial Holding Group Co Ltd [2.0%]; unknown [0.9%]; Gansu Highway Aviation Tourism Investment Group Co Ltd [0.8%],E100000123542 [69.1%]; E100000124529 [7.7%]; E100000128826 [7.0%]; E100000128904 [6.5%]; E100000000189 [3.0%]; E100000124528 [2.9%]; E100000128905 [2.0%]; E100000132388 [0.9%]; E100000129075 [0.8%],Hebei,China,Asia Pacific,5,2020,9607,operating,7450,39.257823,119.033567
P100000121045,Hebei Anfeng Iron and Steel Co Ltd,Hebei Anfeng Iron & Steel Co Ltd,E100000123162,Hebei Anfeng Iron & Steel Co Ltd [100.0%],E100000123162 [100.0%],Hebei,China,Asia Pacific,23,2002,5419,operating,7100,39.65849,118.894804
P100000120119,Hebei Donghai Special Steel Co Ltd,Hebei Donghai SPECIAL Steel Group Co Ltd,E100000126598,Hebei Donghai SPECIAL Steel Group Co Ltd [100.0%],E100000126598 [100.0%],Hebei,China,Asia Pacific,16,2009,9209,operating,10001,39.610605,118.474722
P100000120323,Hebei Huaxi Special Steel Co Ltd,Hebei Huaxi Special Steel Co Ltd,E100000126892,Wuxi Zhongbang Equity Investment Partnership LP [77.8%]; Jiangsu Huaxi Group Co Ltd [22.2%],E100000128531 [77.8%]; E100000128532 [22.2%],Hebei,China,Asia Pacific,4,2021,1547,operating,1824,39.260784,119.005925
P100000120378,Hebei Huaxin Special Steel Co Ltd,Hebei Huaxin Special Steel Co Ltd,E100000126550,Jinan Iron & Steel Group Co Ltd [85.1%]; Wuan Yuhua Steel Co Ltd [11.5%]; unknown [3.5%],E100000126505 [85.1%]; E100000126416 [11.5%]; E100000132388 [3.5%],Hebei,China,Asia Pacific,4,2021,2136,operating,1350,36.53048,114.245262
P100000120117,Hebei Jinxi Iron and Steel Group Co Ltd,Hebei Jinxi Iron & Steel Group Co Ltd,E100000123170,Gold Geneses Development Ltd [57.2%]; FIRST GLORY SERVICES Ltd [38.0%]; unknown [4.8%],E100000126003 [57.2%]; E100000126002 [38.0%]; E100000132388 [4.8%],Hebei,China,Asia Pacific,39,1986,5202,operating,5000,40.209844,118.220547
P100000120350,Hebei Longfengshan Casting Co Ltd,Hebei PROVINCE Longfengshan Casting Industry Co Ltd,E100000126568,natural person(s) [90.1%]; China Development Bank Corp [9.9%],E100000123261 [90.1%]; E100001001051 [9.9%],Hebei,China,Asia Pacific,26,1999,2112,operating,1350,36.705105,114.105387
P100000120113,Hebei Puyang Iron and Steel Co Ltd,Hebei Puyang Iron and Steel Co Ltd,E100000123171,Hebei Puyang Industrial Group Co Ltd [65.0%]; Longxiang Group (Hong Kong) [35.0%],E100000124068 [65.0%]; E100000126000 [35.0%],Hebei,China,Asia Pacific,33,1992,7300,operating,5567,36.733675,113.925995
P100000120145,Hebei Rongxin Steel Co Ltd,Hebei Rongxin Iron & Steel Co Ltd,E100000127252,Tangshan Xinfengsheng Trade Co Ltd [72.6%]; Hebei Xinda Iron and Steel Co Ltd [27.4%],E100000124071 [72.6%]; E100000123220 [27.4%],Hebei,China,Asia Pacific,23,2002,2561,operating,2300,39.880661,118.558755
P100000120325,Hebei Taihang Iron and Steel Group Co Ltd,Hebei Taihang Iron and Steel Group Co Ltd,E100000123223,Hebei Taihang Iron and Steel Group Co Ltd [100.0%],E100000123223 [100.0%],Hebei,China,Asia Pacific,4,2021,7300,operating,3950,36.613716,114.082349
P100000120328,Hebei Tangyin Iron and Steel Co Ltd Caofeidian base,Hebei Tangyin IRON&STEEL Co Ltd,E100000123222,HBIS Group Co Ltd [51.0%]; Hebei Yinshui Industrial Group Co Ltd [49.0%],E100000124529 [51.0%]; E100000124065 [49.0%],Hebei,China,Asia Pacific,19,2006,3840,operating,2300,39.160401,118.429806
P100000120324,Hebei Tianzhu Iron and Steel Group Co Ltd,Hebei Tianzhu Iron and Steel Group Special Steel Co Ltd,E100000126131,Hebei Tianzhu IRON&STEEL (GROUP) Co Ltd [100.0%],E100000123221 [100.0%],Hebei,China,Asia Pacific,3,2022,3372,operating,3034,39.270032,119.01376
P100000120136,Hebei Xin Wuan Steel Group Hongrong Iron and Steel Co Ltd,Hebei New Wuan Lron and Steel Group Hong Rong Lron and Steel Co Ltd,E100000126533,Hebei Puyang Industrial Group Co Ltd [45.5%]; Xianghe Hongcheng New Energy Technology Co Ltd [27.6%]; Longxiang Group (Hong Kong) [24.5%]; unknown [2.4%],E100000124068 [45.5%]; E100000128348 [27.6%]; E100000126000 [24.5%]; E100000132388 [2.4%],Hebei,China,Asia Pacific,41,1984,2062,operating,1350,36.640411,113.981172
P100000120142,Hebei Xinda Iron and Steel Group Co Ltd,Hebei Xinda Iron and Steel Co Ltd,E100000123220,Tangshan Xinfengsheng Trade Co Ltd [72.6%]; natural person(s) [27.4%],E100000124071 [72.6%]; E100000123261 [27.4%],Hebei,China,Asia Pacific,23,2002,7085,operating,5000,39.898362,118.579364
P100000120137,Hebei Xinjin Iron and Steel Co Ltd,Hebei Xinjin Iron and Steel Co Ltd,E100000123172,WEALTH GROUP INVESTMENT LIMITED [78.0%]; Wu'an Hongji Investment Co Ltd [12.7%]; unknown [4.1%],E100000126029 [78.0%]; E100000124067 [12.7%]; E100000132388 [4.1%],Hebei,China,Asia Pacific,32,1993,6500,operating,2700,36.715632,114.208992
P100000120130,Hebei Xinwuan Iron and Steel Group Xinhui Metallurgy Co Ltd,Hebei New Wuan Iron and Steel Group Xin Hui Metallurgy Co Ltd,E100000127317,Hebei New Wuan Iron and Steel Group Xin Hui Metallurgy Co Ltd [100.0%],E100000127317 [100.0%],Hebei,China,Asia Pacific,25,2000,2000,operating,750,36.664097,114.115263
P100000120099,Hebei Xinxing Ductile Iron Pipes Co Ltd,Hebei Xinxing Ductile Iron Pipes Co Ltd,E100000126724,Xinxing Ductile Iron Pipes Co Ltd [100.0%],E100000127965 [100.0%],Hebei,China,Asia Pacific,32,1993,452,operating,2500,36.621504,114.128189
P100000120111,Hebei Yanshan Iron and Steel Group Co Ltd,Hebei Yanshan Iron and Steel Group Co Ltd,E100000123173,Hebei Yanshan Iron and Steel Group Co Ltd [100.0%],E100000123173 [100.0%],Hebei,China,Asia Pacific,23,2002,12000,operating,9990,39.925508,118.672757
P100000120131,Hebei Yongyang Special Steel Group Co Ltd,Hebei YongYang Special Steel Group Co Ltd,E100000126303,Handan Yongnian Shengda Steel Co Ltd [49.0%]; WEALTH GROUP INVESTMENT LIMITED [39.8%]; Wu'an Hongji Investment Co Ltd [6.5%]; unknown [2.1%],E100000128059 [49.0%]; E100000126029 [39.8%]; E100000124067 [6.5%]; E100000132388 [2.1%],Hebei,China,Asia Pacific,32,1993,3665,operating,1200,36.786851,114.376132
P100000120401,Hebei Zhangxuan High Tech Co Ltd,Hbzx HIGH Tech Co Ltd,E100000126320,HBIS Group Co Ltd [100.0%],E100000124529 [100.0%],Hebei,China,Asia Pacific,2,2023,2573,operating,1800,40.607977,115.067516
P100000120311,Hebei Zongheng Group Fengnan Iron and Steel Co Ltd,Hebei Zongheng Group Fengnan Iron & Steel Co Ltd,E100000127395,Hebei Xinhua United Metallurgical Holding Group Co Ltd [43.2%]; China Railway Materials Group Holdings Ltd [27.0%]; Shuangyao Investment Co Ltd [21.1%]; Sinogiant Steel HOLDINGS Group Ltd [7.9%]; unknown [0.9%],E100000128544 [43.2%]; E100000130609 [27.0%]; E100000130610 [21.1%]; E100000128537 [7.9%]; E100000132388 [0.9%],Hebei,China,Asia Pacific,6,2019,7988,operating,7700,39.222566,118.094201
P100000120157,Heilongjiang Jianlong Iron and Steel Co Ltd,Heilongjiang Jianlong Iron and Steel Co Ltd,E100000127072,Beijing Jianlong Investment Co Ltd [90.2%]; unknown [9.8%],E100000000155 [90.2%]; E100000132388 [9.8%],Heilongjiang,China,Asia Pacific,22,2003,3808,operating,2001,46.602297,131.071877
P100000120331,Henan Angang Zhoukou Iron and Steel Co Ltd,Henan Angang Zhoukou Iron and Steel Co Ltd,E100000126343,Anyang Iron & Steel Co Ltd [76.9%]; Zhoukou Investment Group Co Ltd [9.1%]; Henan Agric. Synthesis Exploitation Co Ltd [4.6%]; unknown [4.4%]; Sanmenxia Investment Group Co Ltd [2.4%]; Kaifeng Construction Lnvestment Co Ltd [1.2%]; Xinxiang Muye Development Management Co Ltd [0.9%]; Hoyer GmbH [0.2%]; China Logistics Group Co Ltd [0.1%]; Beijing Guanglong Enterprise Management Consulting Center LP [0.1%]; Guangxi Yingtongtong Investment Co Ltd [0.1%]; Huludao Hongyun Group Co Ltd [0.0%]; Sichuan Development Holding Co Ltd [0.0%]; Wuhan Industrial Investment Holding Group Co Ltd [0.0%]; Shihezi Shangde Equity Investment Partnership LP [0.0%],E100001000432 [76.9%]; E100000128071 [9.1%]; E100000125002 [4.6%]; E100000132388 [4.4%]; E100000124395 [2.4%]; E100000128928 [1.2%]; E100000128834 [0.9%]; E100001010241 [0.2%]; E100000129013 [0.1%]; E100000129052 [0.1%]; E100000128899 [0.1%]; E100000129014 [0.0%]; E100000000270 [0.0%]; E100000130359 [0.0%]; E100000129017 [0.0%],Henan,China,Asia Pacific,4,2021,1255,operating,1750,33.364534,115.099661
P100000120167,Henan Fengbao Special Steel Co Ltd,Henan Fengbao SPECIAL Steel Co Ltd,E100000127405,Henan Fengbao SPECIAL Steel Co Ltd [100.0%],E100000127405 [100.0%],Henan,China,Asia Pacific,24,2001,2313,operating,1350,36.131666,113.872158
P100000121086,Henan Jinhui Industrial Group,Henan Xinjinhui Stainless Steel Industry Co Ltd,E100000126106,Henan JINHUI Stainless Indutrial Group Co Ltd [83.0%]; Changge Huida Trading Co Ltd [17.0%],E100000128078 [83.0%]; E100000128079 [17.0%],Henan,China,Asia Pacific,20,2005,805,operating,900,34.263509,113.853979
P100000120164,Henan Jiyuan Iron and Steel Group Co Ltd,Henan Jiyuan Iron & Steel (Group) Co Ltd,E100000123174,Henan Jiyuan Iron and Steel Investment Holding Co Ltd [48.6%]; unknown [35.0%]; Tianjin Jinyuan Guotai Enterprise Management Consulting Co Ltd [10.0%]; Trade Union Committee of Henan Jiyuan Iron and Steel (Group) [6.4%],E100000124077 [48.6%]; E100000132388 [35.0%]; E100000124078 [10.0%]; E100000126009 [6.4%],Henan,China,Asia Pacific,67,1958,8000,operating,3428,35.086396,112.553774
P100000120168,Henan Yaxin Iron and Steel Group Co Ltd,Henan YAXIN Steel Industry Co Ltd,E100000127122,Henan YAXIN Steel Industry Co Ltd [100.0%],E100000127122 [100.0%],Henan,China,Asia Pacific,22,2003,2125,operating,1000,35.879956,114.334825
P100000120180,Hengyang Valin Steel Tube Co Ltd,Hengyang Valin Steel Tube Co Ltd,E100000127153,Hunan Valin Steel Co Ltd [85.9%]; Hunan Valin Iron & Steel Group Co Ltd [10.0%]; Hunan Development Investment Group Co Ltd [1.4%]; Hunan Caixin Financial Holding Group Co Ltd [1.4%]; Hunan Xingxiang Investment Holding Group Co Ltd [1.3%]; unknown [0.0%],E100000124129 [85.9%]; E100000128133 [10.0%]; E100000128566 [1.4%]; E100000125175 [1.4%]; E100000124815 [1.3%]; E100000132388 [0.0%],Hunan,China,Asia Pacific,67,1958,2567,operating,1300,26.865484,112.576853
P100000120091,Heping Yueshen Steel Industry Co Ltd,Heping Yueshen Steel Industrial Co Ltd,E100000127322,Heping Yueshen Steel Industrial Co Ltd [100.0%],E100000127322 [100.0%],Guangdong,China,Asia Pacific,14,2011,184,operating,1400,24.49796,114.93888
P100000121139,Heyuan Derun Steel Co Ltd LanTang Industrial Park,Heyuan Derun Steel Co Ltd,E100000126251,Fujian Lanyue Investment Partnership LP [25.5%]; Fujian Lantian Investment Partnership LP [16.7%]; Fujian Lanze Investment Partnership LP [14.0%]; unknown [10.5%]; Fujian Jinkun Investment Co Ltd [4.3%]; Fuzhou Deyu Investment Co Ltd [4.3%]; Fujian Taisong Investment Co Ltd [3.8%]; Fujian Honghang Investment Co Ltd [2.0%]; Fujian Xinghan Investment Co Ltd [2.0%]; Fujian Qinghe Investment Co Ltd [1.9%]; Fujian Yinchen Investment Co Ltd [1.9%]; Fenghe Investment (Fujian) Co Ltd [1.7%]; Fujian Jingyuan Investment Co Ltd [1.7%]; Fujian Junao Investment Co Ltd [1.7%]; Fujian Yongxinqi Investment Co Ltd [1.7%]; Yuncheng Investment (Fujian) Co Ltd [1.7%]; Fujian Quanlong Investment Co Ltd [1.6%]; Fujian Shengwei Investment Co Ltd [1.6%]; Fujian Shunle Investment Co Ltd [1.5%],E100000128593 [25.5%]; E100000128082 [16.7%]; E100000128859 [14.0%]; E100000132388 [10.5%]; E100000124852 [4.3%]; E100000124853 [4.3%]; E100000124851 [3.8%]; E100000128598 [2.0%]; E100000128599 [2.0%]; E100000128595 [1.9%]; E100000128600 [1.9%]; E100000128967 [1.7%]; E100000128969 [1.7%]; E100000128968 [1.7%]; E100000124850 [1.7%]; E100000124849 [1.7%]; E100000128601 [1.6%]; E100000128602 [1.6%]; E100000124856 [1.5%],Guangdong,China,Asia Pacific,2,2023,699,operating,1650,23.39775,114.898646
P100000120396,Hezhou Xindu Sanyuan Casting Co Ltd,Hezhou Xindu Sanyuan Casting Co Ltd,E100000126302,Hezhou Xindu Sanyuan Casting Co Ltd [100.0%],E100000126302 [100.0%],Guangxi,China,Asia Pacific,9,2016,200,operating,780,23.987007,111.739775
P100000120229,Houying Group Haicheng Iron and Steel Co Ltd Datun Branch,Houying Group Haicheng Iron and Steel Co Ltd,E100000126219,Houying Group Haicheng Iron and Steel Co Ltd [100.0%],E100000126219 [100.0%],Liaoning,China,Asia Pacific,19,,1610,operating,2000,40.981855,122.948643
P100000121042,Huainan Hongtai Iron and Steel Co Ltd,Huainan Hongtai Steel Limited Liability Co,E100000127020,Huainan Hongtai Steel Limited Liability Co [100.0%],E100000127020 [100.0%],Anhui,China,Asia Pacific,24,2001,500,operating,500,32.619248,116.905869
P100000120318,Hubei Jinshenglan Metallurgical Technology Co Ltd,Hubei Jinshenglan Metallurgical Technology Co Ltd,E100000123176,natural person(s) [62.6%]; Yuncheng Investment (Fujian) Co Ltd [9.1%]; Fujian Yongxinqi Investment Co Ltd [6.8%]; Fujian Taisong Investment Co Ltd [4.9%]; Fujian Jinkun Investment Co Ltd [4.2%]; Fuzhou Deyu Investment Co Ltd [3.6%]; Fujian Qikun Investment Co Ltd [2.5%]; Fujian Hongyao Investment Co Ltd [2.4%]; Fujian Shunle Investment Co Ltd [1.9%]; unknown [1.9%],E100000123261 [62.6%]; E100000124849 [9.1%]; E100000124850 [6.8%]; E100000124851 [4.9%]; E100000124852 [4.2%]; E100000124853 [3.6%]; E100000124854 [2.5%]; E100000124855 [2.4%]; E100000124856 [1.9%]; E100000132388 [1.9%],Hubei,China,Asia Pacific,9,2016,3712,operating,3250,29.916729,113.822921
P100000121070,Hubei Lijin Steel Group Co Ltd,Hubei Lijin Steel Group Co Ltd,E100000126786,Hubei Lijin Steel Group Co Ltd [100.0%],E100000126786 [100.0%],Hubei,China,Asia Pacific,23,2002,203,operating,2000,32.127263,112.715688
P100000120343,Hubei Shunle Steel Co Ltd plant,Hubei Shunle Iron and Steel Co Ltd,E100000127111,Hubei Jinshenglan Metallurgical Technology Co Ltd [62.6%]; Yuncheng Investment (Fujian) Co Ltd [9.1%]; Fujian Yongxinqi Investment Co Ltd [6.8%]; Fujian Taisong Investment Co Ltd [4.9%]; Fujian Jinkun Investment Co Ltd [4.2%]; Fuzhou Deyu Investment Co Ltd [3.6%]; Fujian Qikun Investment Co Ltd [2.5%]; Fujian Hongyao Investment Co Ltd [2.4%]; Fujian Shunle Investment Co Ltd [1.9%]; unknown [1.9%],E100000123176 [62.6%]; E100000124849 [9.1%]; E100000124850 [6.8%]; E100000124851 [4.9%]; E100000124852 [4.2%]; E100000124853 [3.6%]; E100000124854 [2.5%]; E100000124855 [2.4%]; E100000124856 [1.9%]; E100000132388 [1.9%],Hubei,China,Asia Pacific,2,2023,776,operating,2000,29.925026,113.826118
P100000120179,Hunan Valin Lianyuan Iron and Steel Co Ltd,Hunan Valin Lianyuan Iron and Steel Co Ltd,E100000123177,Hunan Valin Steel Co Ltd [100.0%],E100000124129 [100.0%],Hunan,China,Asia Pacific,67,1958,10970,operating,7950,27.747782,111.967343
P100000120178,Hunan Valin Xiangtan Iron and Steel Co Ltd,Hunan Valin Lianyuan Iron and Steel Co Ltd,E100000123177,Hunan Valin Steel Co Ltd [100.0%],E100000124129 [100.0%],Hunan,China,Asia Pacific,67,1958,9432,operating,7250,27.81413,112.897377
P100000120182,Inner Mongolia BaoTou Steel Union Co Ltd,Inner Mongolia BaoTou Steel Union Co Ltd,E100000126357,Inner Mongolia BaoTou Steel Union Co Ltd [100.0%],E100000126357 [100.0%],Inner Mongolia,China,Asia Pacific,26,,25519,operating,15610,40.647997,109.740898
P100000120185,Inner Mongolia Desheng Metal Products Co Ltd,Inner Mongolia Desheng Metal Products Co Ltd,E100000126297,Inner Mongolia Desheng Industrial Group Co Ltd [57.2%]; natural person(s) [42.8%],E100000126736 [57.2%]; E100000123261 [42.8%],Inner Mongolia,China,Asia Pacific,14,,1128,operating,1350,39.867015,106.890377
P100000120187,Inner Mongolia Yaxin Longshun Special Steel Co Ltd,Inner Mongolia Yaxinlongshun Special Steel Co Ltd,E100000123178,Inner Mongolia Yaxinlongshun Special Steel Co Ltd [100.0%],E100000123178 [100.0%],Inner Mongolia,China,Asia Pacific,20,,2128,operating,2000,40.689778,110.214707
P100000120418,Jianglong Acheng Iron and Steel Co Ltd,Jianglong Acheng Iron & Steel Co Ltd,E100000126895,Beijing Jianlong Investment Co Ltd [87.6%]; unknown [12.4%],E100000000155 [87.6%]; E100000132388 [12.4%],Heilongjiang,China,Asia Pacific,24,2001,2354,operating,1600,45.562002,126.968128
P100000120196,Jiangsu Binxin Steel Group Co Ltd,Jiangsu Province Binxin Steel Group Co Ltd,E100000123179,Lianyungang Ganyu Zhongcheng Investment Co Ltd [87.4%]; natural person(s) [12.6%],E100000124040 [87.4%]; E100000123261 [12.6%],Jiangsu,China,Asia Pacific,18,,3921,operating,2250,35.09556,119.279989
P100000120199,Jiangsu Changqiang Iron and Steel Co Ltd,Jiangsu Changqiang Iron & Steel Co Ltd,E100000126228,Jiangyin Changqi Investment Partnership LP [65.0%]; Changhong International Investment Co Ltd [25.0%]; Jiangyin Changjiang Village Federation of Trade Unions [9.5%]; Jiangsu New Yangtze Industrial Group Co Ltd [0.5%],E100000128045 [65.0%]; E100000130605 [25.0%]; E100000130289 [9.5%]; E100000128046 [0.5%],Jiangsu,China,Asia Pacific,22,,2217,operating,2000,31.952064,120.189749
P100000120349,Jiangsu Delong Nickel Industry Co Ltd,Jiangsu Delong Nickel Industry Co Ltd,E100000126498,Jiangsu Delong Nickel Industry Co Ltd [100.0%],E100000126498 [100.0%],Jiangsu,China,Asia Pacific,15,,3635,operating,1350,34.443469,119.816574
P100000120386,Jiangsu Hongtai Iron and Steel Co Ltd,Jiangsu HONGTAI Metals Ware Co Ltd,E100000127063,Jiangsu HONGTAI Metals Ware Co Ltd [100.0%],E100000127063 [100.0%],Jiangsu,China,Asia Pacific,25,,699,operating,1576,32.138393,119.554693
P100000120189,Jiangsu Shagang Group Huaigang Special Steel Co Ltd,Jiangsu Shagang Group Huaigang SPECIAL Steel Co Ltd,E100000124018,Jiangsu Shagang Co Ltd [63.8%]; Hengde International Co Ltd [13.6%]; Jiangsu Shagang Group Co Ltd [10.6%]; unknown [6.2%]; Zhangjiagang Free Trade Zone Runyuan Stainless Steel Trade Co Ltd [3.2%]; Ningbo Meishan Free Trade Port Jincheng Shazhou Equity Investment Co Ltd [2.6%],E100000124726 [63.8%]; E100000125940 [13.6%]; E100000122410 [10.6%]; E100000132388 [6.2%]; E100000124037 [3.2%]; E100000124038 [2.6%],Jiangsu,China,Asia Pacific,55,1970,3836,operating,2714,33.566039,118.988442
P100000120198,Jiangsu Xugang Iron and Steel Group Co Ltd,Jiangsu Xusteel Group Co Ltd,E100000126140,Jiangsu Xusteel Group Co Ltd [100.0%],E100000126140 [100.0%],Jiangsu,China,Asia Pacific,22,,3062,operating,3050,34.577016,117.339638
P100000121050,Jiangxi Taixin Iron and Steel Co Ltd,Jiangxi Taixin Iron & Steel Co Ltd,E100000127119,Jiangxi Taixin Iron & Steel Co Ltd [100.0%],E100000127119 [100.0%],Jiangxi,China,Asia Pacific,22,,480,operating,1000,28.60445,118.163615
P100000120205,Jiangyin Huaxi Iron and Steel Co Ltd,Jiangyin Huaxi Steel Co Ltd,E100000126810,Wuxi Zhongbang Equity Investment Partnership LP [77.8%]; Jiangsu Huaxi Group Co Ltd [22.2%],E100000128531 [77.8%]; E100000128532 [22.2%],Jiangsu,China,Asia Pacific,23,,1356,operating,1500,31.816482,120.424347
P100000120347,Jiangyin Xicheng Steel Co Ltd,Jiangyin Xicheng Steel Co Ltd,E100000126191,Jiangsu Xicheng Sanlian Holding Group Co Ltd [100.0%],E100000128049 [100.0%],Jiangsu,China,Asia Pacific,28,,641,operating,720,31.892299,120.198394
P100000120191,Jiangyin Xingcheng Special Steel Works Co Ltd,Jiangyin Xingcheng SPECIAL Steel Works Co Ltd,E100000126701,Citic Pacific Special Steel Group Co Ltd [100.0%],E100000128047 [100.0%],Jiangsu,China,Asia Pacific,32,1993,7192,operating,5900,31.950191,120.328449
P100000120159,Jianlong Beiman Special Steel Co Ltd,Jianlong Beiman SPECIAL Steel Co Ltd,E100000126721,Beijing Jianlong Investment Co Ltd [81.3%]; unknown [12.9%]; Shengjing Bank Co Ltd [2.6%]; China Bohai Bank Co Ltd [1.3%]; Liaoshen Bank Co Ltd [0.4%]; Hua Xia Bank Co Ltd [0.4%]; China Merchants Bank Co Ltd [0.4%]; SDIC Capital Co Ltd [0.3%]; Everbright Financial Investment Co Ltd [0.2%]; Everbright Securities Co Ltd [0.1%]; Jingmen City Construction Investment Holding Group Co Ltd [0.0%]; Beijing Jiatai Hengye Investment Co Ltd [0.0%]; Jiangsu Yueda Group Co Ltd [0.0%]; Xinzheng TEDA Investment Co Ltd [0.0%]; Credit Suisse AG [0.0%]; Beijing Hongliheng Consulting Co Ltd [0.0%]; China Development Bank Corp [0.0%]; Hongtai Hengye Investment Co Ltd [0.0%]; Beijing Dongrunjuxiangshuwu Co Ltd [0.0%]; Guardian Investment HOLDINGS Co Ltd [0.0%]; Jiangsu Xinhong Investment Partnership LP [0.0%]; Yongjin Industry (Group) Co Ltd [0.0%]; Jiangsu Century New Town Investment Holding Group Co Ltd [0.0%]; Beijing Wudou Trading Co Ltd [0.0%]; Yunnan State Owned Financial Capital Holding Group Co Ltd [0.0%]; Shanghai Nanometer Venture Investment Co Ltd [0.0%]; Wuhan Huabing Real Estate Co Ltd [0.0%]; Beijing Zhijin Technology Investment Co Ltd [0.0%]; Beijing Tiandi Runda Advertising Co Ltd [0.0%]; Boao Investment Co Ltd [0.0%]; Wuhan Jiaxinghe Real Estate Co Ltd [0.0%]; Wuhan Xindi Chuangjia Decoration Engineering Co Ltd [0.0%]; Shenzhen Hehao Investment Co Ltd [0.0%],E100000000155 [81.3%]; E100000132388 [12.9%]; E100000128856 [2.6%]; E100000128854 [1.3%]; E100000128865 [0.4%]; E100000124791 [0.4%]; E100000125400 [0.4%]; E100000128914 [0.3%]; E100000130450 [0.2%]; E100000128906 [0.1%]; E100000128975 [0.0%]; E100000129039 [0.0%]; E100000124399 [0.0%]; E100000130613 [0.0%]; E100001010237 [0.0%]; E100000129026 [0.0%]; E100001001051 [0.0%]; E100000130527 [0.0%]; E100000129097 [0.0%]; E100000128949 [0.0%]; E100000129076 [0.0%]; E100000129020 [0.0%]; E100000129077 [0.0%]; E100000129040 [0.0%]; E100000129019 [0.0%]; E100000129021 [0.0%]; E100000129162 [0.0%]; E100000129022 [0.0%]; E100000129027 [0.0%]; E100000130617 [0.0%]; E100000129164 [0.0%]; E100000129163 [0.0%]; E100000129125 [0.0%],Heilongjiang,China,Asia Pacific,68,1957,3728,operating,2570,47.191285,123.616512
P100000120158,Jianlong Xilin Iron and Steel Co Ltd,Jianlong Xilin Iron and Steel Co Ltd,E100000127058,Beijing Jianlong Investment Co Ltd [87.6%]; unknown [12.4%],E100000000155 [87.6%]; E100000132388 [12.4%],Heilongjiang,China,Asia Pacific,59,1966,4789,operating,4200,47.495036,129.287919
P100000120215,Jilin Jianlong Steel Co Ltd,Jilin Jianlong Steel Co Ltd,E100000125308,Beijing Jianlong Investment Co Ltd [90.2%]; unknown [9.8%],E100000000155 [90.2%]; E100000132388 [9.8%],Jilin,China,Asia Pacific,24,,4253,operating,2700,44.011951,126.537086
P100000120218,Jilin Jingang Iron and Steel Co Ltd,Jilin Jingang Lron and Steel Co Ltd,E100000127125,Jilin Jingang Lron and Steel Co Ltd [100.0%],E100000127125 [100.0%],Jilin,China,Asia Pacific,46,1979,2025,operating,1500,43.20023,124.335697
P100000120217,Jilin Xinda Iron and Steel Co Ltd,JiLin Province Xinda Steel Co Ltd,E100000123181,Hengjin Huitong Asset Management (Beijing) Co Ltd [60.0%]; natural person(s) [18.7%]; Jilin Tianpeng Industrial Co Ltd [17.2%]; unknown [4.1%],E100000123534 [60.0%]; E100000123261 [18.7%]; E100000123535 [17.2%]; E100000132388 [4.1%],Jilin,China,Asia Pacific,18,,2300,operating,1350,42.3249,125.246892
P100000120373,Jinan Iron and Steel Group Co Ltd,Jinan Iron & Steel Group Co Ltd,E100000126505,Jinan Iron & Steel Group Co Ltd [100.0%],E100000126505 [100.0%],Hebei,China,Asia Pacific,3,2022,1379,operating,2700,36.718952,114.111677
P100000120273,Jincheng Fusheng Iron and Steel Co Ltd,Jincheng FUSHENG Iron & Steel Co Ltd,E100000127056,Shanxi Jincheng Steel Holdings Group Co Ltd [60.0%]; natural person(s) [40.0%],E100000123830 [60.0%]; E100000123261 [40.0%],Shanxi,China,Asia Pacific,23,,,operating,4600,35.662985,112.882395
P100000120132,Jinding Heavy Industry Co Ltd,Jinding Heavy Industries Co Ltd,E100000126942,CSCEC Rongdong Investment Holding Co Ltd [90.0%]; Fang TongZhou Holding Co Ltd [8.0%]; unknown [2.0%],E100000128793 [90.0%]; E100000128301 [8.0%]; E100000132388 [2.0%],Hebei,China,Asia Pacific,30,1995,3151,operating,3000,36.718952,114.111677
P100000120120,Jingye Iron and Steel Co Ltd,Jingye Iron and Steel Co Ltd,E100000126115,Jingye Group Co Ltd [100.0%],E100000124668 [100.0%],Hebei,China,Asia Pacific,29,1996,9685,operating,6400,38.391372,114.139998
P100000120175,Jingzhou Qunli Metal Products Co Ltd,Jingzhou Qunli Metal Products Co Ltd,E100000127098,Jingzhou Chuhang Special Steel Products Co Ltd [30.0%]; Jingzhou Daren Metal Products Co Ltd [30.0%]; Jingzhou Youyuan Metal Products Co Ltd [30.0%]; natural person(s) [5.2%]; unknown [4.8%],E100000128128 [30.0%]; E100000128129 [30.0%]; E100000128130 [30.0%]; E100000123261 [5.2%]; E100000132388 [4.8%],Hubei,China,Asia Pacific,26,1999,580,operating,1000,30.3505,112.353782
P100000120276,Jinye Iron and Steel Group Co Ltd,Jinye Steel Group Co Ltd,E100000126800,Jinye Steel Group Co Ltd [100.0%],E100000126800 [100.0%],Shanxi,China,Asia Pacific,22,,215,operating,950,36.148131,113.209523
P100000120083,Jiugang Group Yuzhong Iron and Steel Co Ltd,Jiugang Group Yuzhong Iron & Steel Co Ltd,E100000126330,Gansu Jiu Steel Group Hongxing Iron and Steel Co Ltd [100.0%],E100000127239 [100.0%],Gansu,China,Asia Pacific,22,2003,2097,operating,4000,36.033646,104.035535
P100000120213,Jiujiang Pinggang Iron and Steel Co Ltd,JiuJiang PXSteel Co Ltd,E100000123182,Beijing Fangda International Industrial Investment Group Co Ltd [60.9%]; unknown [21.5%]; Jiangxi Pxsteel Industrial Co Ltd [10.3%]; Gongqingcheng Huaershun Investment Center LP [7.3%],E100000128862 [60.9%]; E100000132388 [21.5%]; E100000123335 [10.3%]; E100000124737 [7.3%],Jiangxi,China,Asia Pacific,14,,6045,operating,4700,29.778431,116.27527
P100000120254,Laiwu Iron and Steel Group Yinshan Section Steel Co Ltd,Laiwu Steel Yinshan Section Co Ltd,E100000126374,Shandong Iron and Steel Group Co Ltd [70.0%]; Shandong Guohui Investment Co Ltd [20.0%]; Shandong Caixin Asset Operation Co Ltd [10.0%],E100000124598 [70.0%]; E100000124585 [20.0%]; E100000124453 [10.0%],Shandong,China,Asia Pacific,22,,4449,operating,5001,36.106143,117.820108
P100000120344,Lanxin Steel Group Co Ltd plant,Gaolan County Lanxin Steel Co Ltd,E100000126506,Gaolan County Lanxin Steel Co Ltd [100.0%],E100000126506 [100.0%],Gansu,China,Asia Pacific,24,2001,2584,operating,1100,36.488866,103.922
P100000120181,Lengshuijiang Steel Co Ltd,Lengshuijiang Iron and Steel Co Ltd,E100000126341,Lengshuijiang Xingbo Enterprise Management Co Ltd [49.6%]; unknown [28.6%]; Shanghai Baoke Enterprise Development Co Ltd [15.0%]; Shanghai Zhenchang Metal Resources Group Co Ltd [5.4%]; Shanghai Zhenchang Waste and Scrap Metal Recycling Co Ltd [1.4%],E100000128565 [49.6%]; E100000132388 [28.6%]; E100000127514 [15.0%]; E100000128282 [5.4%]; E100000127515 [1.4%],Hunan,China,Asia Pacific,67,1958,3059,operating,3000,27.690401,111.437288
P100000120192,Lianfeng Steel Zhangjiagang Co Ltd,Lianfeng Steel (Zhangjiagang) Co Ltd,E100000126766,"Sirida (Hong Kong) Group Co Ltd [42.7%]; Zhangjiagang Yongrun Investment Development Co Ltd [18.5%]; Suzhou Yongyuan Holding Co Ltd [14.5%]; Yonglian Village Stock Economic Cooperative, Nanfeng Town, Zhangjiagang City [9.3%]; unknown [4.3%]; Hengde International Co Ltd [3.4%]; Zhangjiagang Yongfeng Investment Development Co Ltd [3.2%]; Jiangsu Shagang Group Co Ltd [2.7%]; Zhangjiagang Free Trade Zone Runyuan Stainless Steel Trade Co Ltd [0.8%]; Ningbo Meishan Free Trade Port Jincheng Shazhou Equity Investment Co Ltd [0.6%]",E100000130645 [42.7%]; E100000128818 [18.5%]; E100000128947 [14.5%]; E100000130337 [9.3%]; E100000132388 [4.3%]; E100000125940 [3.4%]; E100000128820 [3.2%]; E100000122410 [2.7%]; E100000124037 [0.8%]; E100000124038 [0.6%],Jiangsu,China,Asia Pacific,23,,4746,operating,6720,31.855205,120.730505
P100000121078,Lianyungang Huale Alloy Group Co Ltd,Lianyungang Huale Alloy Group Co Ltd,E100000127135,Lianyungang Huale Alloy Group Co Ltd [100.0%],E100000127135 [100.0%],Jiangsu,China,Asia Pacific,16,,214,operating,621,34.607964,119.447626
P100000120197,Lianyungang Xingxin Iron and Steel Co Ltd,Lianyungang Xingxin Iron and Steel Co Ltd,E100000123183,Lianyungang Xingxin Iron and Steel Co Ltd [100.0%],E100000123183 [100.0%],Jiangsu,China,Asia Pacific,22,,2801,operating,3000,34.38381,119.786878
P100000120348,Lianyungang Yaxin Iron and Steel Co Ltd,Lianyungang Yaxin Iron and Steel Co Ltd,E100000126647,Lianyungang Yaxin Iron and Steel Co Ltd [100.0%],E100000126647 [100.0%],Jiangsu,China,Asia Pacific,16,,3092,operating,3000,34.423786,119.778311
P100000120333,Liaoyang United Steel Co Ltd,Liaoyang United Steel Co Ltd,E100000126207,Liaoyang United Steel Co Ltd [100.0%],E100000126207 [100.0%],Liaoning,China,Asia Pacific,6,,1753,operating,2300,41.19138,122.877311
P100000121051,Liaoyang Xinyi Special Steel Co Ltd,Liaoyang Xinyi Special Steel Co Ltd,E100000126978,Liaoyang Xinyi Special Steel Co Ltd [100.0%],E100000126978 [100.0%],Liaoning,China,Asia Pacific,17,,245,operating,500,41.225003,122.970488
P100000120269,Licheng Taihang Iron and Steel Co Ltd,Licheng Taihang Iron & Steel Co Ltd,E100000126125,Licheng Taihang Iron & Steel Co Ltd [100.0%],E100000126125 [100.0%],Shanxi,China,Asia Pacific,25,,1985,operating,1700,36.472303,113.344155
P100000120225,Lingyuan Iron and Steel Co Ltd,Lingyuan Iron & Steel Co Ltd,E100000126754,Lingyuan Iron & Steel Co Ltd [100.0%],E100000126754 [100.0%],Liaoning,China,Asia Pacific,31,,6452,operating,5994,41.271048,119.41374
P100000120330,Linyi Iron and Steel Investment Group Co Ltd,Linyi Iron and Steel Investment Group Co Ltd,E100000123322,Linyi Investment Development Co Ltd [74.4%]; Gangfa International [16.7%]; Shandong Caixin Asset Operation Co Ltd [8.3%]; unknown [0.7%],E100000000234 [74.4%]; E100000125831 [16.7%]; E100000124453 [8.3%]; E100000132388 [0.7%],Shandong,China,Asia Pacific,6,,16,operating,3400,35.15735,119.133999
P100000120399,Lishui Huahong Iron and Steel Products Co Ltd,Huahong Iron and Steel Products Co Ltd,E100000127001,Huahong Iron and Steel Products Co Ltd [100.0%],E100000127001 [100.0%],Zhejiang,China,Asia Pacific,23,,181,operating,1200,28.090098,119.519509
P100000120092,Liuzhou Iron and Steel Co Ltd Liuzhou Base,Liuzhou IRON&STEEL Co Ltd,E100000123902,Liuzhou IRON&STEEL Co Ltd [100.0%],E100000123902 [100.0%],Guangxi,China,Asia Pacific,25,2000,9566,operating,9458,24.385304,109.37963
P100000120382,Liyang Baorun Steel Co Ltd,Liyang Baorun Steel Co Ltd,E100000126811,Jiangsu Delong Nickel Industry Co Ltd [100.0%],E100000126498 [100.0%],Jiangsu,China,Asia Pacific,2,2023,178,operating,2760,31.471123,119.485941
P100000120335,Luzhou Xinyang Vanadium Titanium Steel Co Ltd,Luzhou Xinyang Vanadium Titanium Steel Co Ltd,E100000126425,Luzhou Chengkun Industry Co Ltd [70.0%]; Sichuan Luzhou Jiangyang Iron and Steel Co Ltd [30.0%],E100000128540 [70.0%]; E100000128084 [30.0%],Sichuan,China,Asia Pacific,6,,32,operating,2000,28.851779,105.70509
P100000120260,Lvliang Jianlong Industrial Co Ltd,Lvliang Jianlong Industrial Co Ltd,E100000126132,China Great Wall Asset Management Co Ltd [48.0%]; Beijing Jianlong Investment Co Ltd [45.5%]; unknown [6.5%],E100000124790 [48.0%]; E100000000155 [45.5%]; E100000132388 [6.5%],Shanxi,China,Asia Pacific,40,1985,2132,operating,1400,37.47311,112.06093
P100000120069,Maanshan Iron and Steel Co Ltd,Maanshan Iron & Steel Co Ltd,E100000123737,Maanshan Iron & Steel Co Ltd [100.0%],E100000123737 [100.0%],Anhui,China,Asia Pacific,72,1953,12221,operating,15480,31.698884,118.468194
P100000120190,Nanjing Iron and Steel Co Ltd,Nanjing Iron & Steel Co Ltd,E100000123506,Nanjing Iron & Steel Co Ltd [100.0%],E100000123506 [100.0%],Jiangsu,China,Asia Pacific,67,1958,4839,operating,10000,32.200797,118.746315
P100000120165,Nanyang Hanye Special Steel Co Ltd,Nanyang Hanye SPECIAL STREET Co Ltd,E100000126908,Henan Longcheng Group Co Ltd [100.0%],E100000127544 [100.0%],Henan,China,Asia Pacific,22,2003,3375,operating,3000,33.269324,111.534635
P100000120400,Ningbo Haoyang New Materials Techonology Co Ltd,Ningbo Haoyang New MATERIALS Techonology Co Ltd,E100000126616,Ningbo Haoyang New MATERIALS Techonology Co Ltd [100.0%],E100000126616 [100.0%],Zhejiang,China,Asia Pacific,14,,400,operating,500,30.267113,121.052503
P100000120305,Ningbo Iron and Steel Co Ltd,Ningbo Iron & Steel Co Ltd,E100000126299,Hang Zhou Iron & Steel Co Ltd [100.0%],E100000127605 [100.0%],Zhejiang,China,Asia Pacific,23,,2979,operating,3999,29.918776,121.876423
P100000120232,Ningxia Iron and Steel Group Co Ltd,Ningxia Iron and Steel (Group) Co Ltd,E100000127269,Ningxia Haofeng Weiye Steel Co Ltd [79.0%]; natural person(s) [21.0%],E100000127604 [79.0%]; E100000123261 [21.0%],Ningxia,China,Asia Pacific,67,1958,944,operating,1800,37.503054,105.078348
P100000121052,Ningxia Jianlong Special Steel Co Ltd,Ningxia Jianlong Special Steel Co Ltd,E100000126270,Beijing Jianlong Investment Co Ltd [90.2%]; unknown [9.8%],E100000000155 [90.2%]; E100000132388 [9.8%],Ningxia,China,Asia Pacific,13,,2249,operating,3500,39.215452,106.688294
P100000121080,Pangang Group Jiangyou Changcheng Special Steel Co Ltd,Pan Gang Group Sichuan Changcheng Special Steel Co Ltd,E100000126790,Ansteel Group Co Ltd [100.0%],E100000124667 [100.0%],Sichuan,China,Asia Pacific,36,,2950,operating,669,31.763517,104.761441
P100000120277,Pangang Group Panzhihua Steel Vanadium Co Ltd,Panzhihua Steel Group Panzhihua Steel Vanadium Co Ltd,E100000123187,Ansteel Group Co Ltd [100.0%],E100000124667 [100.0%],Sichuan,China,Asia Pacific,60,1965,8939,operating,5900,26.565265,101.673737
P100000120278,Pangang Group Xichang Steel and Vanadium Co Ltd,Pangang Group Xichang Steel and Vanadium Co Ltd,E100000126957,Ansteel Group Co Ltd [100.0%],E100000124667 [100.0%],Sichuan,China,Asia Pacific,14,,2624,operating,3900,27.74799,102.20517
P100000120387,Panshi Jianlong Iron and Steel Co Ltd,Jilinheng Precision Casting Technology Co Ltd,E100000125133,Beijing Jianlong Investment Co Ltd [90.2%]; unknown [9.8%],E100000000155 [90.2%]; E100000132388 [9.8%],Jilin,China,Asia Pacific,16,,2090,operating,1100,43.196537,126.00063
P100000120212,Pingxiang Pinggang Anyuan Iron and Steel Co Ltd,Anyuan Iron & Steel Co Ltd,E100000127352,Beijing Fangda International Industrial Investment Group Co Ltd [60.9%]; unknown [21.5%]; Jiangxi Pxsteel Industrial Co Ltd [10.3%]; Gongqingcheng Huaershun Investment Center LP [7.3%],E100000128862 [60.9%]; E100000132388 [21.5%]; E100000123335 [10.3%]; E100000124737 [7.3%],Jiangxi,China,Asia Pacific,71,1954,7234,operating,2650,27.64555,113.902126
P100000120206,Posco Zhangjiagang Stainless Steel Co Ltd,Posco (Zhangjiagang) Stainless Steel Co Ltd,E100001010128,POSCO Holdings Inc [82.5%]; Hengde International Co Ltd [6.6%]; Jiangsu Shagang Group Co Ltd [5.1%]; unknown [3.0%]; Zhangjiagang Free Trade Zone Runyuan Stainless Steel Trade Co Ltd [1.5%]; Ningbo Meishan Free Trade Port Jincheng Shazhou Equity Investment Co Ltd [1.2%],E100000000953 [82.5%]; E100000125940 [6.6%]; E100000122410 [5.1%]; E100000132388 [3.0%]; E100000124037 [1.5%]; E100000124038 [1.2%],Jiangsu,China,Asia Pacific,30,,1794,operating,1100,31.980237,120.571455
P100000120110,Qian an Jiujiang Wire Co Ltd,Qian'an City Jiujiang Wire Co Ltd,E100000123190,Qian'an City Jiujiang Wire Co Ltd [100.0%],E100000123190 [100.0%],Hebei,China,Asia Pacific,23,2002,13145,operating,5729,39.952209,118.559444
P100000120100,Qian an Zhayi Steel Group Co Ltd,Qian'an Zhayi Steel Group Co Ltd,E100001010697,Qian'an Zhayi Steel Group Co Ltd [100.0%],E100001010697 [100.0%],Hebei,China,Asia Pacific,21,2004,16,operating,1500,40.044026,118.552001
P100000120239,Qingdao Special Iron and Steel Co Ltd,Qingdao Special Iron and Steel Co Ltd,E100000127314,Citic Pacific Special Steel Group Co Ltd [100.0%],E100000128047 [100.0%],Shandong,China,Asia Pacific,12,2013,4660,operating,2950,35.6296,119.722335
P100000120372,Qinhuangdao Baigong Steel Co Ltd,Qinhuangdao Baigong Steel Co Ltd,E100000126741,Tangshan Universal Industrial Development Co Ltd [100.0%],E100000128122 [100.0%],Hebei,China,Asia Pacific,19,2006,2680,operating,2260,39.748773,118.819472
P100000120152,Qinhuangdao Hongxing Iron and Steel Co Ltd,Qinhuangdao Hongxing Iron & Steel Co Ltd,E100000126509,Qinhuangdao Hongxing Iron & Steel Co Ltd [100.0%],E100000126509 [100.0%],Hebei,China,Asia Pacific,23,2002,4000,operating,3450,39.700721,118.871477
P100000120240,Rizhao Steel Holding Group Co Ltd,Rizhao Steel Holding Group Co Ltd,E100000123983,Jinghua Rigang Holding Group Co Ltd [98.8%]; unknown [1.2%],E100000124688 [98.8%]; E100000132388 [1.2%],Shandong,China,Asia Pacific,22,,5973,operating,11300,35.16535,119.366672
P100000120222,Rizhao Steel Yingkou Medium Plate Co Ltd,Rizhao Steel Yingkou Medium Plate Co Ltd,E100000126377,Jinghua Rigang Holding Group Co Ltd [98.8%]; unknown [1.2%],E100000124688 [98.8%]; E100000132388 [1.2%],Liaoning,China,Asia Pacific,23,,507,operating,5500,40.671136,122.395441
P100000120076,Sansteel Minguang Co Ltd Fujian plant,Sansteel Minguang Co Ltd Fujian,E100000123167,Fujian Metallurgical Holding Co Ltd [53.4%]; unknown [46.6%],E100000124862 [53.4%]; E100000132388 [46.6%],Fujian,China,Asia Pacific,24,2001,7421,operating,6799,26.261109,117.614709
P100000120084,SGIS Songshan Co Ltd,SGIS Songshan Co Ltd,E100001010583,SGIS Songshan Co Ltd [100.0%],E100001010583 [100.0%],Guangdong,China,Asia Pacific,28,1997,5503,operating,8698,24.708232,113.635898
P100000121056,Shaanxi Hanzhong Iron & Steel Group Company,Shaanxi Hanzhong Iron & Steel Group Co,E100000127041,Shaanxi Hanzhong Iron & Steel Group Co [100.0%],E100000127041 [100.0%],Shaanxi,China,Asia Pacific,25,,3019,operating,700,33.132446,106.657646
P100000120237,Shaanxi Huaxin Special Steel Group Co Ltd,Shaanxi Huaxin Special Steel Group Co Ltd,E100000126275,Shaanxi Huaxin Special Steel Group Co Ltd [100.0%],E100000126275 [100.0%],Shaanxi,China,Asia Pacific,24,,91,operating,600,34.523278,109.986042
P100000120234,Shaanxi Longmen Steel Co Ltd,Shaanxi LONG MEN IRON&STEEL Co Ltd,E100000123194,Shaanxi Coal and Chemical Industry Co Ltd [95.9%]; unknown [4.1%],E100001000403 [95.9%]; E100000132388 [4.1%],Shaanxi,China,Asia Pacific,18,,9947,operating,3800,35.618466,110.575788
P100000120236,Shaanxi Lueyang Iron and Steel Co Ltd,Shaanxi Lueyang Iron and Steel Co Ltd,E100000126391,Shanghai Lingtuo Enterprise Management Center LP [52.1%]; Hanzhong Investment Holding Group Co Ltd [18.6%]; DongLing Group Incorporated Co [17.6%]; Lueyang County Economic and Trade Bureau [11.1%]; unknown [0.5%],E100000128286 [52.1%]; E100000124716 [18.6%]; E100000128251 [17.6%]; E100000130261 [11.1%]; E100000132388 [0.5%],Shaanxi,China,Asia Pacific,22,,1859,operating,1350,33.323678,106.167206
P100000120235,Shaanxi Steel Group Hanzhong Iron and Steel Co Ltd,Shangang Group Hanzhong Iron & Steel Co Ltd,E100000123197,Shaanxi Coal and Chemical Industry Co Ltd [85.8%]; Hanzhong Investment Holding Group Co Ltd [8.9%]; unknown [5.3%],E100001000403 [85.8%]; E100000124716 [8.9%]; E100000132388 [5.3%],Shaanxi,China,Asia Pacific,16,,3560,operating,3000,33.133192,106.671859
P100000120162,Shagang Group Anyang Yongxing Special Steel Co Ltd,Shagang Group Anyang Yongxing Iron & Steel Co Ltd,E100000126826,Hengde International Co Ltd [27.4%]; Jiangsu Shagang Group Co Ltd [21.3%]; Zhangjiagang Free Trade Zone Rongrun Trade Co Ltd [16.8%]; unknown [12.4%]; Zhangjiagang Free Trade Zone Qianxing Investment Trade Co Ltd [10.5%]; Zhangjiagang Free Trade Zone Runyuan Stainless Steel Trade Co Ltd [6.4%]; Ningbo Meishan Free Trade Port Jincheng Shazhou Equity Investment Co Ltd [5.2%],E100000125940 [27.4%]; E100000122410 [21.3%]; E100000128493 [16.8%]; E100000132388 [12.4%]; E100000128710 [10.5%]; E100000124037 [6.4%]; E100000124038 [5.2%],Henan,China,Asia Pacific,32,1993,2020,operating,2600,36.143573,114.149964
P100000120249,Shandong Fulun Iron and Steel Co Ltd,Fulun Iron & Steel Co Ltd,E100000126317,Shandong Xiangxin Investment Holding Co Ltd [93.3%]; unknown [6.7%],E100000128405 [93.3%]; E100000132388 [6.7%],Shandong,China,Asia Pacific,22,,3095,operating,2700,36.308447,117.540425
P100000121150,Shandong Iron and Steel Co Ltd Laiwu Branch Aishan Street,Shandong Iron and Steel Co Ltd,E100000126101,Shandong Iron and Steel Co Ltd [100.0%],E100000126101 [100.0%],Shandong,China,Asia Pacific,4,2021,14822,operating,3850,36.087717,117.827927
P100000120312,Shandong Iron and Steel Group Rizhao Co Ltd,Shandong IRON&STEEL Group Rizhao Co Ltd,E100000126308,Shandong Iron and Steel Co Ltd [50.6%]; Shandong Iron and Steel Group Co Ltd [34.0%]; Shandong Guohui Investment Co Ltd [9.7%]; Shandong Caixin Asset Operation Co Ltd [4.9%]; unknown [0.8%],E100000126101 [50.6%]; E100000124598 [34.0%]; E100000124585 [9.7%]; E100000124453 [4.9%]; E100000132388 [0.8%],Shandong,China,Asia Pacific,17,,5696,operating,8500,35.188969,119.383723
P100000120414,Shandong Iron and Steel Group Yongfeng Lingang Co Ltd,Shandong Iron & Steel Group Yongfeng Lingang Corp,E100000123195,Qihe Zhongxin Investment Co Ltd [47.2%]; Shandong Iron and Steel Group Co Ltd [28.4%]; Yongfeng Group Co Ltd [12.2%]; Shandong Guohui Investment Co Ltd [8.1%]; Shandong Caixin Asset Operation Co Ltd [4.1%],E100000124596 [47.2%]; E100000124598 [28.4%]; E100000124595 [12.2%]; E100000124585 [8.1%]; E100000124453 [4.1%],Shandong,China,Asia Pacific,4,,1341,operating,5400,35.137061,119.068319
P100000120248,Shandong Luli Steel Co Ltd,Shandong Luli Steel Co Ltd,E100000126856,Luli Group Co Ltd [49.0%]; unknown [39.6%]; natural person(s) [11.4%],E100000127670 [49.0%]; E100000132388 [39.6%]; E100000123261 [11.4%],Shandong,China,Asia Pacific,32,1993,2369,operating,1400,36.970875,118.955444
P100000120247,Shandong Shouguang Juneng Special Steel Co Ltd,Shandong Shouguang Juneng SPECIAL Steel Co Ltd,E100000127078,natural person(s) [44.4%]; unknown [15.3%]; Shouguang Zhirun Investment Co Ltd [13.4%]; Shouguang Shengda Investment Co Ltd [10.4%]; Shouguang Shanyue Qingfeng Economic and Trade Co Ltd [8.3%]; Shouguang Zhitao Trading Co Ltd [3.2%]; Shouguang Xingchen Dahai Trading Co Ltd [2.5%]; Shouguang Yunxin Economic and Trade Co Ltd [2.5%],E100000123261 [44.4%]; E100000132388 [15.3%]; E100000127633 [13.4%]; E100000127634 [10.4%]; E100000128411 [8.3%]; E100000128412 [3.2%]; E100000128414 [2.5%]; E100000128413 [2.5%],Shandong,China,Asia Pacific,23,,2953,operating,2850,36.939125,118.785598
P100000120210,Shanghai Meishan Iron and Steel Co Ltd,Shanghai Meishan Iron & Steel Co Ltd,E100000122373,Baoshan Iron & Steel Co Ltd [77.0%]; China Development Bank Corp [9.1%]; The China Orient Asset Management Co Ltd [7.0%]; Nanjing State-Owned Assets Investment & Management Holding (Group) Co Ltd [6.8%],E100000122571 [77.0%]; E100001001051 [9.1%]; E100000123243 [7.0%]; E100000000238 [6.8%],Jiangsu,China,Asia Pacific,56,1969,5051,operating,7600,31.902969,118.61667
P100000120268,Shanxi Gaoyi Steel Co Ltd,Shanxi Gaoyi Steel Co Ltd,E100000123199,Shanxi Gaoyi Steel Co Ltd [100.0%],E100000123199 [100.0%],Shanxi,China,Asia Pacific,28,1997,38876,operating,2700,35.586841,111.258436
P100000120266,Shanxi Hongda Iron and Steel Group Co Ltd,Shanxi HONGDA Iron and Steel Group Co Ltd,E100000123200,Shanxi HONGDA Iron and Steel Group Co Ltd [100.0%],E100000123200 [100.0%],Shanxi,China,Asia Pacific,26,,15,operating,2300,35.701895,110.786826
P100000120406,Shanxi Huaqiang Iron and Steel Co Ltd,Shanxi HUAQIANG Iron and Steel Co Ltd,E100000126753,Shanxi HUAQIANG Iron and Steel Co Ltd [100.0%],E100000126753 [100.0%],Shanxi,China,Asia Pacific,22,,49,operating,1350,35.670848,111.378887
P100000120267,Shanxi Huaxinyuan Steel and Iron Group Co Ltd,Hejin Huaxinyuan Steel & Iron Co Ltd,E100000126638,Hejin Huaxinyuan Steel & Iron Co Ltd [100.0%],E100000126638 [100.0%],Shanxi,China,Asia Pacific,23,,716,operating,1150,35.605506,110.652056
P100000120274,Shanxi Jianlong Industrial Co Ltd,Shanxi Jianlong Industrial Co Ltd,E100000126936,Beijing Jianlong Investment Co Ltd [87.6%]; unknown [12.4%],E100000000155 [87.6%]; E100000132388 [12.4%],Shanxi,China,Asia Pacific,25,,6775,operating,4750,35.417405,111.303919
P100000120316,Shanxi Jinnan Iron and Steel Group Co Ltd,Shanxi Jinnan Iron and Steel Group Co Ltd,E100000123202,Shanxi Jinnan Holding Group Co Ltd [100.0%],E100000123828 [100.0%],Shanxi,China,Asia Pacific,12,,1010,operating,4800,35.678541,111.51465
P100000120308,Shanxi Meijin Iron and Steel Co Ltd Dongyu Town,Shanxi Meijin Iron and Steel Co Ltd,E100000126886,Meijin Energy Group Co Ltd [50.0%]; China New Energy Group Ltd [48.0%]; unknown [2.0%],E100000123821 [50.0%]; E100001010236 [48.0%]; E100000132388 [2.0%],Shanxi,China,Asia Pacific,22,,743,operating,1700,37.571354,112.229791
P100000120258,Shanxi Taigang Stainless Steel Co Ltd,Shanxi Taigang Stainless Steel Co Ltd,E100000122948,Shanxi Taigang Stainless Steel Co Ltd [100.0%],E100000122948 [100.0%],Shanxi,China,Asia Pacific,27,,17434,operating,12460,37.931488,112.539321
P100000120264,Shanxi Tongcai Industry and Trade Co Ltd,ShanXi TongCai Industry and Trade Co Ltd,E100000123203,Shanxi Jianbang Group Co Ltd [51.4%]; natural person(s) [48.6%],E100000123840 [51.4%]; E100000123261 [48.6%],Shanxi,China,Asia Pacific,23,2002,2073,operating,2780,35.694321,111.429381
P100000121087,Shanxi Tongde Xinghua Special Steel Co Ltd,Shanxi Tongde Xinghua Special Steel Co Ltd,E100000127073,Shanxi State-Owned Capital Investment and Operation Co Ltd [28.7%]; Datong Qijun Trading Co Ltd [26.0%]; Tianjin Bohai Runde Steel Group Co Ltd [25.0%]; China Cinda Asset Management Co Ltd [14.8%]; Jinneng Holding Group Co Ltd [3.2%]; unknown [2.3%],E100000001663 [28.7%]; E100000128383 [26.0%]; E100000128384 [25.0%]; E100000123329 [14.8%]; E100000001543 [3.2%]; E100000132388 [2.3%],Shanxi,China,Asia Pacific,20,,3140,operating,2500,40.183517,113.305462
P100000120261,Shanxi Xintai Iron and Steel Co Ltd,Shanxi Xintai Iron & Steel Co Ltd,E100000127010,Shanxi Antai Holding Group Co Ltd [100.0%],E100000127791 [100.0%],Shanxi,China,Asia Pacific,20,,1729,operating,3000,37.075017,111.985148
P100000120271,Shanxi Zhongsheng Iron and Steel Co Ltd,Shanxi Zhongsheng Iron and Steel Co Ltd,E100000127019,Shanxi Zhongsheng Iron and Steel Co Ltd [100.0%],E100000127019 [100.0%],Shanxi,China,Asia Pacific,19,,104,operating,1350,35.727776,111.330122
P100000120259,Shanxi Zhongyang Iron and Steel Co Ltd,Shanxi Zhongyang Iron & Steel Co Ltd,E100000122988,Shanxi Zhongyang Iron & Steel Co Ltd [100.0%],E100000122988 [100.0%],Shanxi,China,Asia Pacific,20,,7019,operating,3600,37.370796,111.161118
P100000120246,Shiheng Special Steel Group Co Ltd,Shiheng SPECIAL Steel Group Co Ltd,E100000123204,Shiheng Special Steel Holding Group Co Ltd [54.7%]; Hong Kong Wing Tai Holdings [22.0%]; unknown [15.9%]; Trade Union Committee of Shiheng Special Steel Group [7.4%],E100000124166 [54.7%]; E100000126043 [22.0%]; E100000132388 [15.9%]; E100000126042 [7.4%],Shandong,China,Asia Pacific,25,,7337,operating,4650,36.229201,116.533981
P100000120322,Shijiazhuang Iron and Steel Co Ltd Special Steel Branch,Shijiazhuang Iron and Steel Co Ltd,E100001000929,HBIS Group Co Ltd [74.7%]; HBIS International Holdings Ltd [24.9%]; unknown [0.4%],E100000124529 [74.7%]; E100000130636 [24.9%]; E100000132388 [0.4%],Hebei,China,Asia Pacific,5,2020,8216,operating,2000,38.075008,114.033043
P100000121074,Shiyan Yunyang District Rongfeng Iron and Steel Co Ltd,Yun County Rongfeng Rolling Mill Factory,E100000127356,Yun County Rongfeng Rolling Mill Factory [100.0%],E100000127356 [100.0%],Hubei,China,Asia Pacific,14,2011,196,operating,700,32.738598,110.793269
P100000120275,Shougang Changzhi Iron and Steel Co Ltd,Shougang Changzhi IRON& Steel Co Ltd,E100000127139,Beijing State-owned Capital Management Center [90.0%]; Changzhi State-owned Industry Asset Operation Co Ltd [10.0%],E100000000158 [90.0%]; E100000128277 [10.0%],Shanxi,China,Asia Pacific,29,,7130,operating,3600,36.356404,113.060809
P100000121067,Shougang Guiyang Special Steel Co Ltd,Shougang Guiyang SPECIAL Steel Co Ltd,E100000126164,Beijing State-owned Capital Management Center [70.0%]; Guizhou Qiansheng State-Owned Assets Management Co Ltd [29.7%]; unknown [0.3%],E100000000158 [70.0%]; E100000124909 [29.7%]; E100000132388 [0.3%],Guizhou,China,Asia Pacific,67,1958,1166,operating,600,26.873592,106.73215
P100000120106,Shougang Jingtang United Iron and Steel Co Ltd,Shougang Jingtang United Iron & Steel Co Ltd,E100000121927,Beijing Shougang Co Ltd [100.0%],E100000124355 [100.0%],Hebei,China,Asia Pacific,20,2005,9332,operating,13700,38.953664,118.50339
P100000120107,Shougang Qian an Iron and Steel Co Ltd,Beijing Shougang Co Ltd,E100000124355,Beijing Shougang Co Ltd [100.0%],E100000124355 [100.0%],Hebei,China,Asia Pacific,23,2002,5564,operating,6300,39.976702,118.558788
P100000120096,Shougang Shuicheng Iron and Steel Group Co Ltd,Shougang Shuicheng Iron & Steel (Group) Co Ltd,E100000128137,Beijing State-owned Capital Management Center [61.1%]; China Huarong Asset Management Co Ltd [16.2%]; China Cinda Asset Management Co Ltd [13.2%]; unknown [9.6%],E100000000158 [61.1%]; E100000123273 [16.2%]; E100000123329 [13.2%]; E100000132388 [9.6%],Guizhou,China,Asia Pacific,59,1966,6691,operating,3501,26.595229,104.877413
P100000120075,Sichuan Desheng Group Vanadium and Titanium Co Ltd,"Sichuan De Sheng Group, Vanadium and Titanium Co Ltd",E100000126458,Haojun Development Group Co Ltd [49.0%]; natural person(s) [26.8%]; Yunnan Desheng Steel Co Ltd [14.0%]; Yunnan Desheng Logistics Co Ltd [10.2%],E100000128691 [49.0%]; E100000123261 [26.8%]; E100000126976 [14.0%]; E100000127448 [10.2%],Chongqing,China,Asia Pacific,28,1997,3500,operating,3000,29.39798,103.542532
P100000120375,Sichuan Gangchen Stainless Steel Co Ltd,Sichuan Gangchen Stainless Steel Co Ltd,E100000127249,Fujian Xinsheng Investment Co Ltd [85.0%]; Pingtan Longxin Investment Co Ltd [15.0%],E100000127559 [85.0%]; E100000127560 [15.0%],Sichuan,China,Asia Pacific,6,,720,operating,600,29.501044,103.607365
P100000121058,Sichuan Shehong Chuanzhong Construction Materials Co Ltd,Sichuan Shehong Chuanzhong Construction Materials Co Ltd,E100000126282,Sichuan Shehong Chuanzhong Construction Materials Co Ltd [100.0%],E100000126282 [100.0%],Sichuan,China,Asia Pacific,25,,306,operating,550,30.830726,105.367695
P100000120320,Sichuan Shengquan Iron and Steel Group Co Ltd,Sichuan Shengquan Iron and Steel Group Co Ltd,E100000126639,Sichuan Shengquan Iron and Steel Group Co Ltd [100.0%],E100000126639 [100.0%],Sichuan,China,Asia Pacific,7,,980,operating,1500,31.255961,104.190612
P100000121059,Sichuan Yaan Anshan Iron and Steel Co Ltd,Sichuan Ya'an Anshan Iron and Steel Co Ltd,E100000126975,Sichuan Ya'an Anshan Iron and Steel Co Ltd [100.0%],E100000126975 [100.0%],Sichuan,China,Asia Pacific,4,,119,operating,830,30.059133,102.625907
P100000120146,Tangshan Donghai Iron and Steel Group Co Ltd,Tangshan Donghai Iron and Steel Group Co Ltd,E100000123219,Tangshan Donghai Iron and Steel Group Co Ltd [100.0%],E100000123219 [100.0%],Hebei,China,Asia Pacific,22,2003,4590,operating,5499,39.748373,118.624794
P100000120108,Tangshan Donghua Iron and Steel Enterprise Group Co Ltd,Tangshan Donghua Iron & Steel Enterprise Group Co Ltd,E100000123205,Tangshan Donghua Iron & Steel Enterprise Group Co Ltd [100.0%],E100000123205 [100.0%],Hebei,China,Asia Pacific,16,2009,6614,operating,3400,39.468366,118.256774
P100000120128,Tangshan Fengnan District Jing an Iron and Steel Co Ltd,Tangshan Fengnan District Jing'an Iron and Steel Co Ltd,E100001010698,Tangshan Fengnan District Jing'an Iron and Steel Co Ltd [100.0%],E100001010698 [100.0%],Hebei,China,Asia Pacific,23,2002,2837,operating,2000,39.600956,118.358726
P100000120118,Tangshan Ganglu Iron and Steel Co Ltd,Tangshan Ganglu Iron & Steel Co Ltd,E100000123206,Guotao Co Ltd (Hong Kong) [76.3%]; Yushan (Beijing) Metallurgical Investment Co Ltd [23.7%],E100000125875 [76.3%]; E100000123550 [23.7%],Hebei,China,Asia Pacific,23,2002,6186,operating,5614,40.183913,118.073913
P100000120379,Tangshan Guotang Steel Co Ltd,Tangshan Guotang Steel Co Ltd,E100000126511,Guotao Co Ltd (Hong Kong) [61.0%]; Tangshan GUOYI SPECIAL Steel Co Ltd [20.0%]; Yushan (Beijing) Metallurgical Investment Co Ltd [19.0%],E100000125875 [61.0%]; E100000126403 [20.0%]; E100000123550 [19.0%],Hebei,China,Asia Pacific,3,2022,3789,operating,3000,39.293147,119.046972
P100000120127,Tangshan Medium Thick Plate Co Ltd,Tangshan Heavy Plate Co Ltd,E100000123209,HBIS Co Ltd [51.0%]; Cambodia Rongfeng Investment Co Ltd [25.1%]; Hebei Wenfeng Industrial Group Co Ltd [23.9%],E100000123542 [51.0%]; E100000125872 [25.1%]; E100000123543 [23.9%],Hebei,China,Asia Pacific,19,2006,495,operating,4200,39.268452,119.024819
P100000120109,Tangshan Ruifeng Iron and Steel Group Co Ltd,Tangshan RUIFENG Steel and Iron (GROUP) Co Ltd,E100000123207,Tangshan RUIFENG Steel and Iron (GROUP) Co Ltd [100.0%],E100000123207 [100.0%],Hebei,China,Asia Pacific,23,2002,6700,operating,4500,39.497472,118.272056
P100000120112,Tangshan Songting Iron and Steel Co Ltd,Tangshan Songting IRON&STEEL Co Ltd,E100000126987,Tangshan Songting IRON&STEEL Co Ltd [100.0%],E100000126987 [100.0%],Hebei,China,Asia Pacific,56,1969,4348,operating,5000,39.938866,118.576678
P100000120148,Tangshan Wenfeng Special Steel Co Ltd,Tangshan Wenfeng Special Steel Co Ltd,E100000123208,Cambodia Rongfeng Investment Co Ltd [62.5%]; Hebei Wenfeng Industrial Group Co Ltd [36.4%]; unknown [1.2%],E100000125872 [62.5%]; E100000123543 [36.4%]; E100000132388 [1.2%],Hebei,China,Asia Pacific,18,,4455,operating,2000,39.146541,118.432261
P100000120140,Tangshan Xinglong Iron and Steel Co Ltd,Tangshan Xinglong Steel Co Ltd,E100000126949,Tangshan Xinglong Steel Co Ltd [100.0%],E100000126949 [100.0%],Hebei,China,Asia Pacific,24,2001,14,operating,825,39.847612,118.348448
P100000120341,Tangshan Yutian Jinzhou Industrial Co Ltd,Tangshan Yutian Jinzhou Industry Co Ltd,E100000126923,British Asia Pan Ruogen International Co Ltd [60.0%]; Tangshan Fengrun Jinruicheng Iron and Steel Co Ltd [40.0%],E100000130417 [60.0%]; E100000127556 [40.0%],Hebei,China,Asia Pacific,14,2011,1126,operating,700,39.967373,117.857659
P100000120342,Tangshan Zhengfeng Steel Co Ltd,Tangshan Zhengfeng Steel Co Ltd,E100000127360,Tangshan Zhengfeng Steel Co Ltd [100.0%],E100000127360 [100.0%],Hebei,China,Asia Pacific,21,2004,2297,operating,2439,39.85271,118.181279
P100000120281,Tianjin Iron and Steel Group Co Ltd,Tianjin Iron and Steel Group Co Ltd,E100000126395,British Asia Pan Ruogen International Co Ltd [59.2%]; unknown [40.8%],E100000130417 [59.2%]; E100000132388 [40.8%],Tianjin,China,Asia Pacific,90,1935,6581,operating,6650,39.031083,117.499246
P100000120280,Tianjin Iron Plant,Tianjin Iron PLANT Co Ltd,E100000127064,British Asia Pan Ruogen International Co Ltd [59.2%]; unknown [40.8%],E100000130417 [59.2%]; E100000132388 [40.8%],Hebei,China,Asia Pacific,56,1969,8756,operating,4870,36.58967,113.745792
P100000120284,Tianjin New Tiangang United Special Steel Co Ltd,Tianjin Tiangang UNITED SPECIAL Steel Co Ltd,E100000126913,British Asia Pan Ruogen International Co Ltd [59.2%]; unknown [40.8%],E100000130417 [59.2%]; E100000132388 [40.8%],Tianjin,China,Asia Pacific,16,,5619,operating,4500,39.300258,117.800231
P100000120282,Tianjin Pipe Corporation,Tianjin Pipe Corp,E100000127231,Citic Pacific Special Steel Group Co Ltd [51.0%]; Tianjin Ngs Hongda General Co [12.0%]; The China Orient Asset Management Co Ltd [9.6%]; Far East Horizon [8.9%]; Tianjin Jincheng State-Owned Capital Investment and Operations Co Ltd [8.6%]; Tianjin Guoxing Capital Operation Co Ltd [3.2%]; unknown [2.4%]; Tianjin Dongjiang Free Trade Port Area Management Committee [2.4%]; Tianjin Teda Investment Holdings Co Ltd [1.6%]; Tianjin Jinzhi State-owned Capital Investment and Operation Co Ltd [0.0%]; Tianjin STATE-OWNED CAPITAL Investment and Management Co Ltd [0.0%]; Tianjin Guoheng Investment Holding Co Ltd [0.0%]; Tianjin Port (Group) Co Ltd [0.0%],E100000128047 [51.0%]; E100000129042 [12.0%]; E100000123243 [9.6%]; E100000126073 [8.9%]; E100000129043 [8.6%]; E100000129105 [3.2%]; E100000132388 [2.4%]; E100000130351 [2.4%]; E100000129106 [1.6%]; E100000129189 [0.0%]; E100000000282 [0.0%]; E100000129190 [0.0%]; E100000129188 [0.0%],Tianjin,China,Asia Pacific,15,,6360,operating,3000,39.034002,117.486798
P100000120283,Tianjin Rockcheck Steel Group Co Ltd,Rockcheck Steel Group Co Ltd,E100000123193,Tianjin Rongcheng Xiangtai Investment Holdings Co Ltd [77.8%]; natural person(s) [17.9%]; unknown [4.2%],E100000123712 [77.8%]; E100000123261 [17.9%]; E100000132388 [4.2%],Tianjin,China,Asia Pacific,23,,2555,operating,3250,38.970638,117.495794
P100000120216,Tonghua Iron and Steel Co Ltd,Tonghua Iron & Steel Co Ltd,E100000126965,Beijing State-owned Capital Management Center [56.2%]; unknown [16.9%]; Industrial and Commercial Bank of China Ltd [8.3%]; China Construction Bank Corp [8.1%]; Bank of China Ltd [6.5%]; BANK of Jilin Co Ltd [0.9%]; Hana Bank Co Ltd [0.9%]; Changchun Financial Holding Group Co Ltd [0.6%]; Jilin Financial Holding Group Co Ltd [0.6%]; Jilin YATAI (GROUP) Co Ltd [0.5%]; Jilin PROVINCE Inestment Group Co Ltd [0.3%]; Changchun City Development Investment Holding (Group) Co Ltd [0.1%],E100000000158 [56.2%]; E100000132388 [16.9%]; E100000000220 [8.3%]; E100001000437 [8.1%]; E100000124428 [6.5%]; E100000128355 [0.9%]; E100000130509 [0.9%]; E100000128994 [0.6%]; E100000128732 [0.6%]; E100000128734 [0.5%]; E100000128735 [0.3%]; E100000128911 [0.1%],Jilin,China,Asia Pacific,19,,10973,operating,4590,41.779125,126.022349
P100000120072,Tongling Fuxin Iron and Steel Co Ltd,Tongling Fuxin Iron & Steel Co Ltd,E100000127154,Tongling Fuxin Iron & Steel Co Ltd [100.0%],E100000127154 [100.0%],Anhui,China,Asia Pacific,55,1970,1748,operating,1350,30.907561,117.772866
P100000120356,Tongling Xuanli Special Steel Co Ltd,Tongling City Xuanli Special Steel Co Ltd,E100000126276,Ma'anshan Jiatong Enterprise Management Partnership (General Partnership) [96.0%]; unknown [4.0%],E100000128611 [96.0%]; E100000132388 [4.0%],Anhui,China,Asia Pacific,16,2009,1403,operating,2700,31.062807,117.956015
P100000120244,Weifang Special Steel Group Co Ltd,Weifang SPECIAL Steel Group Co Ltd,E100000127319,Weiao (Shandong) Investment Co Ltd [100.0%],E100000128568 [100.0%],Shandong,China,Asia Pacific,32,,6089,operating,3000,36.644469,119.238427
P100000120297,WISCO Group Kunming Steel Co Ltd Honghe Iron and Steel Company,Honghe Iron and Steel Co Ltd,E100000126665,China Baowu Steel Group Co Ltd [48.4%]; Kunming Iron & Steel Holding Co Ltd [40.3%]; unknown [4.2%],E100001000472 [48.4%]; E100000128516 [40.3%]; E100000132388 [4.2%],Yunnan,China,Asia Pacific,22,,1859,operating,1350,23.470733,103.272784
P100000120299,WISCO Group Kunming Steel Co Ltd New District Branch,WISCO Group Kunming Steel Co Ltd,E100001012225,WISCO Group Kunming Steel Co Ltd [100.0%],E100001012225 [100.0%],Yunnan,China,Asia Pacific,13,,2228,operating,1350,24.953261,102.378082
P100000120357,Wugang Zhongjia Iron and Steel Co Ltd,Wugang Zhongjia Iron & Steel Co Ltd,E100000126733,Henan Wugang Huayu Materials Co Ltd [75.0%]; Hongxing (Hong Kong) Co Ltd [25.0%],E100000128126 [75.0%]; E100000130646 [25.0%],Henan,China,Asia Pacific,23,2002,830,operating,1350,33.29175,113.458011
P100000120340,Wuhai Baogang Wanteng Iron and Steel Co Ltd,Wuhai Baogang Wanteng Iron and Steel Co Ltd,E100000127162,Beijing Jianlong Investment Co Ltd [59.2%]; Inner Mongolia Yellow River Energy Technology Group Co Ltd [32.8%]; unknown [8.1%],E100000000155 [59.2%]; E100000127439 [32.8%]; E100000132388 [8.1%],Inner Mongolia,China,Asia Pacific,14,2011,2543,operating,2000,39.855971,106.886647
P100000120171,Wuhan Iron and Steel Co Ltd,Wuhan Iron and Steel Co Ltd,E100000123212,Baoshan Iron & Steel Co Ltd [100.0%],E100000122571 [100.0%],Hubei,China,Asia Pacific,67,,18000,operating,15907,30.616222,114.444975
P100000120174,Wuhan Shunle Stainless Steel Co Ltd,Wuhan Shunle Stainless Steel Co Ltd,E100000126469,natural person(s) [83.0%]; Hubei Jinshenglan Investment Group Co Ltd [17.0%],E100000123261 [83.0%]; E100000128040 [17.0%],Hubei,China,Asia Pacific,31,1994,21,operating,2000,30.394434,114.257701
P100000120073,Wuhu Fuxin Iron and Steel Co Ltd,Wuhu Fuxin Iron & Steel Co Ltd,E100000126149,Wuhu Fuxin Iron & Steel Co Ltd [100.0%],E100000126149 [100.0%],Anhui,China,Asia Pacific,22,2003,2568,operating,2000,31.194505,118.067833
P100000120068,Wuhu Xinxing Ductile Iron Pipes Co Ltd,Wuhu Xinxing Ductile Iron Pipes Co Ltd,E100000126890,Xinxing Ductile Iron Pipes Co Ltd [100.0%],E100000127965 [100.0%],Anhui,China,Asia Pacific,22,2003,4451,operating,2000,31.229893,118.150867
P100000120354,Wulanhot Steel Co Ltd,Wulanhot Iron & Steel Co Ltd,E100000126441,Jingye Group Co Ltd [100.0%],E100000124668 [100.0%],Inner Mongolia,China,Asia Pacific,26,,2216,operating,1350,46.055685,122.063282
P100000120204,Wuxi Xinsanzhou Steel Co Ltd,Wuxi Xinsanzhou Special Steel Co Ltd,E100000126287,Wuxi Xinsanzhou Special Steel Co Ltd [100.0%],E100000126287 [100.0%],Jiangsu,China,Asia Pacific,39,1986,1103,operating,1350,31.681005,120.251785
P100000120161,Wuyang Iron and Steel Co Ltd,Wuyang Iron and Steel Co Ltd,E100000126121,HBIS Group Co Ltd [53.1%]; China Baowu Steel Group Co Ltd [27.7%]; China Huarong Asset Management Co Ltd [8.3%]; HBIS Co Ltd [8.1%]; unknown [2.8%],E100000124529 [53.1%]; E100001000472 [27.7%]; E100000123273 [8.3%]; E100000123542 [8.1%]; E100000132388 [2.8%],Henan,China,Asia Pacific,55,1970,7616,operating,5040,33.287536,113.474328
P100000120366,Wuzhou Yongda Special Steel Co Ltd,Wuzhou Yongda Special Steel Co Ltd,E100000127406,Wuzhou Yongda Steel Works Co Ltd [100.0%],E100000126779 [100.0%],Guangxi,China,Asia Pacific,14,2011,396,operating,1000,23.520307,111.229981
P100000120272,Xiangfen County Xinjinshan Special Steel Co Ltd,Xiangfen County XinJinShan Special Steel Co Ltd,E100000126666,Fujian Huaya Group Co Ltd [64.1%]; natural person(s) [32.8%]; unknown [3.2%],E100000128135 [64.1%]; E100000123261 [32.8%]; E100000132388 [3.2%],Shanxi,China,Asia Pacific,23,,150,operating,2200,35.934831,111.49707
P100000120233,Xining Special Steel Co Ltd,Xining Special Steel Co Ltd,E100000126834,Xining Special Steel Co Ltd [100.0%],E100000126834 [100.0%],Qinghai,China,Asia Pacific,28,,3757,operating,900,36.66856,101.671414
P100000120155,Xinji Aosen Iron and Steel Group Co Ltd,Xinji AOSEN Steel Group Co Ltd,E100000123213,Xinji AOSEN Steel Group Co Ltd [100.0%],E100000123213 [100.0%],Hebei,China,Asia Pacific,23,2002,6804,operating,3600,37.752351,115.184798
P100000120295,Xinjiang Daan Special Steel Co Ltd,Xinjiang Da'an Special Steel Co Ltd,E100001010586,Xinjiang Da'an Special Steel Co Ltd [100.0%],E100001010586 [100.0%],Xinjiang,China,Asia Pacific,14,,894,operating,1000,42.700465,93.542466
P100001023534,Xinjiang Ka Steel Group Co,Xinjiang Ka Steel Group Co,E100002004335,Xinjiang Ka Steel Group Co [100.0%],E100002004335 [100.0%],Xinjiang,China,Asia Pacific,4,,,operating,1000,39.142997,76.161589
P100000120290,Xinjiang Kingtec Steel Co Ltd,Xinjiang KingTec Steel Co Ltd,E100000126623,Shanghai Xuantong Technology Development Co Ltd [66.0%]; Shanghai Juhang Industrial Co Ltd [32.8%]; unknown [1.2%],E100000128679 [66.0%]; E100000128360 [32.8%]; E100000132388 [1.2%],Xinjiang,China,Asia Pacific,22,,77,operating,1334,42.674192,86.280156
P100000120292,Xinjiang Kunyu Iron and Steel Co Ltd,Xinjiang Kunyu Lron & Steel Co Ltd,E100000126477,Shiheng Special Steel Holding Group Co Ltd [54.7%]; Hong Kong Wing Tai Holdings [22.0%]; unknown [15.9%]; Trade Union Committee of Shiheng Special Steel Group [7.4%],E100000124166 [54.7%]; E100000126043 [22.0%]; E100000132388 [15.9%]; E100000126042 [7.4%],Xinjiang,China,Asia Pacific,15,,1460,operating,1350,44.404189,84.966753
P100000120410,Xinjiang Minxin Iron and Steel Group Minhang Special Steel Co Ltd,Xinjiang Minxin Iron and Steel (Group) Minhang Special Steel Co Ltd,E100000126368,Xinjiang MINXIN Steei (GROUP) Co Ltd [100.0%],E100000128014 [100.0%],Xinjiang,China,Asia Pacific,14,,45,operating,1110,44.080866,88.417209
P100000120291,Xinjiang Tianshan Iron and Steel Bazhou Co Ltd,Xinxing Ductile Iron Pipes Xinjiang Co Ltd,E100000127246,China Baowu Steel Group Co Ltd [79.3%]; Xinjiang Investment Development (Group) Co Ltd [5.2%]; Industrial and Commercial Bank of China Ltd [5.0%]; Bank of China Ltd [3.8%]; Agricultural Bank of China Ltd [3.6%]; unknown [3.0%],E100001000472 [79.3%]; E100000123578 [5.2%]; E100000000220 [5.0%]; E100000124428 [3.8%]; E100000000151 [3.6%]; E100000132388 [3.0%],Xinjiang,China,Asia Pacific,15,,1432,operating,2000,42.333321,86.302481
P100000120294,Xinjiang Xinan Special Steel Co Ltd,Xinjiang Xin'an Special Steel Co Ltd,E100000127096,Xinjiang Xin'an Special Steel Co Ltd [100.0%],E100000127096 [100.0%],Xinjiang,China,Asia Pacific,14,,101,operating,400,44.290299,86.595826
P100000120293,Xinjiang Yili Iron and Steel Co Ltd,Xinjiang Yili Iron and Steel Co Ltd,E100001010587,Xinjiang Yili Iron and Steel Co Ltd [100.0%],E100001010587 [100.0%],Xinjiang,China,Asia Pacific,67,1958,2375,operating,1000,43.526808,83.294323
P100000120214,Xinyu Iron and Steel Group Co Ltd,Xinyu Iron & Steel Corp Ltd,E100000123215,Xinyu Iron & Steel Corp Ltd [100.0%],E100000123215 [100.0%],Jiangxi,China,Asia Pacific,67,1958,25578,operating,10001,27.786859,114.921595
P100000120310,Yancheng Lianxin Iron and Steel Co Ltd,Yancheng Lianxin Steel Co Ltd,E100000126645,Huachuang Jiangsu Investment Co Ltd [80.4%]; natural person(s) [19.6%],E100000128098 [80.4%]; E100000123261 [19.6%],Jiangsu,China,Asia Pacific,67,1958,3382,operating,2410,33.211332,120.774892
P100000120088,Yangchun New Steel Co Ltd,Yangchun New Iron & Steel Co Ltd,E100000126210,Hunan Valin Steel Co Ltd [51.0%]; Hunan Valin Iron & Steel Group Co Ltd [24.7%]; unknown [14.1%]; Hunan Development Investment Group Co Ltd [3.6%]; Hunan Caixin Financial Holding Group Co Ltd [3.5%]; Hunan Xingxiang Investment Holding Group Co Ltd [3.1%],E100000124129 [51.0%]; E100000128133 [24.7%]; E100000132388 [14.1%]; E100000128566 [3.6%]; E100000125175 [3.5%]; E100000124815 [3.1%],Guangdong,China,Asia Pacific,18,2007,2811,operating,2400,22.084904,111.642187
P100000121048,Yangzhou Hengrun Ocean Heavy Industry Co Ltd,Yangzhou Hengrun Ocean Heavy Industry Co Ltd,E100000123216,Yangzhou Hengrun Ocean Heavy Industry Co Ltd [100.0%],E100000123216 [100.0%],Jiangsu,China,Asia Pacific,13,,324,operating,3300,32.249602,119.620438
P100000120203,Yangzhou Qinyou Special Metal Materials Co Ltd,Yangzhou Qinyou Special Metal Materials Co Ltd,E100000126361,Yangzhou Qinyou Special Metal Materials Co Ltd [100.0%],E100000126361 [100.0%],Jiangsu,China,Asia Pacific,24,,2271,operating,2400,32.838703,119.425236
P100000120253,Yantai Walsin Stainless Steel Co Ltd,Yantai Walsin Stainless Steel Co Ltd,E100000126138,Huaxin Special Steel Holdings Co Ltd [75.0%]; Walsin Lihwa Holdings Ltd [4.6%]; Concord Industries Ltd,E100000130629 [75.0%]; E100000130494 [4.6%]; E100001010247,Shandong,China,Asia Pacific,18,,419,operating,1400,37.548627,121.277488
P100000120302,Yunnan Qujing Iron and Steel Group Chenggang Iron and Steel Co Ltd,Yunnan Qujing Iron and Steel Group Chenggang Iron and Steel Co Ltd,E100000126929,Yunan Qujing Shuangyou Steel Co Ltd [25.0%]; Yunnan Qujing Chenggang Iron and Steel (Group) Co Ltd [25.0%]; Fujian XINPENG Investment Co Ltd [16.6%]; Xuanwei Laibin Fenghuang Steel Co Ltd [16.0%]; Qujing Julida Steel Co Ltd [8.0%]; Qujing Wuyue New Energy Technology Co Ltd [5.5%]; Yunnan Tongyanbao Trading Co Ltd [1.7%]; unknown [1.0%]; Yunnan Qujing Yaochang Trade Co Ltd [0.9%]; Qujing Botong Trading Co Ltd [0.4%],E100000128309 [25.0%]; E100001000471 [25.0%]; E100000128963 [16.6%]; E100000128311 [16.0%]; E100000128312 [8.0%]; E100000128964 [5.5%]; E100000128965 [1.7%]; E100000132388 [1.0%]; E100000128938 [0.9%]; E100000128939 [0.4%],Yunnan,China,Asia Pacific,12,,88,operating,2600,25.45543,103.547242
P100000120303,Yunnan Qujing Iron and Steel Group Fenghuang Steel Co Ltd,Yunnan Qujing Iron and Steel Group Co Ltd,E100000127450,Yunan Qujing Shuangyou Steel Co Ltd [25.0%]; Yunnan Qujing Chenggang Iron and Steel (Group) Co Ltd [25.0%]; Fujian XINPENG Investment Co Ltd [16.6%]; Xuanwei Laibin Fenghuang Steel Co Ltd [16.0%]; Qujing Julida Steel Co Ltd [8.0%]; Qujing Wuyue New Energy Technology Co Ltd [5.5%]; Yunnan Tongyanbao Trading Co Ltd [1.7%]; unknown [1.0%]; Yunnan Qujing Yaochang Trade Co Ltd [0.9%]; Qujing Botong Trading Co Ltd [0.4%],E100000128309 [25.0%]; E100001000471 [25.0%]; E100000128963 [16.6%]; E100000128311 [16.0%]; E100000128312 [8.0%]; E100000128964 [5.5%]; E100000128965 [1.7%]; E100000132388 [1.0%]; E100000128938 [0.9%]; E100000128939 [0.4%],Yunnan,China,Asia Pacific,12,,565,operating,1400,26.275342,104.168311
P100000120352,Yunnan Tiangao Nickel Alloy Co Ltd,YunNan Province Tiangao Nickel Alloy Co Ltd,E100000126347,Sichuan Jinguang Industry (Group) Co Ltd [63.9%]; unknown [29.8%]; Sichuan Shiting Ecology Agriculture Technology Co Ltd [6.2%],E100000127446 [63.9%]; E100000132388 [29.8%]; E100000127447 [6.2%],Yunnan,China,Asia Pacific,16,,456,operating,500,24.80128,104.063455
P100000120300,Yunnan Yuxi Iron and Steel Group Yukun Iron and Steel Co Ltd,Yunnan Yuxi Iron and Steel Group Yukun Iron and Steel Co Ltd,E100001000458,Yunnan Yuxi Iron and Steel Group Yukun Iron and Steel Co Ltd [100.0%],E100001000458 [100.0%],Yunnan,China,Asia Pacific,12,,5899,operating,1893,24.465884,102.543682
P100000120321,Yunnan Yuxi Xianfu Iron and Steel Group Co Ltd,Yunnan Yuxi Xianfu Iron and Steel (Group) Co Ltd,E100001000455,Yunnan Yuxi Xianfu Iron and Steel (Group) Co Ltd [100.0%],E100001000455 [100.0%],Yunnan,China,Asia Pacific,24,,2578,operating,2980,24.012309,102.186364
P100000120193,Zenith Steel Group Co Ltd,Zenith Steel Group Co Ltd,E100000123285,Zenith Steel Group Co Ltd [100.0%],E100000123285 [100.0%],Jiangsu,China,Asia Pacific,24,,10255,operating,3700,31.707656,120.079591
P100000120332,Zenith Steel Group Nantong Co Ltd,Zenith Steel Group (Nantong) Co Ltd,E100000123217,Zenith Steel Group Co Ltd [100.0%],E100000123285 [100.0%],Jiangsu,China,Asia Pacific,3,2022,3602,operating,5850,32.133954,121.513173
P100000120188,Zhangjiagang Hongchang Steel Co Ltd,Zhangjiagang Hongchang Steel Co Ltd,E100000126981,Hengde International Co Ltd [28.2%]; Hong Kong Hengde Co Ltd [25.0%]; Jiangsu Shagang Group Co Ltd [22.0%]; unknown [12.8%]; Zhangjiagang Free Trade Zone Runyuan Stainless Steel Trade Co Ltd [6.6%]; Ningbo Meishan Free Trade Port Jincheng Shazhou Equity Investment Co Ltd [5.4%],E100000125940 [28.2%]; E100000130574 [25.0%]; E100000122410 [22.0%]; E100000132388 [12.8%]; E100000124037 [6.6%]; E100000124038 [5.4%],Jiangsu,China,Asia Pacific,23,,9674,operating,16947,31.983146,120.638992
P100000121049,Zhangjiagang Rongsheng Special Steel Co Ltd,Zhangjiagang Rongsheng Steel-Making Co Ltd,E100000126489,Zhangjiagang Free Trade Zone Qiande Investment Co Ltd [37.0%]; Huasheng Holdings (Hong Kong) Co Ltd [25.0%]; Hengde International Co Ltd [14.3%]; Jiangsu Shagang Group Co Ltd [11.1%]; unknown [6.5%]; Zhangjiagang Free Trade Zone Runyuan Stainless Steel Trade Co Ltd [3.4%]; Ningbo Meishan Free Trade Port Jincheng Shazhou Equity Investment Co Ltd [2.7%],E100000127986 [37.0%]; E100000130575 [25.0%]; E100000125940 [14.3%]; E100000122410 [11.1%]; E100000132388 [6.5%]; E100000124037 [3.4%]; E100000124038 [2.7%],Jiangsu,China,Asia Pacific,23,,753,operating,10571,31.985496,120.644565
P100000121084,Zhejiang Tsingshan Iron and Steel Co Ltd,Zhejiang TSINGSHAN IRON&STEEL Co Ltd,E100000127353,unknown [32.4%]; TSINGSHAN Holding Group Co Ltd [30.0%]; Shanghai Decent Investment (Group) Co Ltd [23.0%]; Zhejiang Qingshan Business Management Co Ltd [8.6%]; natural person(s) [6.0%],E100000132388 [32.4%]; E100000128088 [30.0%]; E100000128090 [23.0%]; E100000128539 [8.6%]; E100000123261 [6.0%],Zhejiang,China,Asia Pacific,23,,502,operating,500,28.136096,120.380401
P100000120408,Zhejiang Wantai Special Steel Co Ltd,Zhejiang Wantai Special Steel Co Ltd,E100000126443,Zhejiang Wantai Special Steel Co Ltd [100.0%],E100000126443 [100.0%],Zhejiang,China,Asia Pacific,22,,257,operating,1200,30.944342,120.971803
P100000120129,Zhongpu Handan Iron and Steel Co Ltd,Zhongpu (Handan) Iron and Steel Co Ltd,E100000126142,Longxiang Group (Hong Kong) [66.8%]; Hebei Puyang Industrial Group Co Ltd [33.2%],E100000126000 [66.8%]; E100000124068 [33.2%],Hebei,China,Asia Pacific,22,2003,1722,operating,1500,36.721376,113.910271
P100000120209,Zhongxin Iron and Steel Group Co Ltd,Zhongxin Iron and Steel Group Co Ltd,E100000123218,Zhongxin Iron and Steel Group Co Ltd [100.0%],E100000123218 [100.0%],Jiangsu,China,Asia Pacific,22,,6043,operating,5400,34.368618,118.31556
P100000120346,Zhongye Dongfang Jiangsu Heavy Industry Co Ltd,BERIS Jiangsu Heavy Industry Co Ltd,E100000127120,Jiangsu Feida Co Ltd [65.0%]; Metallurgical Corporation of China Ltd [18.0%]; natural person(s) [15.0%]; unknown [2.0%],E100000127415 [65.0%]; E100000125333 [18.0%]; E100000123261 [15.0%]; E100000132388 [2.0%],Jiangsu,China,Asia Pacific,16,,,operating,2000,32.104319,119.792126
P100000120086,Zhuhai Yueyufeng Iron and Steel Co Ltd,Zhuhai Yueyufeng IRON&STEEL Co Ltd,E100000126731,Golden Bell Enterprises Ltd [41.5%]; Xuan Gang International Trading (HK) Co Ltd [41.5%]; Yinglong Industrial Co Ltd [16.9%],E100001010239 [41.5%]; E100001010246 [41.5%]; E100000130634 [16.9%],Guangdong,China,Asia Pacific,23,2002,1871,operating,3051,21.96092,113.198718
P100000120419,TZMS Třinecké železárny Trinec steel plant,TRINECKÉ ZELEZÁRNY AS,E100001011644,Minerfin AS,E100001016230,Moravia-Silesia,Czech Republic,Europe,186,1839,6000,operating,1500,49.689053,18.654557
P100001045209,Al Gioshy Steel Ain Sokhna plant,AlGioshy Steel SAE,E100002007869,AlGioshy Steel SAE [100.0%],E100002007869 [100.0%],Suez,Egypt,Africa,10,2015,,operating,500,29.6752173,32.3028163
P100000120446,Al-Ezz Dekheila Steel Alexandria plant,Al Ezz Dekheila Steel Company Alexandria SAE,E100000130693,Al Ezz Dekheila Steel Company Alexandria SAE [100.0%],E100000130693 [100.0%],Alexandria,Egypt,Africa,39,1986,2000,operating,3200,31.123467,29.80987
P100000121213,Delta Steel Mill Al Qalyubia plant,Delta Steel Company Ltd,E100000130783,Premium Steel and Mines Ltd [100.0%],E100000131157 [100.0%],Al-Qalyubia,Egypt,Africa,78,1947,2500,operating,500,30.11843,31.281264
P100000120443,Egyptian American Steel Rolling Company Sadat City plant,Egyptian American Steel Rolling Company SAE,E100000131072,Beshay Steel; National Service Products Organization,E100000131009; E100002006462,Menofia,Egypt,Africa,27,1998,1750,operating,1200,30.389174,30.571894
P100000120445,Egyptian Sponge Iron and Steel Company Sadat City plant,Egyptian Sponge Iron & Steel Company SAE,E100000131010,National Service Products Organization [24.0%]; Beshay Steel,E100002006462 [24.0%]; E100000131009,Menofia,Egypt,Africa,17,2008,1750,operating,3000,30.393079,30.58773
P100000120450,Egyptian Steel Ain Sokhna plant,Egyptian Steel Group,E100000130995,Al Ezz Dekheila Steel Company Alexandria SAE [18.0%]; National Service Project Organization,E100000130693 [18.0%]; E100000131084,Suez,Egypt,Africa,7,2018,700,operating,600,29.64769,32.2789
P100000120451,Egyptian Steel Beni Suef plant,Egyptian Steel Group,E100000130995,Al Ezz Dekheila Steel Company Alexandria SAE [18.0%]; National Service Project Organization,E100000130693 [18.0%]; E100000131084,Beni Suef,Egypt,Africa,9,2016,700,operating,600,29.15243,31.24911
P100000120447,Ezz Flat Steel Ain Sokhna plant,Al Ezz Flat Steel Company SAE,E100000130961,Ezz Steel Co [64.1%]; unknown [35.9%],E100000130695 [64.1%]; E100000132388 [35.9%],Suez,Egypt,Africa,27,1998,2000,operating,3900,29.692045,32.322117
P100000120448,Ezz Steel Rebar Sadat City plant,Ezz Steel Co,E100000130695,Ezz Steel Co [100.0%],E100000130695 [100.0%],Menofia,Egypt,Africa,31,1994,2000,operating,1000,30.382179,30.563029
P100000120449,Suez Steel Solb Misr Attaka plant,Suez Steel Company SAE,E100000130838,LITAT Holding Co Ltd,E100001016170,Suez,Egypt,Africa,25,2000,2200,operating,2100,29.923176,32.466587
P100000120469,Outokumpu Tornio steel plant,Outokumpu Stainless AB,E100000130889,Solidium Oy [15.5%]; small shareholder(s),E100001016231 [15.5%]; E100001015587,Lapland,Finland,Europe,49,1976,1700,operating,1200,65.767115,24.176472
P100000120470,Ovako Imatra steel plant,Ovako AB,E100000130940,Sanyo Special Steel Co Ltd,E100000130712,Imatra,Finland,Europe,90,1935,600,operating,575,61.149466,28.798774
P100000120472,ArcelorMittal Dunkerque steel plant,ArcelorMittal Atlantique et Lorraine SAS,E100001000487,ArcelorMittal Atlantique et Lorraine SAS [100.0%],E100001000487 [100.0%],Haus-de-France,France,Europe,62,1963,3200,operating,6750,51.041274,2.292948
P100000120473,ArcelorMittal Méditerranée Fos sur Mer steel plant,ArcelorMittal Méditerranée SAS,E100000002454,ArcelorMittal SA [100.0%],E100000000687 [100.0%],Provence-Alpes-Côte d'Azur,France,Europe,51,1974,2500,operating,2550,43.43283,4.887166
P100000121234,Ascometal Hagondange steel plant,Ascometal France Holding SAS,E100001013039,Swiss Steel Holding AG [100.0%],E100000130745 [100.0%],Moselle,France,Europe,113,1912,,operating,825,49.241492,6.152631
P100000120474,Celsa France Boucau steel plant,Celsa France SAS,E100001010273,Anchorage Capital Advisors LP; Anchorage Capital Group LLC; Attestor Services Ltd; Deutsche Bank AG; GoldenTree Asset Management LP; Midwood Holdings LLC,E100002003621; E100002003627; E100002003626; E100000136992; E100002003622; E100002003624,Nouvelle-Aquitaine,France,Europe,60,1965,265,operating,1200,43.529693,-1.500971
P100000120476,LME Trith-Saint-Léger steel plant,Lamines Marchands Europeens SA,E100000130815,Beltrame Holding SpA [73.7%]; unknown [26.3%],E100001016199 [73.7%]; E100000132388 [26.3%],Hauts-de-France,France,Europe,150,1875,576,operating,820,50.3292,3.490913
P100000120481,Riva Alpa Gargenville steel plant,ALPA - Aciéries et Laminoirs de Paris SAS,E100001010374,Riva Forni Elettrici SpA,E100000131000,Île-de-France,France,Europe,51,1974,186,operating,700,48.983515,1.76245
P100000120480,Riva Iton Seine Bonnieres Sur Seine steel plant,Iton Seine SAS,E100001010373,Riva Forni Elettrici SpA,E100000131000,Île-de-France,France,Europe,109,1916,186,operating,550,49.033678,1.561022
P100000120478,Riva Sam Montereau steel plant,Sam Montereau SAS,E100000130821,Riva Forni Elettrici SpA,E100000131000,Île-de-France,France,Europe,52,1973,186,operating,720,48.387211,2.981091
P100000120479,Riva Sam Neuves-Maisons steel plant,Societe des Aciers d'Armature pour le Beton SAS,E100001010370,Riva Forni Elettrici SpA,E100000131000,Grand Est,France,Europe,153,1872,328,operating,850,48.611482,6.111864
P100000120477,Saarstahl Ascoval Saint-Saulve steel plant,Saarstahl AG,E100001010067,Montan-Stiftung-Saar [74.9%]; unknown [26.1%],E100001016169 [74.9%]; E100000132388 [26.1%],Hauts-de-France,France,Europe,50,1975,300,operating,730,50.398171,3.561712
P100000120426,ArcelorMittal Bremen steel plant,ArcelorMittal Bremen GmbH,E100001000494,ArcelorMittal SA [100.0%],E100000000687 [100.0%],Bremen,Germany,Europe,68,1957,3100,operating,2000,53.133305,8.688193
P100000120425,ArcelorMittal Eisenhüttenstadt steel plant,ArcelorMittal Eisenhüttenstadt GmbH,E100000002453,ArcelorMittal SA [100.0%],E100000000687 [100.0%],Brandenburg,Germany,Europe,75,1950,2700,operating,1200,52.168649,14.623473
P100000120427,ArcelorMittal Hamburg steel plant,ArcelorMittal Hamburg GmbH,E100001000498,ArcelorMittal SA [100.0%],E100000000687 [100.0%],Hamburg,Germany,Europe,56,1969,530,operating,1100,53.522601,9.900749
P100000120435,Benteler Steel Tube Lingen plant,Benteler Steel/Tube GmbH,E100000130998,Benteler International AG,E100000130970,Lower Saxony,Germany,Europe,51,1974,260,operating,650,52.467622,7.317169
P100000120434,CSN Stahlwerk Thüringen Unterwellenborn steel plant,Stahlwerk Thueringen GmbH,E100000130808,Companhia Siderúrgica Nacional SA [100.0%],E100001000652 [100.0%],Thuringia,Germany,Europe,147,1878,700,operating,1100,50.654574,11.43745
P100000120438,Deutsche Edelstahlwerke steel plant,Deutsche Edelstahlwerke GmbH,E100000130769,Deutsche Edelstahlwerke GmbH [100.0%],E100000130769 [100.0%],North Rhine-Westphalia,Germany,Europe,98,1927,800,operating,600,50.922844,8.024006
P100000120436,ESF Elbe Stahlwerke Feralpi Riesa plant,ESF Elbe-Stahlwerke Feralpi GmbH,E100000130892,Feralpi Holding SpA,E100000130894,Saxony,Germany,Europe,33,1992,313,operating,1400,51.3128,13.280386
P100001045310,Georgsmarienhütte Osnabrück steel plant,Georgsmarienhuette GmbH,E100002008008,Georgsmarienhütte Holding GmbH [100.0%],E100002008127 [100.0%],Lower Saxony,Germany,Europe,169,1856,,operating,650,52.2122334,8.0420724
P100000120429,Kehler Baden Steel Works,Badische Stahlwerke GmbH,E100000130777,Südwest Beteiligungen GmbH,E100001016239,Baden-Württemberg,Germany,Europe,70,1955,850,operating,2500,48.595058,7.821633
P100000120437,Lech Stahlwerke Meitingen steel plant,Lech Stahlwerke GmbH,E100000130786,Max Aicher Stahl AG [92.6%]; unknown,E100001016216 [92.6%]; E100000132388,Bavaria,Germany,Europe,55,1970,800,operating,1400,48.512051,10.855292
P100000120430,Riva Brandenburg Electric Steel Works,BES Brandenburger Elektrostahlwerke GmbH,E100000130812,unknown [6.0%]; Riva Forni Elettrici SpA,E100000132388 [6.0%]; E100000131000,Brandenburg,Germany,Europe,113,1912,860,operating,1800,52.402617,12.496135
P100000120431,Riva Hennigsdorfer Electric Steel Works,HES Hennigsdorfer Elektrostahlwerke GmbH,E100000130897,unknown [6.0%]; Riva Forni Elettrici SpA,E100000132388 [6.0%]; E100000131000,Brandenburg,Germany,Europe,108,1917,670,operating,1000,52.650903,13.212683
P100000120433,Salzgitter Peiner Träger Peine steel plant,Peiner Traeger GmbH,E100000130858,Salzgitter AG,E100001010315,Lower Saxony,Germany,Europe,167,1858,,operating,1000,52.313935,10.258482
P100000120489,Sentuo Steel Tema plant,Sentuo Steel Ltd,E100000131177,Fugian Overseas Chinese Industrial Group Corp [74.0%]; Social Security and National Insurance Trust (Ghana) [26.0%],E100001012490 [74.0%]; E100001012491 [26.0%],Greater Accra,Ghana,Africa,10,2015,1400,operating,800,5.670032010618004,0.0158561829466604
P100000121196,Hellenic Halyvourgia Velestino steel plant,Hellenic Halyvourgia SA,E100001012056,Hellenic Halyvourgia SA [100.0%],E100001012056 [100.0%],Thessaly,Greece,Europe,62,1963,,operating,700,39.38588,22.80745
P100000120493,Sidenor Steel Industry Thessaloniki plant,Sidenor Steel Industry SA,E100000130974,Viohalco SA,E100000131005,Macedonia,Greece,Europe,63,1962,439,operating,800,40.704458,22.816542
P100000120492,Sovel Almyros steel plant,Sovel SA,E100000130767,Viohalco SA [28.6%],E100000131005 [28.6%],Thessaly,Greece,Europe,24,2001,583,operating,1350,39.169632,22.840216
P100000120494,AG Sidegua Masagua steel plant,Corporación AG SA,E100001010295,Fundacion Jose Luis Gabriel; Industrial Assets Fund LP,E100002016465; E100002016466,Escuintla,Guatemala,Central & South America,31,1994,1080,operating,500,14.232007,-90.815444
P100001045296,Action Ispat and Power Jharsuguda steel plant,Action Ispat and Power Pvt Ltd,E100002007999,Action Ispat and Power Pvt Ltd [100.0%],E100002007999 [100.0%],Odisha,India,Asia Pacific,,,,operating,375,21.839759,83.982227
P100001025815,Adhunik Metaliks Kuanrmunda steel plant,Adhunik Metaliks Ltd,E100001000387,natural person(s) [36.1%]; small shareholder(s) [28.8%]; Mahanada Suppliers Pvt Ltd [22.6%]; Sunrwoth Stocks Pvt Ltd [12.5%],E100000123261 [36.1%]; E100001015587 [28.8%]; E100001016502 [22.6%]; E100001016503 [12.5%],Odisha,India,Asia Pacific,22,,1500,operating,500,22.308371,84.763584
P100000120513,ArcelorMittal Nippon Steel Hazira Plant,ArcelorMittal Nippon Steel India Ltd,E100000002455,ArcelorMittal SA [60.0%]; Nippon Steel Corp [40.0%],E100000000687 [60.0%]; E100000000652 [40.0%],Gujarat,India,Asia Pacific,30,1995,7000,operating,9600,21.112377,72.647304
P100000120568,Arjas Steel Tadipatri plant,Arjas Steel Pvt Ltd,E100000130841,ADV Partners Holdings Ltd,E100001016284,Andhra Pradesh,India,Asia Pacific,13,,1800,operating,334,14.873471,78.048425
P100000120564,Atibir Industries Bhorandiha steel plant,Atibir Industries Co Ltd,E100000131001,Sribir Group of Companies,E100001016293,Jharkhand,India,Asia Pacific,16,2009,,operating,1350,24.145239,86.334999
P100000120512,BMM Ispat Danapur steel plant,BMM Ispat Ltd,E100001000460,JSW Projects Ltd [58.5%]; natural person(s) [41.5%],E100001011472 [58.5%]; E100000123261 [41.5%],Karnataka,India,Asia Pacific,19,2006,300,operating,2208,15.16972,76.37971
P100001045282,Crest Steel and Power Mangatta Steel Plant,Crest Steel and Power Pvt Ltd,E100002007975,Atha Group [47.5%]; Ghanashyam Misra & Sons Pvt Ltd [47.5%],E100000134289 [47.5%]; E100002000372 [47.5%],Chhattisgarh,India,Asia Pacific,,,2500,operating,130,21.190313,81.19922
P100000120534,Electrosteel Bokaro steel plant,ESL Steel Ltd,E100000130900,Vedanta Ltd [95.5%]; small shareholder(s) [4.5%],E100001000479 [95.5%]; E100001015587 [4.5%],Jharkhand,India,Asia Pacific,19,2006,8895,operating,1500,23.632907,86.293671
P100000121207,Electrosteel Castings Srikalahasthi Steel Plant,Electrosteel Castings Ltd,E100001012391,Electrosteel Castings Ltd [100.0%],E100001012391 [100.0%],Andhra Pradesh,India,Asia Pacific,31,1994,,operating,1350,13.717188,79.630588
P100000121195,Evonith Metallics Wardha Steel Plant,Evonith Metallics Ltd,E100001012096,Nithia Capital Resources Advisors LLP [55.7%]; AB CarVal Investors LP [44.3%],E100001016196 [55.7%]; E100001016198 [44.3%],Maharashtra,India,Asia Pacific,31,1994,423,operating,1350,20.704605,78.620293
P100000121236,Evonith Value Steel Wardha Steel Plant,Evonith Metallics Ltd,E100001012096,Nithia Capital Resources Advisors LLP [55.7%]; AB CarVal Investors LP [44.3%],E100001016196 [55.7%]; E100001016198 [44.3%],Maharashtra,India,Asia Pacific,55,1970,898,operating,1080,20.696412,78.638548
P100001045317,Gallantt Ispat Gorakhpur steel plant,Gallantt Ispat Ltd,E100002008017,Gallantt Ispat Ltd [100.0%],E100002008017 [100.0%],Uttar Pradesh,India,Asia Pacific,,,,operating,528,26.757009,83.199086
P100000120557,Godawari Power and Ispat Siltara steel plant,Godawari Power and Ispat Ltd,E100001000665,Godawari Power and Ispat Ltd [100.0%],E100001000665 [100.0%],Chhattisgarh,India,Asia Pacific,24,2001,3442,operating,659,21.376214,81.681888
P100000120552,Hospet Steels Hospet plant,Hospet Steels Ltd,E100002004716,Kalyani Steels Ltd [61.0%]; Mukand Ltd [39.0%],E100000130701 [61.0%]; E100002007557 [39.0%],Karnataka,India,Asia Pacific,27,1998,1105,operating,650,15.339055,76.251696
P100000120560,Jai Balaji Durgapur Unit IV steel plant,Jai Balaji Industries Ltd,E100000130703,Jai Balaji Industries Ltd [100.0%],E100000130703 [100.0%],West Bengal,India,Asia Pacific,16,2009,,operating,295,23.483075,87.352189
P100000120562,Jai Balaji Jyoti Steels Sundargarh plant,Jai Balaji Jyoti Steels Ltd,E100000130984,Jai Balaji Industries Ltd,E100000130703,Odisha,India,Asia Pacific,22,2003,650,operating,92,22.085338,84.86184
P100001025922,Jai Balaji Rajbandh Unit III steel plant,Jai Balaji Industries Ltd,E100000130703,Jai Balaji Industries Ltd [100.0%],E100000130703 [100.0%],West Bengal,India,Asia Pacific,,,,operating,1350,23.487439,87.369494
P100000120547,Jayaswal Neco Industries Raipur steel plant,Jayaswal Neco Industries Ltd,E100000120672,Jayaswal Neco Industries Ltd [100.0%],E100000120672 [100.0%],Chhattisgarh,India,Asia Pacific,29,1996,9503,operating,1200,21.354495,81.676444
P100000120544,Jindal Stainless Hisar steel plant,Jindal Stainless Ltd,E100000120686,Jindal Stainless Ltd [100.0%],E100000120686 [100.0%],Haryana,India,Asia Pacific,55,1970,1095,operating,800,29.127253,75.773075
P100000120543,Jindal Stainless Jajpur steel plant,Jindal Stainless Ltd,E100000120686,Jindal Stainless Ltd [100.0%],E100000120686 [100.0%],Odisha,India,Asia Pacific,14,2011,1095,operating,2200,20.954939,86.051986
P100000120515,JSPL Angul steel plant,Jindal Steel & Power Ltd,E100001000439,Jindal Steel & Power Ltd [100.0%],E100001000439 [100.0%],Odisha,India,Asia Pacific,12,2013,,operating,6000,20.884896,84.991539
P100000120516,JSPL Raigarh steel plant,Jindal Steel & Power Ltd,E100001000439,Jindal Steel & Power Ltd [100.0%],E100001000439 [100.0%],Chhattisgarh,India,Asia Pacific,36,1989,2652,operating,3600,21.922703,83.347178
P100000120510,JSW BPSL Jharsuguda steel plant,JSW Steel Ltd,E100001000516,JSW Steel Ltd [100.0%],E100001000516 [100.0%],Odisha,India,Asia Pacific,20,2005,929,operating,5000,21.763989,84.022529
P100000120570,JSW Green Steel Salav plant,JSW Green Steel Ltd,E100002016710,JSW Green Steel Ltd [100.0%],E100002016710 [100.0%],Maharashtra,India,Asia Pacific,32,1993,297,operating,1350,18.530853,72.947091
P100000120517,JSW Steel Dolvi steel plant,JSW Steel Ltd,E100001000516,JSW Steel Ltd [100.0%],E100001000516 [100.0%],Maharashtra,India,Asia Pacific,31,1994,929,operating,10200,18.690312,73.035902
P100000120536,JSW Steel Raigarh steel plant,JSW Ispat Special Products Ltd,E100000120868,JSW Ispat Special Products Ltd [100.0%],E100000120868 [100.0%],Chhattisgarh,India,Asia Pacific,17,2008,1052,operating,950,21.983709,83.238133
P100000120518,JSW Steel Salem steel plant,JSW Steel Ltd,E100001000516,JSW Steel Ltd [100.0%],E100001000516 [100.0%],Tamil Nadu,India,Asia Pacific,27,1998,929,operating,1260,11.814912,77.918465
P100000120519,JSW Steel Vijayanagar steel plant,JSW Steel Ltd,E100001000516,JSW Steel Ltd [100.0%],E100001000516 [100.0%],Karnataka,India,Asia Pacific,31,1994,929,operating,11899,15.180423,76.663134
P100000120538,JSW Vijayanagar Metallics steel plant,JSW Vijayanagar Metallics Ltd,E100001000529,JSW Steel Ltd [100.0%],E100001000516 [100.0%],Karnataka,India,Asia Pacific,1,2024,990,operating,3300,15.203176,76.659122
P100001045284,KIC Metaliks Durgapur steel plant,KIC Metaliks Ltd,E100002007981,KIC Metaliks Ltd [100.0%],E100002007981 [100.0%],West Bengal,India,Asia Pacific,28,,421,operating,1350,23.507539,87.277914
P100000120522,Lloyds Metals and Energy Ltd Ghugus Steel Plant,Lloyds Metals and Energy Ltd,E100001012204,Lloyds Metals and Energy Ltd [100.0%],E100001012204 [100.0%],Maharashtra,India,Asia Pacific,30,1995,800,operating,1350,19.929837,79.119344
P100000121179,Lloyds Metals and Energy Ltd Konsari Steel Plant,Lloyds Metals and Energy Ltd,E100001012204,Lloyds Metals and Energy Ltd [100.0%],E100001012204 [100.0%],Maharashtra,India,Asia Pacific,2,2023,1100,operating,1350,19.770409,79.813599
P100000120559,Mesco Steel Kalinganagar plant,Mesco Kalinga Steel Ltd,E100000130811,Mesco Kalinga Steel Ltd [100.0%],E100000130811 [100.0%],Odisha,India,Asia Pacific,20,2005,,operating,1200,20.976277,86.044419
P100000121239,Mono Steel Gandhidham plant,Mono Steel (India) Ltd,E100001012890,Mono Steel (India) Ltd [100.0%],E100001012890 [100.0%],Gujarat,India,Asia Pacific,35,1990,,operating,770,23.312265,70.201953
P100000120567,MSP Steel & Power Raigarh plant,MSP Steel & Power Ltd,E100000130702,MSP Steel & Power Ltd [100.0%],E100000130702 [100.0%],Chhattisgarh,India,Asia Pacific,23,2002,1073,operating,385,21.87673,83.554495
P100001025672,N R Ispat and Power Raigarh steel plant,NR Ispat and Power Pvt Ltd,E100002004792,NR Ispat and Power Pvt Ltd [100.0%],E100002004792 [100.0%],Chhattisgarh,India,Asia Pacific,17,2008,,operating,48,22.013086,83.330372
P100000120540,Neelachal Ispat Nigam steel plant,Neelachal Ispat Nigam Ltd,E100001010157,Tata Steel Long Products Ltd [92.7%]; Tata Steel Ltd [5.2%]; small shareholder(s) [2.1%],E100000121408 [92.7%]; E100001010018 [5.2%]; E100001015587 [2.1%],Odisha,India,Asia Pacific,43,1982,1400,operating,1100,20.998641,86.019102
P100000121165,Nilachal Iron & Power Gamharia Steel Plant,Nilachal Iron & Power Ltd,E100001012115,Nilachal Iron & Power Ltd [100.0%],E100001012115 [100.0%],Jharkhand,India,Asia Pacific,23,2002,1552,operating,99,22.874863,86.063646
P100000120523,NMDC Nagarnar steel plant,NMDC Steel Ltd,E100002004554,NMDC Steel Ltd [100.0%],E100002004554 [100.0%],Chhattisgarh,India,Asia Pacific,2,,5596,operating,3000,19.0931901,82.17
P100000121188,Orissa Alloy Steel Kharagpur Plant,Orissa Metaliks Pvt Ltd,E100001012161,small shareholder(s) [28.7%]; Cimmco Vinimay Pvt Ltd [16.6%]; Rashmi Iron Industries Pvt Ltd [9.1%]; Newera Commotrade Pvt Ltd [6.6%]; Rashmi Infrastructure Pvt Ltd [6.0%]; Bholebaba Consultants LLP [5.8%]; Rashmi Cement Ltd [5.7%]; Daffodil Plaza Pvt Ltd [5.7%]; Optimist Commosale Pvt Ltd [5.5%]; Rashidhan Sales Pvt Ltd [5.2%]; Rashmi Metaliks Ltd [5.0%]; natural person(s) [0.1%],E100001015587 [28.7%]; E100001012163 [16.6%]; E100001012171 [9.1%]; E100001012169 [6.6%]; E100001012170 [6.0%]; E100001012164 [5.8%]; E100001012079 [5.7%]; E100001012165 [5.7%]; E100001012168 [5.5%]; E100001012166 [5.2%]; E100000130890 [5.0%]; E100000123261 [0.1%],West Bengal,India,Asia Pacific,4,2021,3000,operating,550,22.364258,87.309047
P100000121187,Orissa Metaliks Kharagpur Steel Plant,Orissa Metaliks Pvt Ltd,E100001012161,small shareholder(s) [28.7%]; Cimmco Vinimay Pvt Ltd [16.6%]; Rashmi Iron Industries Pvt Ltd [9.1%]; Newera Commotrade Pvt Ltd [6.6%]; Rashmi Infrastructure Pvt Ltd [6.0%]; Bholebaba Consultants LLP [5.8%]; Rashmi Cement Ltd [5.7%]; Daffodil Plaza Pvt Ltd [5.7%]; Optimist Commosale Pvt Ltd [5.5%]; Rashidhan Sales Pvt Ltd [5.2%]; Rashmi Metaliks Ltd [5.0%]; natural person(s) [0.1%],E100001015587 [28.7%]; E100001012163 [16.6%]; E100001012171 [9.1%]; E100001012169 [6.6%]; E100001012170 [6.0%]; E100001012164 [5.8%]; E100001012079 [5.7%]; E100001012165 [5.7%]; E100001012168 [5.5%]; E100001012166 [5.2%]; E100000130890 [5.0%]; E100000123261 [0.1%],West Bengal,India,Asia Pacific,8,2017,,operating,900,22.378355,87.281773
P100000120566,Orissa Metaliks Markuta steel plant,Orissa Metaliks Pvt Ltd,E100001012161,small shareholder(s) [28.7%]; Cimmco Vinimay Pvt Ltd [16.6%]; Rashmi Iron Industries Pvt Ltd [9.1%]; Newera Commotrade Pvt Ltd [6.6%]; Rashmi Infrastructure Pvt Ltd [6.0%]; Bholebaba Consultants LLP [5.8%]; Rashmi Cement Ltd [5.7%]; Daffodil Plaza Pvt Ltd [5.7%]; Optimist Commosale Pvt Ltd [5.5%]; Rashidhan Sales Pvt Ltd [5.2%]; Rashmi Metaliks Ltd [5.0%]; natural person(s) [0.1%],E100001015587 [28.7%]; E100001012163 [16.6%]; E100001012171 [9.1%]; E100001012169 [6.6%]; E100001012170 [6.0%]; E100001012164 [5.8%]; E100001012079 [5.7%]; E100001012165 [5.7%]; E100001012168 [5.5%]; E100001012166 [5.2%]; E100000130890 [5.0%]; E100000123261 [0.1%],Odisha,India,Asia Pacific,17,2008,1100,operating,108,21.856747,83.966244
P100000120563,Orissa Sponge Iron and Steel plant,Orissa Sponge Iron and Steel Ltd,E100000130699,BKM Mining Pvt Ltd [18.5%]; Twenty20 Securities Pvt Ltd [12.8%]; TRFI Investment Pvt Ltd [12.4%]; Saini Alloys Pvt Ltd [9.4%]; ICICI Bank Ltd [6.7%]; Industrial Promotion and Investment Corporation of Odisha Ltd [4.9%],E100001016322 [18.5%]; E100001016325 [12.8%]; E100001016323 [12.4%]; E100001016324 [9.4%]; E100000131685 [6.7%]; E100001016321 [4.9%],Odisha,India,Asia Pacific,30,1995,186,operating,101,21.801994,85.56751
P100000120558,Prakash Industries Janjgir steel plant,Prakash Industries Ltd,E100000121137,Prakash Industries Ltd [100.0%],E100000121137 [100.0%],Chhattisgarh,India,Asia Pacific,32,1993,2404,operating,1190,22.004694,82.671666
P100000121190,Prakash Sponge Iron and Power Challakere Steel Plant,Prakash Sponge Iron and Power Pvt Ltd,E100001012047,Prakash Sponge Iron and Power Pvt Ltd [100.0%],E100001012047 [100.0%],Karnataka,India,Asia Pacific,,,,operating,1350,14.152912,76.665824
P100000120553,Ramsarup Industries Kharagpur steel plant,Ramsarup Industries Ltd,E100000130705,Shyam Metalics and Energy Ltd,E100001012152,West Bengal,India,Asia Pacific,18,2007,,operating,1350,22.977477,88.457443
P100000120555,Rashmi Metaliks Kharagpur steel plant,Rashmi Metaliks Ltd,E100000130890,Rashmi Metaliks Ltd [100.0%],E100000130890 [100.0%],West Bengal,India,Asia Pacific,21,2004,,operating,498,22.360664,87.295932
P100000120531,RINL Vizag Steel plant,Rashtriya Ispat Nigam Ltd,E100000001935,Rashtriya Ispat Nigam Ltd [100.0%],E100000001935 [100.0%],Andhra Pradesh,India,Asia Pacific,36,1989,12794,operating,7302,17.612846,83.191918
P100001025819,Rungta Mines Chaliyama steel plant,Rungta Mines Ltd,E100000130898,Rungta Mines Ltd [100.0%],E100000130898 [100.0%],Jharkhand,India,Asia Pacific,,,1830,operating,696,22.588359,85.905724
P100000120569,Rungta Mines Dhenkanal steel plant,Rungta Mines Ltd,E100000130898,Rungta Mines Ltd [100.0%],E100000130898 [100.0%],Odisha,India,Asia Pacific,4,2021,,operating,206,20.764524,85.299318
P100000121186,Rungta Mines Kamanda steel plant,Rungta Mines Ltd,E100000130898,Rungta Mines Ltd [100.0%],E100000130898 [100.0%],Odisha,India,Asia Pacific,,,2235,operating,347,21.928511,85.223988
P100000121185,Rungta Mines Karakhendra Steel Plant,Rungta Mines Ltd,E100000130898,Rungta Mines Ltd [100.0%],E100000130898 [100.0%],Odisha,India,Asia Pacific,0,2025,1260,operating,126,22.140174,85.414616
P100001025818,Rungta Mines Karakolha sponge iron plant,Rungta Mines Ltd,E100000130898,Rungta Mines Ltd [100.0%],E100000130898 [100.0%],Odisha,India,Asia Pacific,19,2006,1444,operating,1350,22.13237,85.417031
P100000120549,SAIL Alloy Steel Plant,Steel Authority of India Ltd,E100001000703,Steel Authority of India Ltd [100.0%],E100001000703 [100.0%],West Bengal,India,Asia Pacific,61,,630,operating,501,23.522882,87.275935
P100000120525,SAIL Bhilai steel plant,Steel Authority of India Ltd,E100001000703,Steel Authority of India Ltd [100.0%],E100001000703 [100.0%],Chhattisgarh,India,Asia Pacific,66,1959,16407,operating,6999,21.185157,81.394207
P100000120526,SAIL Bokaro steel plant,Steel Authority of India Ltd,E100001000703,Steel Authority of India Ltd [100.0%],E100001000703 [100.0%],Jharkhand,India,Asia Pacific,53,1972,11798,operating,4652,23.671677,86.10687
P100000120527,SAIL Durgapur steel plant,Steel Authority of India Ltd,E100001000703,Steel Authority of India Ltd [100.0%],E100001000703 [100.0%],West Bengal,India,Asia Pacific,66,1959,7855,operating,2199,23.54843,87.245247
P100000120524,SAIL IISCO steel plant,Steel Authority of India Ltd,E100001000703,Steel Authority of India Ltd [100.0%],E100001000703 [100.0%],West Bengal,India,Asia Pacific,107,1918,5945,operating,2499,23.673236,86.926179
P100000120528,SAIL Rourkela steel plant,Steel Authority of India Ltd,E100001000703,Steel Authority of India Ltd [100.0%],E100001000703 [100.0%],Odisha,India,Asia Pacific,66,1959,12938,operating,3282,22.210804,84.86895
P100000121191,Shakambhari Ispat and Power Purulia Steel Plant,Shakambhari Ispat & Power Ltd,E100001012202,Shakambhari Group,E100001012203,West Bengal,India,Asia Pacific,24,2001,1700,operating,531,23.613861,86.789527
P100000121192,Shri Bajrang Power & Ispat Tilda Steel Plant,Shri Bajrang Power and Ispat Ltd,E100001012214,Banka Finance & Securities Pvt Ltd [15.9%]; Atlanta Securities Pvt Ltd [15.6%]; natural person(s) [6.3%]; Sukanya Merchandise Pvt Ltd [5.5%]; Bonus Dealcom Pvt Ltd [5.5%],E100001012215 [15.9%]; E100001012216 [15.6%]; E100000123261 [6.3%]; E100001012218 [5.5%]; E100001012219 [5.5%],Chhattisgarh,India,Asia Pacific,12,2013,,operating,500,21.48619,81.771697
P100000121183,Shyam Metalics Jamuria Steel Plant,Shyam Metalics and Energy Ltd,E100001012152,Shyam Metalics and Energy Ltd [100.0%],E100001012152 [100.0%],West Bengal,India,Asia Pacific,12,2013,,operating,1144,23.693749,87.122711
P100000121184,Shyam Metalics Sambalpur Steel Plant,Shyam Metalics and Energy Ltd,E100001012152,Shyam Metalics and Energy Ltd [100.0%],E100001012152 [100.0%],Odisha,India,Asia Pacific,19,2006,3060,operating,1715,21.680344,84.04179
P100000121182,Shyam Steel Mejia Steel Plant,Shyam Steel Manufacturing Ltd,E100002005402,Shyam Steel Industries Ltd,E100000130859,West Bengal,India,Asia Pacific,,,,operating,126,23.564157,87.089552
P100000121181,Shyam Steel Raghunathpur Steel Plant,Shyam Steel Industries Ltd,E100000130859,Shyam Steel Industries Ltd [100.0%],E100000130859 [100.0%],West Bengal,India,Asia Pacific,1,2024,8000,operating,420,23.590212,86.724603
P100000120575,Sunflag Iron and Steel plant,Sunflag Iron and Steel Co Ltd,E100001000589,Sunflag Iron and Steel Co Ltd [100.0%],E100001000589 [100.0%],Maharashtra,India,Asia Pacific,36,1989,2691,operating,525,21.232929,79.632398
P100000120546,Tata Metaliks Kharagpur steel plant,Tata Metaliks Ltd,E100000130700,Tata Metaliks Ltd [100.0%],E100000130700 [100.0%],West Bengal,India,Asia Pacific,35,1990,1453,operating,1350,22.385611,87.287179
P100000120511,Tata Steel BSL Meramandali steel plant,Tata Steel BSL Ltd,E100001000862,Tata Steel BSL Ltd [100.0%],E100001000862 [100.0%],Odisha,India,Asia Pacific,18,2007,1425,operating,5510,20.796053,85.260382
P100000120529,Tata Steel Jamshedpur steel plant,Tata Steel Ltd,E100001010018,Tata Steel Ltd [100.0%],E100001010018 [100.0%],Jharkhand,India,Asia Pacific,113,1912,32364,operating,11000,22.788598,86.1996
P100000120530,Tata Steel Kalinganagar steel plant,Tata Steel Ltd,E100001010018,Tata Steel Ltd [100.0%],E100001010018 [100.0%],Odisha,India,Asia Pacific,9,2016,3611,operating,8000,20.970411,86.015211
P100000120535,Tata Steel Long Products Gamharia steel plant,Tata Steel Long Products Ltd,E100000121408,Tata Steel Long Products Ltd [100.0%],E100000121408 [100.0%],Jharkhand,India,Asia Pacific,54,1971,2287,operating,1200,22.812895,86.084022
P100000121205,Vedanta Sesa Goa Pig Iron Plant,Vedanta Iron and Steel Ltd,E100001012389,Vedanta Ltd [100.0%],E100001000479 [100.0%],Goa,India,Asia Pacific,33,1992,,operating,1350,15.526866,73.986671
P100000120541,Welspun Metallics Anjar Steel plant,Welspun Corp Ltd,E100002007597,Welspun Corp Ltd [100.0%],E100002007597 [100.0%],Gujarat,India,Asia Pacific,21,2004,2000,operating,288,23.112781,70.0866885
P100000121032,Yazdani Steel and Power Kalinganagar steel plant,Yazdani Steel and Power Ltd,E100001012099,Serajuddin & Co,E100001016270,Odisha,India,Asia Pacific,22,2003,519,operating,110,20.928285,86.036604
P100000120503,CNR Mandan Steel South Kalimantan plant,PT Mandan Steel,E100000130981,CNR Group Holdings Pte Ltd [99.9%]; small shareholder(s) [0.1%],E100002017715 [99.9%]; E100001015587 [0.1%],South Kalimantan,Indonesia,Asia Pacific,11,2014,,operating,1000,-3.339296,115.927125
P100000120504,Dexin Steel Morowali plant,Dexin Steel Pte Ltd,E100000130929,Best Grace Holdings Pte Ltd [100.0%],E100001016334 [100.0%],Central Sulawesi,Indonesia,Asia Pacific,5,2020,1583,operating,7000,-2.829514,122.174896
P100000120499,Gunung Raja Paksi West Java steel plant,PT Gunung Raja Paksi Tbk,E100000130792,PT Gunung Raja Paksi Tbk [100.0%],E100000130792 [100.0%],West Java,Indonesia,Asia Pacific,39,1986,5000,operating,2800,-6.282658,107.117683
P100000120500,Jakarta Prima Steel Industries plant,PT Jakarta Prima Steel Industries,E100000131133,PT Jakarta Prima Steel Industries [100.0%],E100000131133 [100.0%],Jakarta,Indonesia,Asia Pacific,53,1972,,operating,900,-6.181643,106.932331
P100000120501,Krakatau Steel Cilegon plant,PT Krakatau Steel (Persero) Tbk,E100001010136,PT Krakatau Steel (Persero) Tbk [100.0%],E100001010136 [100.0%],Banten,Indonesia,Asia Pacific,48,1977,5497,operating,4000,-6.007021,106.001766
P100000120502,KS Posco Cilegon steel plant,PT Krakatau Posco,E100001010135,POSCO Holdings Inc [50.0%]; PT Krakatau Steel (Persero) Tbk [50.0%],E100000000953 [50.0%]; E100001010136 [50.0%],Banten,Indonesia,Asia Pacific,12,,2746,operating,3000,-5.998661,105.99866
P100000121169,Master Steel Jakarta Steel plant,PT The Master Steel MFG,E100001012183,PT The Master Steel MFG [100.0%],E100001012183 [100.0%],Jakarta,Indonesia,Asia Pacific,53,1972,2000,operating,1500,-6.18421,106.920067
P100001049317,PT Ispat Indo steel plant,LNM Group,E100002017129,LNM Group [100.0%],E100002017129 [100.0%],East Java,Indonesia,Asia Pacific,49,1976,,operating,650,-7.355128628104116,112.703729688359
P100000121224,Ahya Steel Folad Baft Company DRI plant,Ahya Steel Folad Baft Co,E100001012522,Bank of Industry and Mine (Iran); Tourism Financial Group,E100001012523; E100001016229,Kerman,Iran,Middle East,6,2019,300,operating,1350,29.289109,56.490707
P100000120607,Ardakan Steel Yazd plant,Ardakan Steel Complex Co,E100000131100,Jahan Profil Pars Co,E100001016265,Yazd,Iran,Middle East,13,2012,144,operating,1350,32.373942,53.759655
P100000120597,Arfa Iron and Steel Yazd plant,Arfa Iron and Steel Co,E100000131101,Chadelmu Mining and Industrial Co [43.7%]; Mining and Metals Development Investment Co [20.5%]; small shareholder(s) [18.8%]; Yaran Tube Rolling Mill Co [17.0%],E100001016281 [43.7%]; E100001016282 [20.5%]; E100001015587 [18.8%]; E100001016283 [17.0%],Yazd,Iran,Middle East,14,,1350,operating,1000,32.39309,53.7566
P100000120590,Arvand Jahanara Steel Khouzestan plant,Arvand Jahanara Steel Co,E100000131102,Arvand Jahanara Steel Co [100.0%],E100000131102 [100.0%],Khouzestan,Iran,Middle East,4,2021,800,operating,2700,30.510886,48.241356
P100000120606,Bafgh Mineral Complex Iron and Steel Yazd plant,Bafgh Mineral Complex Iron & Steel Co,E100000131106,Bafgh Mineral Complex Iron & Steel Co [100.0%],E100000131106 [100.0%],Yazd,Iran,Middle East,12,2013,1000,operating,1200,31.699307,55.440187
P100000120617,Bonab Steel Complex,Bonab Steel Complex,E100000131182,Tourism Financial Group,E100001016229,East Azerbaijan,Iran,Middle East,17,2008,,operating,1000,37.417437,46.035778
P100000120592,Butia Steel Kerman plant,Butia Iranian Steel Co,E100000131107,Pasargad Financial Group; small shareholder(s),E100000000563; E100001015587,Kerman,Iran,Middle East,14,2011,2450,operating,1500,30.4912,56.8214
P100000121225,Chadormalu Mining and Industrial Company Yazd plant,Chadormalu Mining & Industrial Co,E100001012537,Chadormalu Mining & Industrial Co [100.0%],E100001012537 [100.0%],Yazd,Iran,Middle East,8,2017,,operating,1200,32.387328,53.747706
P100000120580,Esfahan Steel Isfahan plant,Esfahan Steel Co,E100001010254,Iranian Mines & Mining Industries Development & Renovation Organization,E100000000547,Isfahan,Iran,Middle East,54,1971,14000,operating,3600,32.418304,51.331314
P100000120587,Ghadir Iron and Steel plant Yazd,Iranian Ghadir Iron & Steel Co,E100000131116,Chadormalu Mining & Industrial Co; Ghadir Investment Company PJSC; Iran Alloy Steel Co; Shahrood Steel Co,E100001012537; E100000000543; E100000131115; E100001016092,Yazd,Iran,Middle East,14,,,operating,1350,32.3912,53.7496
P100000120603,Ghaenat Steel Complex South Khorasan,Ghaenat Steel Complex,E100001010259,Iranian Mines & Mining Industries Development & Renovation Organization [100.0%],E100000000547 [100.0%],South Khorasan,Iran,Middle East,3,2022,2650,operating,800,33.926909,59.007852
P100000120613,Golgohar Iron and Steel Company Kerman,Gohar Zamin Iron Ore Co,E100000131077,Omid Investment Management Co [26.8%]; Ghadir Investment Company PJSC,E100000000561 [26.8%]; E100000000543,Kerman,Iran,Middle East,10,2015,600,operating,1350,29.134614,55.360773
P100000120599,Iran Alloy Steel Company Yazd plant,Iran Alloy Steel Co,E100000131115,Iran Alloy Steel Co [100.0%],E100000131115 [100.0%],Yazd,Iran,Middle East,26,1999,1430,operating,600,31.940106,54.037614
P100000120589,Jahan Foolad Sirjan Steel Kerman plant,Sirjan Jahan Steel Co,E100001010255,Golgohar Mining and Industrial Co [51.0%]; Iran National Copper Industries Pension Fund [49.0%],E100000000544 [51.0%]; E100001010256 [49.0%],Kerman,Iran,Middle East,16,2009,,operating,1200,29.13806,55.375073
P100000120582,Khorasan Steel Complex,Khorasan Steel Complex Co,E100001010258,Khorasan Steel Complex Co [100.0%],E100001010258 [100.0%],Razavi Khorasan,Iran,Middle East,24,2001,5000,operating,1400,36.3445,58.67875
P100000120583,Khouzestan Steel plant,Khouzestan Steel Co,E100001010257,Khouzestan Steel Co [100.0%],E100001010257 [100.0%],Khouzestan,Iran,Middle East,36,1989,7411,operating,3600,31.270091,48.732904
P100000120596,Kish South Kaveh Steel Hormuzgan plant,Kish South Kaveh Steel Co,E100000131118,Kaveh Pars Mining Industries Development Co,E100001016248,Hormuzgan,Iran,Middle East,14,2011,170,operating,2400,27.169696,56.095207
P100000120601,Miyaneh Steel East Azerbaijan steel plant,Mianeh Steel,E100001010202,Iranian Mines & Mining Industries Development & Renovation Organization,E100000000547,East Azerbaijan,Iran,Middle East,8,2017,,operating,1350,37.37881,47.736689
P100000121197,Mobarakeh Saba Steel Complex,Mobarakeh Steel Co,E100000001959,Iranian Mines & Mining Industries Development & Renovation Organization,E100000000547,Isfahan,Iran,Middle East,19,2006,,operating,1600,32.40787,51.338985
P100000120584,Mobarakeh Steel Complex Isfahan,Mobarakeh Steel Co,E100000001959,Iranian Mines & Mining Industries Development & Renovation Organization,E100000000547,Isfahan,Iran,Middle East,34,1991,12092,operating,10000,32.244,51.4263
P100000120581,Mobarakeh Steel Hormuzgan Steel Company plant,Mobarakeh Steel Co,E100000001959,Iranian Mines & Mining Industries Development & Renovation Organization,E100000000547,Hormuzgan,Iran,Middle East,14,2011,1500,operating,1500,27.161426,56.10058
P100000120612,Mobarakeh Steel Sefid Dasht Steel Complex,Mobarakeh Steel Co,E100000001959,Iranian Mines & Mining Industries Development & Renovation Organization,E100000000547,Chaharmahal and Bakhtiari Province,Iran,Middle East,9,2016,650,operating,1000,32.156673,51.199541
P100000120585,Natanz Steel Company Isfahan plant,Natanz Steel Co,E100000131127,Natanz Steel Co [100.0%],E100000131127 [100.0%],Isfahan,Iran,Middle East,24,2001,750,operating,999,33.428593,51.982273
P100000120611,Neyriz Ghadir Steel Company Fars plant,Neyriz Ghadir Steel Co,E100000131179,Ghadir Investment Company PJSC [65.0%]; Iranian Mines & Mining Industries Development & Renovation Organization [35.0%],E100000000543 [65.0%]; E100000000547 [35.0%],Fars,Iran,Middle East,7,2018,1100,operating,1000,29.168087,54.621487
P100000120586,Pasargad Steel Complex Fars,Pasargad Steel Complex Co,E100000131131,Pasargad Steel Complex Co [100.0%],E100000131131 [100.0%],Fars,Iran,Middle East,12,2013,,operating,1500,29.191019,52.845405
P100000120610,Persian Gulf Saba Steel,Persian Gulf Saba Steel,E100000131132,Civil Pension Fund Investment Co,E100001016147,Hormuzgan,Iran,Middle East,8,2017,3333,operating,1350,27.189076,56.105633
P100000120602,Sabzevar Steel Complex Razavi Khorasan,Sabzevar Pars Steel Complex,E100000131093,Sabzevar Pars Steel Complex [100.0%],E100000131093 [100.0%],Razavi Khorasan,Iran,Middle East,7,2018,350,operating,1350,36.58952,57.571719
P100000121164,Shadegan Steel Complex,Khouzestan Steel Co,E100001010257,Khouzestan Steel Co [100.0%],E100001010257 [100.0%],Khouzestan,Iran,Middle East,8,2017,1700,operating,1350,30.565979,48.939846
P100000120598,Sirjan Iranian Steel Kerman Plant,Iranian Sirjan Steel Co,E100001012066,Pasargad Financial Group; small shareholder(s),E100000000563; E100001015587,Kerman,Iran,Middle East,12,2013,200,operating,1000,29.928062,56.736539
P100000120591,West Alborz Ana Steel Zanjan plant,West Alborz Steel Co,E100000131141,West Alborz Steel Co [100.0%],E100000131141 [100.0%],Zanjan,Iran,Middle East,20,2005,,operating,1600,36.119574,49.306253
P100000120588,Zarand Iranian Steel Company Kerman plant,Zarand Iranian Steel Co,E100000131076,Pasargad Financial Group; small shareholder(s),E100000000563; E100001015587,Kerman,Iran,Middle East,17,2008,5880,operating,1500,30.749633,56.6675096
P100001045293,Al Anmaa Basra steel plant,Al Anmaa for Construction Materials Production Ltd,E100002007989,Al Tanmiya Co; Al-Massira International Co; Astra Industrial Group Company SJSC,E100002008132; E100002008135; E100002008133,Basra,Iraq,Middle East,13,2012,,operating,735,30.218529,47.827362
P100000121226,F&F Steel Erbil plant,F&F Steel,E100001013032,Barz Group; Hend Steel Co,E100001013035; E100001013034,Kurdistan,Iraq,Middle East,12,,,operating,600,36.115147,43.977052
P100000120577,Mass Iron and Steel Industry Co Sulaimaniya plant,Mass Iraq Iron and Steel Industry Co,E100000131036,Mass Group Holding Ltd,E100000000666,Kurdistan,Iraq,Middle East,10,2015,1000,operating,1250,35.660125,45.039062
P100000120579,Van Steel Kurdistan plant,Van Company for Industrial Investment and General Trading,E100000131178,Van Company for Industrial Investment and General Trading [100.0%],E100000131178 [100.0%],Kurdistan,Iraq,Middle East,3,2022,2000,operating,750,36.09176,43.97415
P100000120620,Acciaierie d'Italia Taranto steel plant,Acciaierie d'italia SpA,E100001010116,ArcelorMittal SA [62.0%]; Invitalia SpA SpA [38.0%],E100000000687 [62.0%]; E100001010117 [38.0%],Province of Taranto,Italy,Europe,60,1965,11000,operating,7800,40.508993,17.207589
P100000120634,Acciaierie Venete Borgo Valsugana steel plant,Acciaierie Venete SpA,E100000130761,Acciaierie Venete SpA [100.0%],E100000130761 [100.0%],Province of Trentino-Alto Adige,Italy,Europe,46,1979,115,operating,600,46.049182,11.440394
P100000120636,Acciaierie Venete Padua steel plant,Acciaierie Venete SpA,E100000130761,Acciaierie Venete SpA [100.0%],E100000130761 [100.0%],Province of Podova,Italy,Europe,34,1991,601,operating,600,45.419168,11.906625
P100000120635,Acciaierie Venete Sarezzo steel plant,Acciaierie Venete SpA,E100000130761,Acciaierie Venete SpA [100.0%],E100000130761 [100.0%],Province of Brescia,Italy,Europe,58,1967,139,operating,540,45.648691,10.209114
P100000120624,AFV Accaierie Beltrame Vicenza steel plant,AFV Acciaierie Beltrame SpA,E100001012892,Beltrame Holding SpA [91.9%]; unknown [8.1%],E100001016199 [91.9%]; E100000132388 [8.1%],Province of Vicenza,Italy,Europe,49,1976,419,operating,1200,45.522097,11.499295
P100000120623,Alfa Acciai Brescia steel plant,Alfa Acciai SpA,E100000130779,Siderurgica Investimenti SRL,E100001016253,Province of Brescia,Italy,Europe,70,1955,300,operating,2000,45.508698,10.248464
P100000120637,Alfa Acciai Catania steel plant,Acciaierie di Sicilia SpA,E100000130873,Siderurgica Investimenti SRL,E100001016253,Province of Sicily,Italy,Europe,27,1998,173,operating,500,37.438448,15.03287
P100000120621,Danieli ABS Pozzuolo del Friuli steel plant,Acciaierie Bertoli Safau SpA,E100000130813,Danieli & C Officine Meccaniche SpA [99.9%]; small shareholder(s) [0.1%],E100000130706 [99.9%]; E100001015587 [0.1%],Province of Udine,Italy,Europe,212,1813,1627,operating,1100,46.008483,13.255117
P100000120640,Duferco Travi e Profilati San Zeno Naviglio steel plant,Duferco Travi e Profilati SpA,E100001000536,Duferco Participations Holding SA,E100001016280,Province of Brescia,Italy,Europe,21,2004,214,operating,950,45.478363,10.209234
P100000120632,Feralpi Calvisano steel plant,Acciaierie di Calvisano SpA,E100000130824,Feralpi Holding SpA,E100000130894,Province of Brescia,Italy,Europe,53,1972,150,operating,600,45.371651,10.331967
P100000120626,Feralpi Siderurgica Lonato steel plant,Feralpi Siderurgica SpA,E100000130847,Feralpi Holding SpA,E100000130894,Province of Brescia,Italy,Europe,57,1968,421,operating,1216,45.460582,10.456748
P100000120638,Ferriera Valsabbia Odolo steel plant,Ferriera Valsabbia SpA,E100000130807,Valsabbia Investimenti SpA,E100001016291,Province of Brescia,Italy,Europe,57,1968,,operating,900,45.642905,10.380199
P100000120630,Finarvedi Acciai Speciali Terni steel plant,Acciai Speciali Terni SpA,E100001010325,thyssenkrupp AG [15.0%]; Finarvedi SpA,E100000004212 [15.0%]; E100000000614,Province of Terni,Italy,Europe,141,1884,2300,operating,1450,42.564752,12.66936
P100000120619,Finarvedi Cremona steel plant,Acciaieria Arvedi SpA,E100000130778,Finarvedi SpA,E100000000614,Province of Cremona,Italy,Europe,33,1992,700,operating,4300,45.145949,9.950821
P100000120639,IRO Odolo steel plant,Industrie Riunite Odolesi IRO SpA,E100000130874,OLIFIN SpA,E100001016290,Province of Brescia,Italy,Europe,74,1951,,operating,600,45.645688,10.374305
P100000120631,Ori Martin Brescia steel plant,ORI Martin - Acciaieria e Ferriera di Brescia SpA,E100000130831,ORI Martin Holding SRL,E100001016336,Province of Brescia,Italy,Europe,92,1933,480,operating,650,45.566054,10.2147
P100000120627,Pittini Acciaierie di Verona steel plant,Acciaierie di Verona SpA,E100000131031,Pittini Group SpA,E100000130840,Province of Verona,Italy,Europe,123,1902,350,operating,1250,45.42882,11.000861
P100000120628,Pittini Ferriere Nord Osoppo steel plant,Ferriere Nord SpA,E100000130848,Fin.Fer. SpA,E100001016757,Province of Udine,Italy,Europe,50,1975,350,operating,2200,46.232199,13.079104
P100000120629,Pittini Siderpotenza Potenza steel plant,Siderpotenza SpA,E100000131095,Fin.Fer. SpA,E100001016757,Province of Potenza,Italy,Europe,62,1963,270,operating,700,40.639356,15.827842
P100000120641,Riva Acciaio Caronno Pertusella steel plant,Riva Acciaio SpA,E100000130796,Riva Forni Elettrici SpA,E100000131000,Province of Varese,Italy,Europe,68,1957,200,operating,780,45.598187,9.035447
P100000120642,Riva Acciaio Lesegno steel plant,Riva Acciaio SpA,E100000130796,Riva Forni Elettrici SpA,E100000131000,Province of Cuneo,Italy,Europe,64,1961,300,operating,600,44.388023,7.944998
P100000120625,Tenaris Dalmine steel plant,Dalmine SpA,E100000002771,Tenaris SA [100.0%],E100000000692 [100.0%],Province of Bergamo,Italy,Europe,116,1909,1900,operating,700,45.641516,9.600242
P100000120644,Aichi Steel Chita Plant (Tokai),Aichi Steel Corp,E100000130710,Aichi Steel Corp [100.0%],E100000130710 [100.0%],Chūbu,Japan,Asia Pacific,82,1943,965,operating,1495,35.044558,136.900772
P100000120683,Chubu Steel Plate Nagoya plant,Chubu Steel Plate Co Ltd,E100000130711,Chubu Steel Plate Co Ltd [100.0%],E100000130711 [100.0%],Chūbu,Japan,Asia Pacific,66,1959,372,operating,800,35.118836,136.867567
P100000120645,Daido Steel Chita plant (Tokai),Daido Steel Co Ltd,E100001000597,Daido Steel Co Ltd [100.0%],E100001000597 [100.0%],Aichi,Japan,Asia Pacific,63,1962,3878,operating,1500,35.016404,136.864744
P100000120676,Godo Steel Funabashi Works,Godo Steel Ltd,E100000130709,Godo Steel Ltd [100.0%],E100000130709 [100.0%],Chiba,Japan,Asia Pacific,,,241,operating,700,35.697541,139.964104
P100000120675,Godo Steel Himeji Works,Godo Steel Ltd,E100000130709,Godo Steel Ltd [100.0%],E100000130709 [100.0%],Hyogo,Japan,Asia Pacific,47,1978,241,operating,500,34.783057,134.669411
P100000120674,Godo Steel Osaka Works,Godo Steel Ltd,E100000130709,Godo Steel Ltd [100.0%],E100000130709 [100.0%],Osaka,Japan,Asia Pacific,88,1937,241,operating,500,34.693045,135.428537
P100000120652,JFE Bars & Shapes Himeji Works steel plant,JFE Bars & Shapes Corp,E100001010145,JFE Holdings Inc [100.0%],E100000000643 [100.0%],Hyogo,Japan,Asia Pacific,88,1937,218,operating,900,34.784113,134.658493
P100000120653,JFE Bars & Shapes Kashima Works steel plant,JFE Bars & Shapes Corp,E100001010145,JFE Holdings Inc [100.0%],E100000000643 [100.0%],Ibaraki,Japan,Asia Pacific,92,1933,218,operating,720,35.882023,140.731707
P100000120646,JFE Bars & Shapes Mizushima Works steel plant,JFE Bars & Shapes Corp,E100001010145,JFE Holdings Inc [100.0%],E100000000643 [100.0%],Okayama,Japan,Asia Pacific,58,1967,218,operating,600,34.503883,133.710136
P100000120647,JFE East Japan Works (Chiba) steel plant,JFE Steel Corp,E100000003335,JFE Holdings Inc [100.0%],E100000000643 [100.0%],Chiba,Japan,Asia Pacific,74,1951,5730,operating,4615,35.580917,140.104196
P100000120651,JFE Sendai Works steel plant,JFE Steel Corp,E100000003335,JFE Holdings Inc [100.0%],E100000000643 [100.0%],Miyagi,Japan,Asia Pacific,51,,5730,operating,852,38.265706,141.012963
P100000120649,JFE West Japan Works (Fukuyama) steel plant,JFE Steel Corp,E100000003335,JFE Holdings Inc [100.0%],E100000000643 [100.0%],Hiroshima,Japan,Asia Pacific,60,1965,5730,operating,13002,34.465222,133.431205
P100000120648,JFE West Japan Works (Kurashiki) steel plant,JFE Steel Corp,E100000003335,JFE Holdings Inc [100.0%],E100000000643 [100.0%],Okayama,Japan,Asia Pacific,58,1967,5730,operating,2000,34.501198,133.722123
P100000121199,Kishiwada Steel Osaka Steel Plant,Kishiwada Steel Co Ltd,E100001012303,Kishiwada Steel Co Ltd [100.0%],E100001012303 [100.0%],Osaka,Japan,Asia Pacific,69,,250,operating,500,34.477479,135.353918
P100000120655,Kobe Kakogawa Works steel plant,Kobe Steel Ltd,E100000000647,Kobe Steel Ltd [100.0%],E100000000647 [100.0%],Hyogo,Japan,Asia Pacific,55,1970,2505,operating,4536,34.720268,134.826275
P100000120680,Kyoei Steel Hirakata Division (Osaka),Kyoei Steel Ltd,E100000130707,Kyoei Steel Ltd [100.0%],E100000130707 [100.0%],Osaka,Japan,Asia Pacific,63,1962,158,operating,805,34.816321,135.677444
P100000120682,Kyoei Steel Nagoya Division (Tokai),Kyoei Steel Ltd,E100000130707,Kyoei Steel Ltd [100.0%],E100000130707 [100.0%],Aichi,Japan,Asia Pacific,41,1984,158,operating,1265,35.065055,136.815384
P100000120681,Kyoei Steel Yamaguchi Division (Yamaguchi),Kyoei Steel Ltd,E100000130707,Kyoei Steel Ltd [100.0%],E100000130707 [100.0%],Yamaguchi,Japan,Asia Pacific,53,1972,158,operating,575,33.976513,131.173031
P100000120678,Nakayama Steel Products Osaka plant,Nakayama Steel Products Co Ltd,E100000130770,Godo Steel Ltd; Kyoei Steel Ltd; MM Construction Materials Co Ltd,E100000130709; E100000130707; E100001016300,Osaka,Japan,Asia Pacific,75,,195,operating,600,34.699762,135.430119
P100000120679,Nakayama Steel Works Osaka,Nakayama Steel Works Ltd,E100001000919,Nakayama Steel Works Ltd [100.0%],E100001000919 [100.0%],Osaka,Japan,Asia Pacific,96,1929,434,operating,600,34.628162,135.459688
P100000120664,Nippon East Japan Works (Kashima) steel plant,Nippon Steel Corp,E100000000652,Nippon Steel Corp [100.0%],E100000000652 [100.0%],Ibaraki,Japan,Asia Pacific,57,1968,3042,operating,3432,35.93437,140.681019
P100000120659,Nippon East Japan Works (Kimitsu) steel plant,Nippon Steel Corp,E100000000652,Nippon Steel Corp [100.0%],E100000000652 [100.0%],Chiba,Japan,Asia Pacific,60,1965,3547,operating,10001,35.360912,139.881953
P100000120666,"Nippon Kansai Works (Wakayama Area, Wakayama) steel plant",Nippon Steel Corp,E100000000652,Nippon Steel Corp [100.0%],E100000000652 [100.0%],Kansai,Japan,Asia Pacific,83,1942,3167,operating,3043,34.233519,135.135443
P100000120662,"Nippon Kyushu Works (Oita Area, Oita) steel plant",Nippon Steel Corp,E100000000652,Nippon Steel Corp [100.0%],E100000000652 [100.0%],Oita,Japan,Asia Pacific,54,,2083,operating,9999,33.260829,131.645527
P100000120663,"Nippon Kyushu Works (Yawata Area, Tobata) steel plant",Nippon Steel Corp,E100000000652,Nippon Steel Corp [100.0%],E100000000652 [100.0%],Fukuoka,Japan,Asia Pacific,124,1901,1789,operating,1350,33.911803,130.838014
P100000120661,Nippon Nagoya steel plant,Nippon Steel Corp,E100000000652,Nippon Steel Corp [100.0%],E100000000652 [100.0%],Aichi,Japan,Asia Pacific,64,1961,3183,operating,6000,35.027575,136.870552
P100000120667,Nippon Sanyo Special Steel,Sanyo Special Steel Co Ltd,E100000130712,Sanyo Special Steel Co Ltd [100.0%],E100000130712 [100.0%],Hyogo,Japan,Asia Pacific,90,1935,1623,operating,1596,34.788074,134.672046
P100000120658,Nippon Setouchi Works (Hirohata Area) steel plant,Nippon Steel Corp,E100000000652,Nippon Steel Corp [100.0%],E100000000652 [100.0%],Hyogo,Japan,Asia Pacific,86,1939,1351,operating,720,34.786879,134.625301
P100001041253,Nippon Stainless Steel Yamaguchi Works (Hikari Area) steel plant,Nippon Steel Stainless Steel Corp,E100000120933,Nippon Steel Corp [100.0%],E100000000652 [100.0%],Yamaguchi,Japan,Asia Pacific,70,1955,,operating,500,33.964661,131.935403
P100001041252,Nippon Stainless Steel Yamaguchi Works (Shunan Area) steel plant,Nippon Steel Stainless Steel Corp,E100000120933,Nippon Steel Corp [100.0%],E100000000652 [100.0%],Yamaguchi,Japan,Asia Pacific,67,1958,,operating,866,34.059009,131.777221
P100000120660,North Nippon Muroran Works steel plant,Nippon Steel Corp,E100000000652,Nippon Steel Corp [100.0%],E100000000652 [100.0%],Hokkaidō,Japan,Asia Pacific,116,1909,1026,operating,2200,42.341873,140.997803
P100000120677,Osaka Steel Sakai Works,Osaka Steel Co Ltd,E100000130708,Osaka Steel Co Ltd [100.0%],E100000130708 [100.0%],Osaka,Japan,Asia Pacific,75,1950,328,operating,3450,34.59822,135.45439
P100000120668,Tokyo Steel Kyushu plant,Tokyo Steel Manufacturing Co Ltd,E100000130713,Tokyo Steel Manufacturing Co Ltd [100.0%],E100000130713 [100.0%],Fukuoka,Japan,Asia Pacific,54,,257,operating,678,33.881431,130.755978
P100000120669,Tokyo Steel Okayama plant,Tokyo Steel Manufacturing Co Ltd,E100000130713,Tokyo Steel Manufacturing Co Ltd [100.0%],E100000130713 [100.0%],Okayama,Japan,Asia Pacific,63,,257,operating,708,34.515062,133.745525
P100000120670,Tokyo Steel Tahara plant,Tokyo Steel Manufacturing Co Ltd,E100000130713,Tokyo Steel Manufacturing Co Ltd [100.0%],E100000130713 [100.0%],Aichi,Japan,Asia Pacific,15,,257,operating,2600,34.702012,137.249114
P100000120671,Tokyo Steel Utsunomiya plant,Tokyo Steel Manufacturing Co Ltd,E100000130713,Tokyo Steel Manufacturing Co Ltd [100.0%],E100000130713 [100.0%],Tochigi,Japan,Asia Pacific,30,,257,operating,800,36.540425,139.993079
P100000120672,Topy Industries Toyohashi steel plant,Topy Industries Ltd,E100001000737,Topy Industries Ltd [100.0%],E100001000737 [100.0%],Aichi,Japan,Asia Pacific,67,1958,1002,operating,960,34.719644,137.322259
P100000120673,Yamato Steel Himeji Plant,Yamato Steel Co Ltd,E100000130862,Yamato Kogyo Co Ltd [100.0%],E100001010196 [100.0%],Hyogo,Japan,Asia Pacific,64,1961,336,operating,700,34.783319,134.604616
P100000120710,Qarmet steel plant,Qazaqstan Steel Group LLP,E100002003233,Qazaqstan Steel Group LLP [100.0%],E100002003233 [100.0%],Karaganda,Kazakhstan,Eurasia,65,1960,14000,operating,6000,50.031766,72.994863
P100000120685,Devki Steel Mills Kwale plant,Devki Steel Mills Ltd,E100000130771,Devki Steel Mills Ltd [100.0%],E100000130771 [100.0%],Kwale County,Kenya,Africa,3,2022,2500,operating,1000,-3.77734,39.279963
P100000120709,United Steel Industrial Kuwait Steel Sharq plant,United Steel Industries Co KSCC,E100000130936,Bukhamseen Holding Group Co; Iranian Mines & Mining Industries Development & Renovation Organization,E100001016268; E100000000547,Capital Governorate,Kuwait,Middle East,18,2007,900,operating,1200,28.989306,48.128118
P100000120717,Libyan Iron and Steel Misrata plant,Libyan Iron and Steel Co,E100000002006,Libyan Iron and Steel Co [100.0%],E100000002006 [100.0%],Misrata,Libya,Africa,36,1989,6800,operating,1614,32.335185,15.215053
P100000120714,ArcelorMittal Differdange steel plant,ArcelorMittal SA,E100000000687,ArcelorMittal SA [100.0%],E100000000687 [100.0%],Esch-sur-Alzette,Luxembourg,Europe,129,1896,700,operating,1350,49.527966,5.900398
P100000120750,Alliance Steel Kuantan plant,Alliance Steel (M) Sdn Bhd,E100000131062,Guangxi Beibu Gulf International Port Group Co Ltd [50.0%]; Guangxi Shenglong Metallurgical Co Ltd [50.0%],E100000127970 [50.0%]; E100000123226 [50.0%],Pahang,Malaysia,Asia Pacific,8,2017,3500,operating,3500,4.007595,103.344458
P100000120748,Ann Joo Integrated Steel Penang plant,Ann Joo Integrated Steel Sdn Bhd,E100000130959,Ann Joo Resources Bhd [100.0%],E100000130723 [100.0%],Penang,Malaysia,Asia Pacific,18,2007,663,operating,900,5.380391,100.377598
P100000120749,Ann Joo Steel Selangor plant,Ann Joo Steel Bhd,E100000130719,Ann Joo Resources Bhd [100.0%],E100000130723 [100.0%],Selangor,Malaysia,Asia Pacific,64,1961,663,operating,820,3.042585,101.537011
P100000120747,Eastern Steel Kemaman plant,Eastern Steel Sdn Bhd,E100000130938,Beijing Jianlong Investment Co Ltd; Hiap Teck Venture Bhd; unknown,E100000000155; E100000130720; E100000132388,Terengganu,Malaysia,Asia Pacific,10,2015,2600,operating,2700,4.285062,103.432551
P100000120743,Eden Flame Johor steel plant,Eden Flame Sdn Bhd,E100001012230,Green Esteel Pte Ltd [100.0%],E100000131050 [100.0%],Johor,Malaysia,Asia Pacific,32,1993,,operating,1050,1.451512,103.917306
P100000120744,Esteel Antara Labuan iron plant,Antara Steel Mills Sdn Bhd,E100000130921,Green Esteel Pte Ltd [100.0%],E100000131050 [100.0%],Labuan Island,Malaysia,Asia Pacific,41,1984,,operating,1350,5.253839,115.242717
P100000120738,Lion Industries Amsteel Banting steel plant,Amsteel Mills Sdn Bhd,E100000130907,Lion Industries Corporation Bhd,E100000130722,Selangor,Malaysia,Asia Pacific,24,2001,,operating,1250,2.806998,101.601053
P100000120739,Lion Industries Amsteel Klang steel plant,Amsteel Mills Sdn Bhd,E100000130907,Lion Industries Corporation Bhd,E100000130722,Selangor,Malaysia,Asia Pacific,43,1982,,operating,750,3.069682,101.456474
P100000120746,Malaysia Steel Works Klang,Malaysia Steel Works (KL) Bhd,E100000130724,Malaysia Steel Works (KL) Bhd [100.0%],E100000130724 [100.0%],Selangor,Malaysia,Asia Pacific,27,1998,367,operating,800,3.077835,101.46448
P100000121055,Southern Steel Prai Penang plant,Southern Steel Bhd,E100000130721,Southern Steel Bhd [100.0%],E100000130721 [100.0%],Penang,Malaysia,Asia Pacific,62,1963,,operating,1400,5.399453,100.382177
P100000120725,ArcelorMittal Lázaro Cárdenas steel plant,ArcelorMittal México SA de CV,E100001000501,ArcelorMittal SA [100.0%],E100000000687 [100.0%],Michoacán,Mexico,North America,49,,8000,operating,6500,17.930688,-102.201498
P100000120726,DEACERO Celaya steel plant,DeAcero SAPI de CV,E100000000715,DeAcero SAPI de CV [100.0%],E100000000715 [100.0%],Guanajuato,Mexico,North America,27,1998,500,operating,2300,20.518556,-100.925556
P100000120730,DEACERO Ramos Arizpe steel plant,DeAcero SAPI de CV,E100000000715,DeAcero SAPI de CV [100.0%],E100000000715 [100.0%],Coahuila,Mexico,North America,39,1986,500,operating,2200,25.511162,-100.961848
P100000120727,Gerdau Corsa Ciudad Sahagún steel plant,Gerdau Corsa SAPI de CV,E100001010300,Gerdau SA [73.6%]; Grupo Córdova [25.0%],E100001010270 [73.6%]; E100001010301 [25.0%],Hidalgo,Mexico,North America,10,2015,1126,operating,1000,19.753326,-98.596483
P100000120735,Gerdau Corsa Tultitlán steel plant,Gerdau Corsa SAPI de CV,E100001010300,Gerdau SA [73.6%]; Grupo Córdova [25.0%],E100001010270 [73.6%]; E100001010301 [25.0%],State of México,Mexico,North America,41,1984,562,operating,500,19.630355,-99.180315
P100000120736,Grupo Acerero steel plant,Grupo Acerero SA de CV,E100000130887,Grupo Fonderia SA de CV,E100002000035,San Luis Potosí,Mexico,North America,21,2004,2250,operating,725,22.087328,-100.901902
P100000120733,Grupo Simec Apizaco Cholula steel plant,Aceros Especiales Simec Tlaxcala SA de CV,E100000131089,Grupo Simec SAB de CV [100.0%],E100000130728 [100.0%],Tlaxcala,Mexico,North America,7,,613,operating,1140,19.395628,-98.088777
P100000120737,Grupo Simec San Luis steel plants,Aceros Especiales Simec Tlaxcala SA de CV,E100000131089,Grupo Simec SAB de CV [100.0%],E100000130728 [100.0%],San Luis Potosí,Mexico,North America,32,1993,613,operating,816,22.103324,-100.919202
P100000120731,Tenaris TAMSA Veracruz steel plant,Tubos de Acero de Mexico SA,E100000130729,Tenaris SA [100.0%],E100000000692 [100.0%],Veracruz,Mexico,North America,71,1954,7500,operating,1230,19.182499,-96.237284
P100000120734,Ternium Apodaca steel plant,Ternium México SA de CV,E100000004192,unknown [10.8%]; Ternium Argentina SA; Ternium SA,E100000132388 [10.8%]; E100000130688; E100001000384,Nuevo León,Mexico,North America,32,1993,251,operating,600,25.742085,-100.236478
P100000120729,Ternium Guerrero San Nicolás de los Garza steel plant,Ternium México SA de CV,E100000004192,unknown [10.8%]; Ternium Argentina SA; Ternium SA,E100000132388 [10.8%]; E100000130688; E100001000384,Nuevo León,Mexico,North America,82,1943,,operating,2400,25.720327,-100.301175
P100000120728,Ternium Puebla steel plant,Ternium México SA de CV,E100000004192,unknown [10.8%]; Ternium Argentina SA; Ternium SA,E100000132388 [10.8%]; E100000130688; E100001000384,Puebla,Mexico,North America,56,1969,575,operating,1330,19.169532,-98.318659
P100000120732,TYASA steel plant,Talleres y Aceros SA de CV,E100000130822,Talleres y Aceros SA de CV [100.0%],E100000130822 [100.0%],Veracruz,Mexico,North America,32,1993,2300,operating,1650,18.869272,-97.047263
P100000120721,JSC Moldova Steel Works,Moldova Steel Works JSC,E100000130762,Moldova Steel Works JSC [100.0%],E100000130762 [100.0%],Transnistria,Moldova,Europe,40,1985,2500,operating,1000,47.783771,29.02835
P100000120719,ArcelorMittal Sonasid Casablanca steel plant,ArcelorMittal SA,E100000000687,ArcelorMittal SA [100.0%],E100000000687 [100.0%],Casablanca-Settat,Morocco,Africa,20,2005,855,operating,800,33.136529,-8.603555
P100000120718,Mahgreb Steel Casablanca plant,Maghreb Steel SA,E100000130825,Maghreb Steel SA [100.0%],E100000130825 [100.0%],Casablanca-Settat,Morocco,Africa,50,1975,1600,operating,1200,33.592793,-7.475613
P100000120720,Riva Industries Jorf Lasfar steel plant,Riva Industries,E100000131135,Meski Invest,E100001016311,Casablanca-Settat,Morocco,Africa,4,2021,186,operating,800,33.165438,-8.5883
P100000121230,Univers Acier Sidi Hajjaj steel plant,Univers Acier,E100001013036,Demirsan Haddecilik Sanayi Ve Ticaret AŞ; Longofer,E100001013038; E100001013037,Casablanca-Settat,Morocco,Africa,23,2002,700,operating,1200,33.501325,-7.467363
P100000121156,Myingyan Myanmar Steel Plant,Myanmar Economic Corp,E100000131956,Myanmar Economic Corp [100.0%],E100000131956 [100.0%],Mandalay,Myanmar,Asia Pacific,,,354,operating,200,21.377652,95.372079
P100000120754,HyIron Steel Namibia plant,Hyron Africa,E100000131186,Lodestone Holdings Group (Namibia) Pty Ltd,E100001016207,unknown,Namibia,Africa,0,2025,3500,operating,1350,-22.084183,17.4099154
P100000120761,BlueScope New Zealand Steel Glenbrook,New Zealand Steel Ltd,E100000130799,BlueScope Steel Ltd [100.0%],E100000130689 [100.0%],South Auckland,New Zealand,Asia Pacific,56,1969,1400,operating,1350,-37.206878,174.728098
P100001045326,Kam Industries Kwara steel plant,Kam Industries (Nigeria) Ltd,E100002008021,KAM Holding Ltd,E100002008145,Kwara,Nigeria,Africa,29,1996,,operating,600,8.454565,4.5430531
P100000120690,Ch'ollima Steel Complex steel plant,Government of North Korea,E100001000599,Government of North Korea [100.0%],E100001000599 [100.0%],South Pyongan,North Korea,Asia Pacific,69,1956,8000,operating,752,38.926348,125.582628
P100000120687,Ch'ŏngjin Ironworks steel plant,Government of North Korea,E100001000599,Government of North Korea [100.0%],E100001000599 [100.0%],North Hamgyeong,North Korea,Asia Pacific,83,1942,,operating,2000,41.777936,129.792399
P100000120688,Hwanghae Iron and Steel Complex steel plant,Government of North Korea,E100001000599,Government of North Korea [100.0%],E100001000599 [100.0%],North Hwanghae,North Korea,Asia Pacific,111,1914,,operating,1500,38.742224,125.616814
P100000120691,Kim Chaek Iron and Steel Complex steel plant,Government of North Korea,E100001000599,Government of North Korea [100.0%],E100001000599 [100.0%],North Hamgyeong,North Korea,Asia Pacific,87,1938,25000,operating,6000,41.753784,129.752681
P100000120722,Makstil Skopje Steel plant,Makstil AD,E100000130843,Hesteel Group Co Ltd,E100001016332,Skopje,North Macedonia,Europe,58,1967,973,operating,550,42.016228,21.46605
P100000120760,Sev.en GI Mo i Rana steel plant,Sev.en Global Investments AS,E100001010410,Engiana Establishment [100.0%],E100001016427 [100.0%],Mo i Rana,Norway,Europe,79,1946,344,operating,770,66.311519,14.167557
P100000120762,Jindal Steel Sohar plant,Jindal Shadeed Iron & Steel LLC,E100001010329,Templar Investments Ltd,E100001010331,Al Batinah North,Oman,Middle East,15,2010,,operating,2400,24.502551,56.600739
P100000120763,Moon Iron & Steel Company Sohar plant,Moon Iron and Steel Company SAOC,E100000131008,Gulf Investment Corp; Oman Development Fund Company SAOC; Sultan Special Force Pension Fund,E100000000675; E100001012487; E100001012488,Al Batinah North,Oman,Middle East,5,2020,,operating,1200,24.409437,56.520134
P100000120765,Sohar Steel plant,Sohar Steel LLC,E100000131070,Templar Investments Ltd,E100001010331,Al Batinah North,Oman,Middle East,17,2008,150,operating,700,24.499869,56.599111
P100000120782,Agha Steel Industries Karachi plant,Agha Steel Industries Ltd,E100000131045,Agha Steel Industries Ltd [100.0%],E100000131045 [100.0%],Sindh,Pakistan,Asia Pacific,14,,,operating,450,24.841851,67.310159
P100000121232,Amreli Steels Dhabeji plant,Amreli Steels Ltd,E100001012762,Amreli Steels Ltd [100.0%],E100001012762 [100.0%],Sindh,Pakistan,Asia Pacific,14,2011,757,operating,600,24.800326,67.504851
P100001043026,Faizan Steel Karachi steel plant,Faizan Steel,E100002006602,Faizan Steel [100.0%],E100002006602 [100.0%],Sindh,Pakistan,Asia Pacific,15,2010,,operating,365,24.897652,66.985678
P100000120783,Ittehad Steel Faisalabad plant,Ittehad Steels Pvt Ltd,E100000130788,Ittehad Steels Pvt Ltd [100.0%],E100000130788 [100.0%],Punjab,Pakistan,Asia Pacific,12,2013,602,operating,400,31.643426,73.198542
P100000121231,Mughal Iron & Steel Industries Lahore plant,Mughal Iron & Steel Industries Ltd,E100001011285,Mughal Iron & Steel Industries Ltd [100.0%],E100001011285 [100.0%],Punjab,Pakistan,Asia Pacific,26,1999,2250,operating,583,31.653035,74.183149
P100000120768,Aceros Arequipa Pisco steel plant,Corporacion Aceros Arequipa SA,E100000130730,Corporacion Aceros Arequipa SA [100.0%],E100000130730 [100.0%],Ica,Peru,Central & South America,38,1987,720,operating,1250,-13.788622,-76.168173
P100000120769,Gerdau Siderperu Chimbote steel plant,Empresa Siderurgica del Peru SAA,E100000130731,Empresa Siderurgica del Peru SAA [100.0%],E100000130731 [100.0%],Áncash,Peru,Central & South America,67,1958,774,operating,750,-9.059693,-78.601178
P100000120772,SteelAsia Calaca plant,SteelAsia Manufacturing Corp,E100000131011,SteelAsia Manufacturing Corp [100.0%],E100000131011 [100.0%],Southern Luzon,Philippines,Asia Pacific,26,1999,800,operating,500,13.922346,120.823796
P100000120773,SteelAsia Compostela steel plant,SteelAsia Manufacturing Corp,E100000131011,SteelAsia Manufacturing Corp [100.0%],E100000131011 [100.0%],Cebu,Philippines,Asia Pacific,2,2023,3000,operating,1000,10.45078,124.006424
P100000120785,ArcelorMittal Dąbrowa Górnicza steel plant,ArcelorMittal Poland SA,E100001000503,ArcelorMittal SA [100.0%],E100000000687 [100.0%],Silesia,Poland,Europe,49,1976,8800,operating,5001,50.342417,19.285037
P100000120790,ArcelorMittal Warszawa steel plant,Arcelormittal Warszawa SP zoo,E100001000506,ArcelorMittal SA [100.0%],E100000000687 [100.0%],Mazowieckie,Poland,Europe,68,1957,535,operating,750,52.291337,20.917302
P100000120788,Celsa Huta Ostrowiec steel plant,Celsa Huta Ostrowiec SP zoo,E100000130982,Anchorage Capital Advisors LP; Anchorage Capital Group LLC; Attestor Services Ltd; Deutsche Bank AG; GoldenTree Asset Management LP; Midwood Holdings LLC,E100002003621; E100002003627; E100002003626; E100000136992; E100002003622; E100002003624,Świętokrzyskie,Poland,Europe,212,1813,1804,operating,900,50.947305,21.448763
P100000120787,CMC Zawiercie steel plant,CMC Poland SP zoo,E100000131004,Commercial Metals Co [100.0%],E100000130754 [100.0%],Silesia,Poland,Europe,124,1901,2000,operating,1700,50.487463,19.456759
P100000120792,Ferrostal Labedy Gliwice steel plant,Ferrostal Labedy SP zoo,E100000130875,Ferrostal Labedy SP zoo [100.0%],E100000130875 [100.0%],Śląskie,Poland,Europe,32,1993,81,operating,500,50.357438,18.610739
P100000120789,Huta Czestochowa steel plant,Liberty Steel Group,E100000130950,GFG Alliance Ltd,E100001000556,Silesia,Poland,Europe,123,1902,950,operating,840,50.782614,19.165566
P100000120794,SN MAIA Siderurgia Nacional steel plant,SN MAIA Siderurgia Nacional SA,E100000131054,Bipadosa SL,E100001016222,Porto,Portugal,Europe,51,1974,296,operating,600,41.255085,-8.555285
P100000120793,SN SEIXAL Siderurgia Nacional steel plant,SN SEIXAL Siderurgia Nacional SA,E100000130888,Bipadosa SL,E100001016222,Setúbal,Portugal,Europe,64,1961,400,operating,1100,38.616023,-9.068527
P100000120795,Industries Qatar Steel Mesaieed plant,Qatar Steel Company QPSC,E100001000958,Industries Qatar QPSC [100.0%],E100000000840 [100.0%],Mesaieed,Qatar,Middle East,47,1978,1072,operating,2574,24.952688,51.584777
P100000120797,ArcelorMittal Hunedoara steel plant,ArcelorMittal Hunedoara SA,E100001000499,ArcelorMittal Hunedoara SA [100.0%],E100001000499 [100.0%],Hunedoara,Romania,Europe,141,1884,582,operating,800,45.735183,22.91627
P100000120798,GLGH Resita steel plant,GLGH Steel,E100002016547,GLGH Steel [100.0%],E100002016547 [100.0%],Caras-Severin,Romania,Europe,254,1771,732,operating,500,45.293492,21.90241
P100000121242,Tenaris Silcotub Calarasi steel mill,S.C. Silcotub SA,E100001012897,Tenaris SA [100.0%],E100000000692 [100.0%],Județul Călărași,Romania,Europe,21,2004,908,operating,535,44.217275,27.29968
P100000120802,Abinsk Electric Steel Works,Abinski Elektrometallurgicheski Zavod LLC,E100000130999,Novostal-M LLC [100.0%],E100000131027 [100.0%],Krasnodar,Russia,Eurasia,11,2014,4500,operating,1550,44.881938,38.12751
P100000120803,Amurstal steel plant,Amurstal LLC,E100000131092,Armada JSC [100.0%],E100000131146 [100.0%],Khabarovsk,Russia,Eurasia,83,1942,2933,operating,1150,50.563131,136.976362
P100000120825,Ashinskiy Metallurgical plant,Ashinskiy Metzavod PJSC,E100000130738,Ural-VK JSC [100.0%],E100002016553 [100.0%],Chelyabinsk,Russia,Eurasia,125,1900,4055,operating,1000,54.99484,57.277548
P100000120817,Balakovo Steel Plant,MZ Balakovo JSC,E100000131126,Novostal-M LLC,E100000131027,Saratov,Russia,Eurasia,12,2013,2600,operating,1250,51.936009,47.81591
P100000120811,Evraz NTMK steel plant,Evraz NTMK JSC,E100001010326,EVRAZ PLC [100.0%],E100001000663 [100.0%],Sverdlovsk,Russia,Eurasia,85,1940,13523,operating,4400,57.922851,60.033543
P100000120822,Evraz ZSMK steel plant,Evraz ZSMK JSC,E100001010327,EVRAZ PLC [100.0%],E100001000663 [100.0%],Kemerovskaya,Russia,Eurasia,93,1932,22507,operating,8760,53.88618,87.257618
P100000120806,IMH Tula steel plant,Promsort LLC,E100001012220,natural person(s) [50.0%]; Sortoprokat-Tsentr LLC [49.0%]; small shareholder(s) [1.0%],E100000123261 [50.0%]; E100001016121 [49.0%]; E100001015587 [1.0%],Tula,Russia,Eurasia,90,1935,6652,operating,2000,54.156726,37.725551
P100000120830,Kamsky Metallurgical Works TEMPO,KMK Tempo JSC,E100000131099,KMK Tempo JSC [100.0%],E100000131099 [100.0%],Republic of Tatarstan,Russia,Eurasia,9,2016,1037,operating,504,55.726872,52.535854
P100000120823,Lebedinsky GOK DRI Plant,Lebedinskiy GOK JSC,E100000130933,YueSeM Holding Company LLC,E100000131085,Belgorod,Russia,Eurasia,54,1971,9459,operating,1350,51.261995,37.654622
P100000120807,Magnitogorsk Iron and Steel Works,Magnitogorskiy Metallurgicheskiy Kombinat PJSC,E100000002080,Magnitogorskiy Metallurgicheskiy Kombinat PJSC [100.0%],E100000002080 [100.0%],Chelyabinsk,Russia,Eurasia,93,1932,16343,operating,14500,53.427593,59.054122
P100000120805,Mechel Chelyabinsk Metallurgical Plant,Chelyabinskiy Metallurgicheskiy Kombinat PJSC,E100000130740,Chelyabinskiy Metallurgicheskiy Kombinat PJSC [100.0%],E100000130740 [100.0%],Chelyabinsk,Russia,Eurasia,82,1943,15196,operating,5799,55.27073,61.436492
P100000120812,Metalloinvest OEMK steel plant,Oskol'skiy Elektrometallurgicheskiy Kombinat Imeni Alekseya Alekseyevicha Ugarova JSC,E100000130739,YueSeM Holding Company LLC,E100000131085,Belgorod,Russia,Eurasia,41,1984,9099,operating,3500,51.142738,37.940532
P100000120813,Nadezhdinski Metallurgical Plant,UMK-Stal LLC,E100000131028,Nokomis Select Inc [33.0%]; Tretiy Kod CJSC [32.8%]; Satelait JSC [17.7%]; Assets-M JSC [17.0%],E100000131143 [33.0%]; E100000131029 [32.8%]; E100002016171 [17.7%]; E100002016172 [17.0%],Sverdlovsk,Russia,Eurasia,129,1896,4400,operating,756,59.593854,60.591196
P100000120808,NLMK Lipetsk steel plant,Novolipetsk Steel PJSC,E100000003676,Novolipetsk Steel PJSC [100.0%],E100000003676 [100.0%],Lipetsk,Russia,Eurasia,91,1934,27000,operating,14400,52.557372,39.629574
P100000121158,Novorossiysk rolling plant,Novorossiysk Rolling Plant LLC,E100001012226,Novostal LLC [98.9%],E100001016305 [98.9%],Rostov,Russia,Eurasia,18,2007,1790,operating,730,47.740457,40.189445
P100000120831,OMK Vyksa Casting and Rolling Complex,Vyksunskiy Metallurgicheskiy Zavod AO,E100000130735,Nezavisimaya Registratorskaya Kompaniya R.O.S.T. JSC,E100001016220,Nizhny Novgorod,Russia,Eurasia,268,1757,16153,operating,1400,55.382815,42.188954
P100000120804,Pervouralsk Pipe Plant,Chelyabinskiy Truboprokatnyi Zavod JSC,E100001012070,Trubnaya Metallurgicheskaya Kompaniya PJSC [100.0%],E100000130737 [100.0%],Sverdlovsk,Russia,Eurasia,91,1934,318,operating,950,56.90205,59.992198
P100000120809,Promsort Kaluga steel plant,Promsort LLC,E100001012220,natural person(s) [50.0%]; Sortoprokat-Tsentr LLC [49.0%]; small shareholder(s) [1.0%],E100000123261 [50.0%]; E100001016121 [49.0%]; E100001015587 [1.0%],Kaluga,Russia,Eurasia,12,2013,1200,operating,1500,55.233675,36.679192
P100000120810,Promsort Ural steel plant,Promsort LLC,E100001012220,natural person(s) [50.0%]; Sortoprokat-Tsentr LLC [49.0%]; small shareholder(s) [1.0%],E100000123261 [50.0%]; E100001016121 [49.0%]; E100001015587 [1.0%],Sverdlovsk,Russia,Eurasia,20,2005,1450,operating,2000,56.849666,59.908414
P100000120818,Severstal Cherepovets steel plant,Severstal PJSC,E100000002088,Severstal PJSC [100.0%],E100000002088 [100.0%],Vologda,Russia,Eurasia,70,1955,29341,operating,12001,59.143998,37.86295
P100000120829,StavStal Metallurgical Plant,StavStal' LLC,E100000131026,StavStal' LLC [100.0%],E100000131026 [100.0%],Stavropol Krai,Russia,Eurasia,9,2016,1000,operating,500,44.688323,41.927331
P100000120815,TMK Seversky Pipe Plant,Severskiy Trubnyi Zavod JSC,E100000130734,Trubnaya Metallurgicheskaya Kompaniya PJSC [98.2%]; small shareholder(s) [1.8%],E100000130737 [98.2%]; E100001015587 [1.8%],Sverdlovsk,Russia,Eurasia,286,1739,6000,operating,950,56.478428,60.249411
P100000120816,TMK Taganrog Metallurgical Plant,Taganrogskiy Metallurgicheskiy Zavod JSC,E100000130736,Trubnaya Metallurgicheskaya Kompaniya PJSC [96.0%]; small shareholder(s) [4.0%],E100000130737 [96.0%]; E100001015587 [4.0%],Rostov,Russia,Eurasia,129,1896,6000,operating,950,47.241557,38.928584
P100000120814,Tyumen Electrosteel plant,UMK-Stal LLC,E100000131028,Nokomis Select Inc [33.0%]; Tretiy Kod CJSC [32.8%]; Satelait JSC [17.7%]; Assets-M JSC [17.0%],E100000131143 [33.0%]; E100000131029 [32.8%]; E100002016171 [17.7%]; E100002016172 [17.0%],Tyumen,Russia,Eurasia,11,2014,1200,operating,664,57.109316,65.668641
P100000120819,Ural Steel Metallurgical Plant,Uralskaya Stal JSC,E100000130820,Zagorskii Trubnyi Zavod JSC,E100001000444,Orenburg,Russia,Eurasia,70,1955,9000,operating,2050,51.214781,58.353913
P100000120820,VMK Red October steel plant,Krasnyi Oktyabr' Corporation JSC,E100002003628,RSL Group JSC,E100000131158,Volgograd,Russia,Eurasia,127,1898,4000,operating,501,48.754025,44.561004
P100000120824,Volzhsky Pipe Plant,Volzhskiy Trubnyi Zavod JSC,E100000130910,Trubnaya Metallurgicheskaya Kompaniya PJSC [100.0%],E100000130737 [100.0%],Volgograd,Russia,Eurasia,55,1970,10000,operating,900,48.804332,44.79408
P100000120835,Al Ittefaq Arab Steel Dammam plant,Arab Steel Co,E100000131037,Hilal Al-Tuwairqi [60.0%]; unknown [40.0%],E100001016122 [60.0%]; E100000132388 [40.0%],Eastern Province,Saudi Arabia,Middle East,36,1989,350,operating,2600,26.277917,49.949177
P100000120836,Al Ittefaq National Steel Dammam plant,National Steel Co,E100000131081,Hilal Al-Tuwairqi; unknown,E100001016122; E100000132388,Eastern Province,Saudi Arabia,Middle East,21,2004,,operating,1000,26.244786,49.969064
P100000121248,Al Qaryan steel plant,Al Qaryan Steel Co,E100001013044,Al Qaryan Group [75.0%]; Al Wabel for Trading and Industry [25.0%],E100001013045 [75.0%]; E100001016338 [25.0%],Dammam,Saudi Arabia,Middle East,8,2017,,operating,350,26.280741,49.956755
P100000120837,Rajhi Al Assemah Steel Jeddah plant,Rajhi Steel Industries Co Ltd,E100000130969,Saudi Iron and Steel Co [100.0%],E100000130924 [100.0%],Makkah,Saudi Arabia,Middle East,41,1984,60,operating,850,21.290402,39.183444
P100000120833,SABIC Hadeed Al Jubail steel plant,Saudi Iron and Steel Co,E100000130924,Saudi Iron and Steel Co [100.0%],E100000130924 [100.0%],Eastern Province,Saudi Arabia,Middle East,46,1979,,operating,6000,27.018411,49.576356
P100000120834,Solb Steel Jizan plant,Solb Steel Co,E100000130915,Industries Qatar QPSC [40.4%]; Saudi Pan Kingdom for Trading Industry and Contracting Co Ltd,E100000000840 [40.4%]; E100000130941,Jizan Region,Saudi Arabia,Middle East,16,2009,2000,operating,1200,17.298475,42.352338
P100000120800,HBIS GROUP Serbia Iron & Steel plant Belgrade,HBIS Group Serbia Iron & Steel Beograd doo,E100000131053,HBIS Group Co Ltd,E100000124529,Podunavlje,Serbia,Europe,61,1964,5200,operating,2199,44.606332,20.970066
P100000120801,Metalfer Steel Mill Sremska Mitrovica,Metalfer Steel Mill Sremska Mitrovica doo,E100000131052,Metalfer doo [100.0%],E100002007548 [100.0%],Vojvodina,Serbia,Europe,17,2008,629,operating,500,44.977213,19.64601
P100000120852,Natsteel Singapore plant,Tata Steel Ltd,E100001010018,Tata Steel Ltd [100.0%],E100001010018 [100.0%],Jurong,Singapore,Asia Pacific,64,1961,1000,operating,720,1.306741,103.7003
P100000120854,U. S. Steel Košice steel plant,US Steel Košice sro,E100001000711,Nippon Steel Corp,E100000000652,Košice Region,Slovakia,Europe,60,1965,7712,operating,4500,48.612001,21.191401
P100000120853,SIJ Acroni Jesenice steel plant,SIJ Acroni doo,E100000130819,Slovenska industrija jekla dd [25.0%]; Dilon doo,E100001010754 [25.0%]; E100001016317,Jesenice,Slovenia,Europe,65,1960,1300,operating,726,46.423994,14.094645
P100000121029,Acerinox Columbus Stainless steel plant,Columbus Stainless (Pty) Ltd,E100000130800,Acerinox SA [76.0%]; Industrial Development Corporation of South Africa Ltd [24.0%],E100000130743 [76.0%]; E100001000576 [24.0%],Mpumalanga,South Africa,Africa,59,1966,1223,operating,850,-25.796313,29.497972
P100000121028,ArcelorMittal Vanderbijlpark Steel Works,ArcelorMittal South Africa Ltd,E100001000504,ArcelorMittal South Africa Ltd [100.0%],E100001000504 [100.0%],Gauteng,South Africa,Africa,78,1947,4500,operating,3360,-26.657367,27.82231
P100000121237,Scaw Metals Group Germiston plant,Scaw Metals Group Pty Ltd,E100001012802,Industrial Development Corporation of South Africa Ltd [74.0%]; Main Street 510 Pty Ltd [21.0%],E100001000576 [74.0%]; E100001012803 [21.0%],Gauteng,South Africa,Africa,101,1924,2000,operating,600,-26.273316,28.163761
P100000121170,DaehanSteel Noksan Steel Plant,Daehan Steel Co Ltd,E100001010335,Daehan Steel Co Ltd [100.0%],E100001010335 [100.0%],South Gyeongsang,South Korea,Asia Pacific,18,,253,operating,1000,35.099098,128.860339
P100000120693,Dongkuk Steel Incheon steel plant,Dongkuk Steel Mill Co Ltd,E100000130714,Dongkuk Steel Mill Co Ltd [100.0%],E100000130714 [100.0%],Seoul National Capital Area,South Korea,Asia Pacific,53,1972,905,operating,2200,37.486465,126.638607
P100000120694,Dongkuk Steel Pohang steel plant,Dongkuk Steel Mill Co Ltd,E100000130714,Dongkuk Steel Mill Co Ltd [100.0%],E100000130714 [100.0%],North Gyeongsang,South Korea,Asia Pacific,34,1991,905,operating,1400,36.00147,129.397609
P100000120705,Hansco Hwanyoung Steel Dangjin plant,Hwanyoung Steel Industries Co Ltd,E100000131033,KISCO Corp,E100000130851,South Chungcheong,South Korea,Asia Pacific,32,,,operating,800,36.956486,126.616956
P100000120695,Hyundai Steel Dangjin steel plant,Hyundai Steel Co,E100001010262,Hyundai Steel Co [100.0%],E100001010262 [100.0%],South Chungcheong,South Korea,Asia Pacific,19,2006,7759,operating,16200,36.986282,126.69735
P100000120696,Hyundai Steel Incheon steel plant,Hyundai Steel Co,E100001010262,Hyundai Steel Co [100.0%],E100001010262 [100.0%],Seoul National Capital Area,South Korea,Asia Pacific,72,1953,2244,operating,4697,37.489678,126.637942
P100000120697,Hyundai Steel Pohang steel plant,Hyundai Steel Co,E100001010262,Hyundai Steel Co [100.0%],E100001010262 [100.0%],North Gyeongsang,South Korea,Asia Pacific,,,1496,operating,3400,36.004981,129.384829
P100000120704,KG Steel Incheon steel plant,KG Steel Co Ltd,E100002006224,KG Chemical Corp,E100002007588,Seoul National Capital Area,South Korea,Asia Pacific,16,2009,543,operating,1000,37.482625,126.670175
P100000120698,KISCO steel Changwon plant,KISCO Corp,E100000130851,KISCO Corp [100.0%],E100000130851 [100.0%],South Gyeongsang,South Korea,Asia Pacific,60,1965,556,operating,3000,35.216552,128.640158
P100000120699,POSCO Gwangyang steel plant,POSCO Holdings Inc,E100000000953,POSCO Holdings Inc [100.0%],E100000000953 [100.0%],South Jeolla,South Korea,Asia Pacific,38,1987,4080,operating,22999,34.920086,127.74865
P100000120700,POSCO Pohang steel plant,POSCO Holdings Inc,E100000000953,POSCO Holdings Inc [100.0%],E100000000953 [100.0%],North Gyeongsang,South Korea,Asia Pacific,52,1973,6920,operating,17701,36.00931,129.394508
P100000120701,SeAH Besteel Gunsan steel plant,SeAH Besteel Holdings Corp,E100000130717,SeAH Besteel Holdings Corp [100.0%],E100000130717 [100.0%],North Jeolla,South Korea,Asia Pacific,28,1997,1592,operating,2101,35.968596,126.609524
P100000120702,SeAH Changwon Integrated Special Steel plant,SeAH Changwon Integrated Special Steel Corp,E100000130927,SeAH Besteel Holdings Corp [100.0%],E100000130717 [100.0%],South Gyeongsang,South Korea,Asia Pacific,59,1966,1229,operating,1200,35.204191,128.604277
P100000120706,SeAH Steel Pohang plant,SeAh Steel Holdings Corp,E100001010280,SeAh Steel Holdings Corp [100.0%],E100001010280 [100.0%],North Gyeongsang,South Korea,Asia Pacific,47,1978,,operating,1200,35.991176,129.375791
P100000120703,YK Steel Busan plant,YK Steel Corp,E100000131021,Daehan Steel Co Ltd [70.0%]; Yamato Kogyo Co Ltd [30.0%],E100001010335 [70.0%]; E100001010196 [30.0%],South Gyeongsang,South Korea,Asia Pacific,61,1966,336,operating,930,35.083819,128.989034
P100000120454,Acerinox Europa Los Barrios steel plant,Acerinox Europa SAU,E100000130989,Acerinox SA [100.0%],E100000130743 [100.0%],Cádiz,Spain,Europe,55,1970,1746,operating,1200,36.181686,-5.426626
P100000120459,ArcelorMittal Asturias (Aviles) steel plant,ArcelorMittal España SA,E100001000497,ArcelorMittal SA [99.8%]; small shareholder(s) [0.2%],E100000000687 [99.8%]; E100001015587 [0.2%],Asturias,Spain,Europe,75,1950,3205,operating,4200,43.554741,-5.87259
P100000120452,ArcelorMittal Asturias (Gijón) steel plant,ArcelorMittal España SA,E100001000497,ArcelorMittal SA [99.8%]; small shareholder(s) [0.2%],E100000000687 [99.8%]; E100001015587 [0.2%],Asturias,Spain,Europe,54,1971,3375,operating,1200,43.525092,-5.731926
P100000120458,ArcelorMittal Olaberria-Bergara (Olaberria) steel plant,Arcelormittal Olaberria-Bergara SL,E100001000509,ArcelorMittal SA; small shareholder(s),E100000000687; E100001015587,Gipuzkoa,Spain,Europe,33,1992,500,operating,1450,43.03829,-2.219625
P100000120453,ArcelorMittal Sestao steel plant,Arcelormittal Sestao SL,E100001000508,ArcelorMittal SA; small shareholder(s),E100000000687; E100001015587,Vizcaya,Spain,Europe,123,1902,250,operating,2000,43.313144,-2.998964
P100000120456,Celsa Barcelona Castellbisbal steel plant,Compania Espanola de Laminacion SL,E100000130908,Anchorage Capital Advisors LP; Anchorage Capital Group LLC; Attestor Services Ltd; Deutsche Bank AG; GoldenTree Asset Management LP; Midwood Holdings LLC,E100002003621; E100002003627; E100002003626; E100000136992; E100002003622; E100002003624,Barcelona,Spain,Europe,68,1957,850,operating,2500,41.454855,1.980107
P100000120462,Celsa Global Steel Wire Santander plant,Global Steel Wire SA,E100000130742,Anchorage Capital Advisors LP; Anchorage Capital Group LLC; Attestor Services Ltd; Deutsche Bank AG; GoldenTree Asset Management LP; Midwood Holdings LLC,E100002003621; E100002003627; E100002003626; E100000136992; E100002003622; E100002003624,Cantabria,Spain,Europe,126,1899,650,operating,750,43.445344,-3.839228
P100000120467,Celsa Nervacero steel plant,Nervacero SA,E100000130909,Anchorage Capital Advisors LP; Anchorage Capital Group LLC; Attestor Services Ltd; Deutsche Bank AG; GoldenTree Asset Management LP; Midwood Holdings LLC,E100002003621; E100002003627; E100002003626; E100000136992; E100002003622; E100002003624,Vizcaya,Spain,Europe,54,1971,330,operating,1000,43.30806,-3.026309
P100000120461,Grupo Gallardo Corrugados Getafe steel plant,Corrugados Getafe SL,E100000130866,CL Grupo Industrial,E100000136946,Madrid,Spain,Europe,77,1948,150,operating,600,40.310803,-3.703568
P100000120455,Grupo Gallardo Siderurgica Balboa Jerez de los Caballeros steel plant,AG Siderurgica Balboa SA,E100000130794,CL Grupo Industrial,E100000136946,Badajoz,Spain,Europe,33,1992,600,operating,1300,38.326405,-6.767326
P100000120463,Megasa Siderúrgica Narón steel plant,Megasa Siderurgica SL,E100000131051,Bipadosa SL,E100001016222,La Coruña,Spain,Europe,72,1953,,operating,700,43.51421,-8.163839
P100000120464,Megasider Zaragoza steel plant,Megasider Zaragoza SA,E100000130864,Bipadosa SL,E100001016222,Zaragoza,Spain,Europe,67,1958,,operating,500,41.56988,-0.856566
P100000120457,Riva Siderurgica Sevillana steel plant,Siderurgica Sevillana SA,E100000130868,Riva Forni Elettrici SpA,E100000131000,Sevilla,Spain,Europe,71,1954,356,operating,1300,37.362968,-5.886865
P100000120465,Sidenor Aceros Especiales Basauri steel plant,Sidenor Aceros Especiales SLU,E100000130867,Clerbil SL,E100002003637,Vizcaya,Spain,Europe,58,1967,263,operating,740,43.227282,-2.884676
P100000120849,Outokumpu Avesta steel plant,Outokumpu Stainless AB,E100000130889,Solidium Oy [15.5%]; small shareholder(s),E100001016231 [15.5%]; E100001015587,Dalarna,Sweden,Europe,95,1930,700,operating,500,60.148821,16.172808
P100000120848,Ovako Hofors steel plant,Ovako AB,E100000130940,Sanyo Special Steel Co Ltd,E100000130712,Gävleborgs,Sweden,Europe,109,1916,1400,operating,500,60.548682,16.302815
P100000120845,SSAB Luleå steel plant,SSAB AB,E100000001651,SSAB AB [100.0%],E100000001651 [100.0%],Norrbotten,Sweden,Europe,84,1941,1200,operating,13,65.559719,22.219699
P100000120065,Stahl Gerlafingen steel plant,Stahl Gerlafingen AG,E100000130836,Beltrame Holding SpA [79.4%]; unknown [21.6%],E100001016199 [79.4%]; E100000132388 [21.6%],Solothurn,Switzerland,Europe,107,1918,540,operating,720,47.171958,7.562287
P100000121227,Swiss Steel Emmenbrücke plant,Swiss Steel Holding AG,E100000130745,Swiss Steel Holding AG [100.0%],E100000130745 [100.0%],Lucerne,Switzerland,Europe,26,1999,620,operating,650,47.308055,7.873594
P100000120856,Hadeed Metal Manufacturing Co Damascus steel plant,Hadeed Metal Manufacturing Co,E100000131111,Hadeed Metal Manufacturing Co [100.0%],E100000131111 [100.0%],Damascus,Syria,Middle East,13,2012,750,operating,1400,33.626258,36.574968
P100000120857,Hmisho Steel Hassia plant,Hmisho Steel SA,E100000131113,Hamsho International Co,E100002003618,Homs,Syria,Middle East,15,2010,1000,operating,800,34.364258,36.803848
P100000120897,China Steel Corporation Xiaogang plant,China Steel Corp,E100001010146,China Steel Corp [100.0%],E100001010146 [100.0%],Kaohsiung,Taiwan,Asia Pacific,54,1971,17434,operating,10000,22.555442,120.349252
P100000120898,China Steel Dragon Steel Taichung plant,Dragon Steel Corp,E100000131172,China Steel Corp [100.0%],E100001010146 [100.0%],Taichung,Taiwan,Asia Pacific,32,1993,3224,operating,6081,24.226897,120.493911
P100000120901,E Top Metal Changhua plant,E-Top Metal Co Ltd,E100000131175,Taiwan Steel Group,E100001016302,Changhua,Taiwan,Asia Pacific,22,2003,,operating,600,24.167872,120.505482
P100000120899,Feng Hsin Steel Taichung plant,Feng Hsin Steel Co Ltd,E100000131173,Feng Hsin Steel Co Ltd [100.0%],E100000131173 [100.0%],Taichung,Taiwan,Asia Pacific,54,1971,894,operating,1701,24.31287,120.712774
P100000121174,Hai Kwang Enterprise Corporation,Hai Kwang Enterprise Corp,E100001012160,Hai Kwang Enterprise Corp [100.0%],E100001012160 [100.0%],Kaohsiung,Taiwan,Asia Pacific,56,1969,350,operating,600,22.550634,120.365645
P100000121229,Shyeh Sheng Fuat Steel Kaohsiung plant,Shyeh Sheng Fuat Steel & Iron Works Co Ltd,E100001012702,Shyeh Sheng Fuat Steel & Iron Works Co Ltd [100.0%],E100001012702 [100.0%],Kaohsiung,Taiwan,Asia Pacific,59,1966,430,operating,720,22.559391,120.3656132
P100000120904,Tung Ho Steel Kaohsiung Plant,Tung Ho Steel Enterprise Corp,E100000130746,Tung Ho Steel Enterprise Corp [100.0%],E100000130746 [100.0%],Xiaogang,Taiwan,Asia Pacific,51,1974,,operating,700,22.563095,120.362654
P100000120903,Tung Ho Steel Miaoli Plant,Tung Ho Steel Enterprise Corp,E100000130746,Tung Ho Steel Enterprise Corp [100.0%],E100000130746 [100.0%],Miaoli,Taiwan,Asia Pacific,34,1991,,operating,1200,24.568401,120.74062
P100000120902,Tung Ho Steel Taoyuan Plant,Tung Ho Steel Enterprise Corp,E100000130746,Tung Ho Steel Enterprise Corp [100.0%],E100000130746 [100.0%],Guanyin,Taiwan,Asia Pacific,38,1987,,operating,1000,25.067119,121.141176
P100000120900,Yieh United Steel Kaohsiung plant,Yieh United Steel Corp,E100000131174,Yieh United Steel Corp [100.0%],E100000131174 [100.0%],Kaohsiung,Taiwan,Asia Pacific,37,,3352,operating,1000,22.830857,120.300604
P100000120864,Bangkok Steel Industry Samut Prakan plant,Bangkok Steel Industry PCL,E100000130747,Bangkok Steel Industry PCL [100.0%],E100000130747 [100.0%],Samut Prakan,Thailand,Asia Pacific,52,1973,,operating,600,13.647672,100.553882
P100000121168,Chow Steel Kabinburi Steel Plant,Chow Steel Industries PCL,E100000134363,Chow Steel Industries PCL [100.0%],E100000134363 [100.0%],Prachinburi,Thailand,Asia Pacific,22,2003,,operating,730,14.074757,101.84215
P100000120865,Millcon Steel Rayong plant,Millcon Steel PCL,E100000130748,Millcon Steel PCL [100.0%],E100000130748 [100.0%],Rayong,Thailand,Asia Pacific,27,1998,493,operating,800,12.819544,101.152954
P100000120858,Nippon G Steel plant,G Steel PCL,E100001010123,Nippon Steel Corp [60.2%]; small shareholder(s) [12.8%]; natural person(s) [12.4%]; UOB Kay Hian Pte Ltd [7.5%]; Superior Overseas (Thailand) Co Ltd [7.0%],E100000000652 [60.2%]; E100001015587 [12.8%]; E100000123261 [12.4%]; E100001016129 [7.5%]; E100001016130 [7.0%],Rayong,Thailand,Asia Pacific,26,1999,662,operating,1800,12.793786,101.244592
P100000120859,Nippon GJS steel plant,G J Steel PCL,E100001010124,G J Steel PCL [100.0%],E100001010124 [100.0%],Chonburi,Thailand,Asia Pacific,30,1995,804,operating,1500,13.054668,101.078842
P100000120861,Siam Yamato Steel Huai Pong plant,Siam Yamato Steel Co Ltd,E100000130802,Yamato Kogyo Co Ltd [64.2%]; Mitsui & Co Ltd [20.0%]; Siam Cement PCL [10.0%]; Sumitomo Corp [5.8%],E100001010196 [64.2%]; E100000000651 [20.0%]; E100001000930 [10.0%]; E100000000657 [5.8%],Rayong,Thailand,Asia Pacific,15,2010,,operating,500,12.706642,101.111703
P100000120860,Siam Yamato Steel Map Ta Phut plant,Siam Yamato Steel Co Ltd,E100000130802,Yamato Kogyo Co Ltd [64.2%]; Mitsui & Co Ltd [20.0%]; Siam Cement PCL [10.0%]; Sumitomo Corp [5.8%],E100001010196 [64.2%]; E100000000651 [20.0%]; E100001000930 [10.0%]; E100000000657 [5.8%],Rayong,Thailand,Asia Pacific,31,1994,,operating,600,12.674898,101.147002
P100000120862,Tata Steel Manufacturing NTS Plant,Tata Steel (Thailand) PCL,E100001010159,Tata Steel (Thailand) PCL [100.0%],E100001010159 [100.0%],Chonburi,Thailand,Asia Pacific,37,1988,367,operating,800,13.052398,101.086795
P100000120863,Tata Steel Manufacturing SCSC Plant,Tata Steel (Thailand) PCL,E100001010159,Tata Steel (Thailand) PCL [100.0%],E100001010159 [100.0%],Rayong,Thailand,Asia Pacific,36,1989,367,operating,550,12.677582,101.149401
P100000121204,TY Steel Rayong Steel Plant,TY Steel Co Ltd,E100001012383,Ta Chen Stainless Pipe Co Ltd [38.8%]; Tycoons Worldwide Group (Thailand) PCL [19.4%]; Tycoons Group International Co Ltd [5.9%],E100001012387 [38.8%]; E100001012384 [19.4%]; E100001012386 [5.9%],Rayong,Thailand,Asia Pacific,8,2017,,operating,600,12.857307,101.21314
P100000120866,UMC Metals Chon Buri plant,UMC Metals Ltd,E100001000453,UMC Metals Ltd [100.0%],E100001000453 [100.0%],Chonburi,Thailand,Asia Pacific,31,1994,,operating,805,13.275832,100.969791
P100000120895,Nu-Iron Unlimited Point Lisas DRI plant,Nu-Iron Unlimited,E100001010182,Nucor Corp [100.0%],E100001010181 [100.0%],Couva,Trinidad and Tobago,Central & South America,19,,8000,operating,1350,10.399138,-61.486326
P100000120882,Aba Iron and Steel Payas plant,ABA Çelik Demir LŞ,E100000131190,ABA Çelik Demir LŞ [100.0%],E100000131190 [100.0%],Hatay,Türkiye,Europe,42,1983,900,operating,1100,36.747413,36.21733
P100000120891,Asil Celik Orhangazi steel plant,Asil Celik Sanayi ve Ticaret AŞ,E100000130849,small shareholder(s) [21.7%]; Parsan Makina Parçaları Sanayi AŞ [20.1%]; Güriş Inşaat ve Muhendislik AŞ [19.5%]; Omtaş Otomotiv Transmisyon Aksamı Sanayi ve Ticaret AŞ [5.5%]; Diler Holding AŞ,E100001015587 [21.7%]; E100001016200 [20.1%]; E100000186116 [19.5%]; E100001016203 [5.5%]; E100000120333,Bursa,Türkiye,Europe,46,1979,361,operating,730,40.42752,29.270141
P100000120892,Cebitas steel plant,Çebitaş Demir Çelik Endüstrisi AŞ,E100001010272,Çebitaş Demir Çelik Endüstrisi AŞ [100.0%],E100001010272 [100.0%],İzmir,Türkiye,Europe,36,1989,450,operating,860,38.74074,26.951743
P100000120867,Colakoglu Metallurgical Dilovasi plant,Çolakoğlu Metalürji AŞ,E100000002151,Çolakoğlu Metalürji AŞ [100.0%],E100000002151 [100.0%],Kocaeli,Türkiye,Europe,56,1969,,operating,4500,40.768409,29.529979
P100000120868,Diler Iron and Steel Dilovasi plant,Diler Demir Celik Endustri ve Ticaret AŞ,E100000130789,Diler Holding AŞ,E100000120333,Kocaeli,Türkiye,Europe,41,1984,1000,operating,1300,40.783161,29.533568
P100000120869,Ege Steel Aliaga plant,Ege Celik Endustrisi Sanayi ve Ticaret AŞ,E100000130876,natural person(s) [98.0%]; small shareholder(s) [2.0%],E100000123261 [98.0%]; E100001015587 [2.0%],İzmir,Türkiye,Europe,24,2001,999,operating,1200,38.728005,26.940095
P100000120870,Ekinciler Iron and Steel Iskenderun plant,Ekinciler Demir ve Celik Sanayi AŞ,E100000130793,Ekinciler Holding AŞ,E100000130896,Hatay,Türkiye,Europe,36,1989,,operating,1250,36.690115,36.205739
P100000120871,Erdemir Eregli steel plant,Eregli Demir ve Celik Fabrikalari AŞ,E100000130751,Eregli Demir ve Celik Fabrikalari AŞ [100.0%],E100000130751 [100.0%],Zonguldak,Türkiye,Europe,60,1965,5600,operating,3801,41.261469,31.420106
P100000120872,Habas Aliaga steel plant,Habas Industrial and Medical Gases Production Industries AŞ,E100001000568,Habas Industrial and Medical Gases Production Industries AŞ [100.0%],E100001000568 [100.0%],İzmir,Türkiye,Europe,38,1987,1449,operating,4500,38.751462,26.950172
P100000120873,İÇDAŞ Biga steel plant,Içdaş Çelik Enerji Tersane Ve Ulaşim Sanayi AŞ,E100000130879,Içdaş Çelik Enerji Tersane Ve Ulaşim Sanayi AŞ [100.0%],E100000130879 [100.0%],Çanakkale,Türkiye,Europe,55,1970,4754,operating,5001,40.441491,27.137563
P100000120874,İDÇ Izdemir Aliaga steel plant,Izmir Demir Celik Sanayi AŞ,E100000130752,Izmir Demir Celik Sanayi AŞ [100.0%],E100000130752 [100.0%],İzmir,Türkiye,Europe,38,1987,2010,operating,3100,38.739596,26.929091
P100000120875,Isdemir Payas steel plant,Iskenderun Demir ve Celik AŞ,E100000130877,Iskenderun Demir ve Celik AŞ [100.0%],E100000130877 [100.0%],Hatay,Türkiye,Europe,48,1977,4863,operating,5800,36.735672,36.204581
P100000120876,Kaptan Ereglisi steel plant,Kaptan Demir Celik Endustrisi Ve Ticaret AŞ,E100000001058,Kaptan Demir Celik Endustrisi Ve Ticaret AŞ [100.0%],E100000001058 [100.0%],Tekirdağ,Türkiye,Europe,23,2002,913,operating,1400,41.015222,27.959978
P100000120894,Kardemir Celik Sanayi Izmir steel plant,Kardemir Karabuk Demir Çelik Sanayi Ve Ticaret AŞ,E100001000598,Kardemir Karabuk Demir Çelik Sanayi Ve Ticaret AŞ [100.0%],E100001000598 [100.0%],İzmir,Türkiye,Europe,3,2022,1000,operating,1250,38.743652,26.964746
P100000120877,Kardemir Merkez steel plant,Kardemir Karabuk Demir Çelik Sanayi Ve Ticaret AŞ,E100001000598,Kardemir Karabuk Demir Çelik Sanayi Ve Ticaret AŞ [100.0%],E100001000598 [100.0%],Karabük,Türkiye,Europe,86,,4176,operating,3501,41.180307,32.634343
P100000120878,Koc Metallurgical Toprakkale plant,Koc Metalurji AŞ,E100000131090,Koc Metalurji AŞ [100.0%],E100000131090 [100.0%],Osmaniye,Türkiye,Europe,13,2012,430,operating,1100,37.01488,36.104416
P100000120879,Kroman Steel Darica plant,Kroman Celik Sanayii AS,E100000130801,Yucel Boru ve Profil Endustrisi AŞ,E100000130883,Kocaeli,Türkiye,Europe,56,1969,1450,operating,1400,40.801101,29.374115
P100000120881,Mescier Iron and Steel Bartin plant,Mescier Demir Celik AŞ,E100000131123,Mescier Demir Celik AŞ [100.0%],E100000131123 [100.0%],Bartin,Türkiye,Europe,5,2020,499,operating,1000,41.565932,32.427758
P100000120880,MMK Türkiye Metallurgical Payas plant,MMK Metalurji Sanayi Ticaret ve Liman Isletmeciligi AŞ,E100001010269,Magnitogorskiy Metallurgicheskiy Kombinat PJSC [100.0%],E100000002080 [100.0%],Hatay,Türkiye,Europe,14,2011,1219,operating,2500,36.768975,36.213842
P100000120883,Ozkan Iron and Steel Aliaga plant,Ozkan Demir Celik Sanayi AŞ,E100000130878,Ozkan Demir Celik Sanayi AŞ [100.0%],E100000130878 [100.0%],İzmir,Türkiye,Europe,15,2010,425,operating,1200,38.737005,26.950824
P100000120884,Siddik Kardesler Dilovasi steel plant,Sıddık Kardeşler Haddecilik Sanayi Ticaret LŞ,E100000131138,Sıddık Kardeşler Haddecilik Sanayi Ticaret LŞ [100.0%],E100000131138 [100.0%],Kocaeli,Türkiye,Europe,9,2016,369,operating,690,40.800833,29.512008
P100000120886,Toscelik Iskenderun steel plant,Toscelik Profil ve Sac Endustrisi AS,E100000130880,Tosyalı Holding AŞ,E100001000709,Hatay,Türkiye,Europe,2,2023,1300,operating,4000,36.687943,36.214871
P100000120885,Toscelik Toprakkale steel plant,Toscelik Profil ve Sac Endustrisi AS,E100000130880,Tosyalı Holding AŞ,E100001000709,Osmaniye,Türkiye,Europe,16,2009,500,operating,2000,37.016956,36.10911
P100000120887,Yazici Iron and Steel Iskenderun plant,Yazici Demir Celik Sanayi ve Turizm Ticaret AŞ,E100000130881,Diler Holding AŞ,E100000120333,Hatay,Türkiye,Europe,31,1994,435,operating,1050,36.685932,36.206275
P100000120888,Yesilyurt Iron and Steel Tekkekoy plant,Yesilyurt Demir Celik Endustri Ve Liman Isletmeleri AŞ,E100000130882,Yesilyurt Demir Celik Endustri Ve Liman Isletmeleri AŞ [100.0%],E100000130882 [100.0%],Samsun,Türkiye,Europe,28,1997,680,operating,1300,41.241199,36.442055
P100000120918,Tembo Steels Iganga plant,Tembo Steels Uganda Ltd,E100000131193,Tembo Steels Uganda Ltd [100.0%],E100000131193 [100.0%],Busoga,Uganda,Africa,1,2024,3000,operating,450,0.611975,33.457629
P100000120905,Alchevsk Metallurgical Plant,Alchevsk Metallurgical Plant PJSC,E100001012119,Southern Mining and Metallurgical Complex LLC,E100000130963,Luhansk,Ukraine,Europe,129,1896,200,operating,5472,48.478111,38.770787
P100000120906,ArcelorMittal Kryvyi Rih steel plant,ArcelorMittal Kryvyi Rih PJSC,E100001000500,ArcelorMittal SA [95.1%]; small shareholder(s) [4.9%],E100000000687 [95.1%]; E100001015587 [4.9%],Dnipropetrovsk,Ukraine,Europe,91,1934,22000,operating,1083,47.874411,33.392993
P100000120915,Interpipe Steel Plant,Interpipe Ltd,E100001012175,Interpipe Holdings PLC [100.0%],E100001016232 [100.0%],Dnipropetrovsk,Ukraine,Europe,13,2012,555,operating,1320,48.498914,35.096336
P100000120909,Metallurgical Plant Kametstal,Kamet-Steel PrJSC,E100001012133,Metinvest BV [100.0%],E100001000605 [100.0%],Dnipropetrovsk,Ukraine,Europe,138,1887,9000,operating,3500,48.528019,34.640915
P100000120916,Metinvest Zaporizhstal steel plant,Zaporiz'kyi Metalurhiinyi Kombinat Zaporizhstal' PJSC,E100000130816,Metinvest BV [47.0%]; Global Steel Investments Ltd [36.8%]; Eastrade Ltd [11.2%],E100001000605 [47.0%]; E100002017625 [36.8%]; E100002017627 [11.2%],Zaporizhzhia,Ukraine,Europe,92,1933,8000,operating,2930,47.86838,35.161773
P100000120912,Yenakiieve Metallurgical Plant,Yenakiieve Metallurgical Plant Branch PJSC,E100001012191,Yenakiieve Metallurgical Plant Branch PJSC [100.0%],E100001012191 [100.0%],Donetsk,Ukraine,Europe,130,1895,5000,operating,2200,48.220502,38.228626
P100000120908,Yuzovsky Metallurgical Plant,SUE DPR UMP,E100001012093,SUE DPR UMP [100.0%],E100001012093 [100.0%],Donetsk,Ukraine,Europe,26,1999,858,operating,1000,47.982276,37.810634
P100000121217,Arabian Gulf Steel Industries Abu Dhabi plant,Arabian Gulf Steel Industries Selling Port LLC,E100001012447,Arabian Gulf Steel Industries Selling Port LLC [100.0%],E100001012447 [100.0%],Abu Dhabi,United Arab Emirates,Middle East,17,2008,750,operating,600,24.283335,54.463384
P100000120001,Emsteel Abu Dhabi plant,Emsteel Building Materials PJSC,E100001016181,Emsteel Building Materials PJSC [100.0%],E100001016181 [100.0%],Abu Dhabi,United Arab Emirates,Middle East,22,2003,3000,operating,3600,24.322033,54.467987
P100000120485,GFG Liberty Steel Rotherham plant,Liberty Steel Group,E100000130950,GFG Alliance Ltd,E100001000556,England,United Kingdom,Europe,,,650,operating,1220,53.450712,-1.323025
P100000120484,Se.ven GI Cardiff plant,Sev.en Global Investments AS,E100001010410,Engiana Establishment [100.0%],E100001016427 [100.0%],Wales,United Kingdom,Europe,19,2006,800,operating,1200,51.479757,-3.137056
P100000120998,Alton Steel plant,Alton Steel Inc,E100000130968,Alton Steel Inc [100.0%],E100000130968 [100.0%],Illinois,United States,North America,22,2003,250,operating,680,38.884465,-90.14579
P100000120997,ArcelorMittal Calvert,AM/NS Calvert LLC,E100001010118,ArcelorMittal SA [100.0%],E100000000687 [100.0%],Alabama,United States,North America,0,2025,1700,operating,1500,31.148446,-87.990521
P100000120970,ArcelorMittal Texas DRI plant,ArcelorMittal SA,E100000000687,ArcelorMittal SA [100.0%],E100000000687 [100.0%],Texas,United States,North America,8,,270,operating,1350,27.888929,-97.282062
P100000120937,BlueScope North Star Steel plant,North Star BlueScope Steel Ltd,E100000130828,BlueScope Steel Ltd [100.0%],E100000130689 [100.0%],Ohio,United States,North America,29,1996,400,operating,3034,41.568783,-84.048129
P100000120984,Cascade Steel Rolling Mills,Cascade Steel Rolling Mills Inc,E100000130775,Radius Recycling Inc [100.0%],E100000130756 [100.0%],Oregon,United States,North America,57,1968,415,operating,860,45.228035,-123.163599
P100000120986,Charter Steel Cleveland plant,Charter Manufacturing Co Inc,E100000130780,Charter Manufacturing Co Inc [100.0%],E100000130780 [100.0%],Ohio,United States,North America,19,2006,410,operating,635,41.443147,-81.659911
P100000120985,Charter Steel Saukville plant,Charter Manufacturing Co Inc,E100000130780,Charter Manufacturing Co Inc [100.0%],E100000130780 [100.0%],Wisconsin,United States,North America,34,1991,345,operating,570,43.400533,-87.9482
P100000120923,Cleveland-Cliffs Burns Harbor steel plant,Cleveland-Cliffs Inc,E100001000649,Cleveland-Cliffs Inc [100.0%],E100001000649 [100.0%],Indiana,United States,North America,61,1964,4039,operating,5001,41.631221,-87.143846
P100000120919,Cleveland-Cliffs Butler steel plant,Cleveland-Cliffs Inc,E100001000649,Cleveland-Cliffs Inc [100.0%],E100001000649 [100.0%],Pennsylvania,United States,North America,117,1908,1300,operating,908,40.845524,-79.921452
P100000120927,Cleveland-Cliffs Cleveland steel plant,Cleveland-Cliffs Inc,E100001000649,Cleveland-Cliffs Inc [100.0%],E100001000649 [100.0%],Ohio,United States,North America,112,1913,2100,operating,4100,41.464041,-81.676499
P100000120924,Cleveland-Cliffs Coatesville steel plant,Cleveland-Cliffs Inc,E100001000649,Cleveland-Cliffs Inc [100.0%],E100001000649 [100.0%],Pennsylvania,United States,North America,215,1810,754,operating,800,39.977819,-75.824512
P100000120920,Cleveland-Cliffs Dearborn steel plant,Cleveland-Cliffs Inc,E100001000649,Cleveland-Cliffs Inc [100.0%],E100001000649 [100.0%],Michigan,United States,North America,105,1920,1181,operating,3000,42.308171,-83.161353
P100000120926,Cleveland-Cliffs Indiana Harbor steel plant,Cleveland-Cliffs Inc,E100001000649,Cleveland-Cliffs Inc [100.0%],E100001000649 [100.0%],Indiana,United States,North America,124,1901,3431,operating,6800,41.669553,-87.438429
P100000120971,Cleveland-Cliffs Mansfield Works,Cleveland-Cliffs Inc,E100001000649,Cleveland-Cliffs Inc [100.0%],E100001000649 [100.0%],Ohio,United States,North America,101,1924,413,operating,546,40.790123,-82.526239
P100000120921,Cleveland-Cliffs Middletown steel plant,Cleveland-Cliffs Inc,E100001000649,Cleveland-Cliffs Inc [100.0%],E100001000649 [100.0%],Ohio,United States,North America,124,1901,2363,operating,2722,39.488589,-84.386197
P100000120969,Cleveland-Cliffs Toledo DRI plant,Cleveland-Cliffs Inc,E100001000649,Cleveland-Cliffs Inc [100.0%],E100001000649 [100.0%],Ohio,United States,North America,5,2020,166,operating,1350,41.672816,-83.477833
P100000120991,CMC Alabama steel plant,Commercial Metals Co,E100000130754,Commercial Metals Co [100.0%],E100000130754 [100.0%],Alabama,United States,North America,31,1994,409,operating,653,33.534372,-86.75773
P100000120994,CMC Arizona steel plant,Commercial Metals Co,E100000130754,Commercial Metals Co [100.0%],E100000130754 [100.0%],Arizona,United States,North America,16,2009,558,operating,890,33.285828,-111.586561
P100000120992,CMC South Carolina steel plant,Commercial Metals Co,E100000130754,Commercial Metals Co [100.0%],E100000130754 [100.0%],South Carolina,United States,North America,33,1992,487,operating,776,33.962272,-81.052011
P100000120989,CMC Steel Florida plant,Commercial Metals Co,E100000130754,Commercial Metals Co [100.0%],E100000130754 [100.0%],Florida,United States,North America,51,1974,387,operating,617,30.282907,-81.978735
P100000120990,CMC Steel New Jersey plant,Commercial Metals Co,E100000130754,Commercial Metals Co [100.0%],E100000130754 [100.0%],New Jersey,United States,North America,31,1994,426,operating,653,40.478824,-74.321187
P100000120929,CMC Steel Texas plant,Commercial Metals Co,E100000130754,Commercial Metals Co [100.0%],E100000130754 [100.0%],Texas,United States,North America,43,1982,591,operating,943,29.577459,-98.032017
P100000120993,CMC Tennessee steel plant,Commercial Metals Co,E100000130754,Commercial Metals Co [100.0%],E100000130754 [100.0%],Tennessee,United States,North America,25,2000,933,operating,544,35.978104,-83.956572
P100000120930,Evraz Pueblo steel plant,Evraz North America PLC,E100000131019,EVRAZ PLC,E100001000663,Colorado,United States,North America,144,1881,434,operating,1100,38.22577,-104.607895
P100000120979,Finkl Steel Chicago plant,A. Finkl & Sons Corp,E100000130827,Swiss Steel Holding AG [100.0%],E100000130745 [100.0%],Illinois,United States,North America,14,2011,526,operating,573,41.724915,-87.589968
P100000120980,Gerdau Cartersville steel plant,Gerdau Ameristeel Corp,E100001010298,Gerdau SA [98.2%],E100001010270 [98.2%],Georgia,United States,North America,29,1996,887,operating,908,34.241226,-84.799539
P100000120982,Gerdau Fort Smith steel plant,Gerdau Ameristeel Corp,E100001010298,Gerdau SA [98.2%],E100001010270 [98.2%],Arkansas,United States,North America,41,1984,507,operating,505,35.307055,-94.372912
P100001044952,Gerdau Jackson steel mill,Gerdau Ameristeel Corp,E100001010298,Gerdau SA [98.2%],E100001010270 [98.2%],Tennessee,United States,North America,44,1981,638,operating,629,35.727722,-88.808842
P100000120931,Gerdau Midlothian Steel Mill,Gerdau Ameristeel Corp,E100001010298,Gerdau SA [98.2%],E100001010270 [98.2%],Texas,United States,North America,55,1970,1427,operating,1500,32.457544,-97.034246
P100000120983,Gerdau Monroe steel plant,Gerdau Ameristeel Corp,E100001010298,Gerdau SA [98.2%],E100001010270 [98.2%],Michigan,United States,North America,45,1980,740,operating,730,41.894229,-83.358697
P100000120932,Gerdau Petersburg Steel Mill,Gerdau Ameristeel Corp,E100001010298,Gerdau SA [98.2%],E100001010270 [98.2%],Virginia,United States,North America,27,1998,832,operating,821,37.181168,-77.449517
P100000121160,Hybar Arkansas steel plant,Hybar LLC,E100001012112,Green & Clean Holdings LLC [100.0%],E100001012114 [100.0%],Arkansas,United States,North America,0,,140,operating,544,35.686814,-89.961981
P100000120935,JSW Steel USA Ohio plant,JSW Steel USA Ohio Inc,E100001000527,JSW Steel Ltd [100.0%],E100001000516 [100.0%],Ohio,United States,North America,7,2018,160,operating,1500,40.314891,-80.605553
P100000120961,Leggett & Platt Sterling Steel plant,Sterling Steel Co LLC,E100000130870,Leggett & Platt Inc [100.0%],E100000130755 [100.0%],Illinois,United States,North America,22,2003,260,operating,1090,41.785971,-89.710947
P100000120962,Metallus Faircrest steel plant,Metallus Inc,E100000131012,Metallus Inc [100.0%],E100000131012 [100.0%],Ohio,United States,North America,108,1917,350,operating,1088,40.755388,-81.439369
P100000120976,NLMK Indiana steel plant,NLMK Indiana LLC,E100001010268,Novolipetsk Steel PJSC,E100000003676,Indiana,United States,North America,33,1992,1100,operating,770,41.625912,-87.159989
P100000120936,North American Stainless Ghent steel plant,North American Stainless Inc,E100000130869,Acerinox SA [100.0%],E100000130743 [100.0%],Kentucky,United States,North America,35,1990,1670,operating,1600,38.725418,-85.076015
P100000120938,Nucor Steel Berkeley plant,Nucor Corp,E100001010181,Nucor Corp [100.0%],E100001010181 [100.0%],South Carolina,United States,North America,29,1996,975,operating,2956,33.004319,-79.880955
P100000121155,Nucor Steel Birmingham plant,Nucor Corp,E100001010181,Nucor Corp [100.0%],E100001010181 [100.0%],Alabama,United States,North America,42,1983,250,operating,500,33.545535,-86.805393
P100000120953,Nucor Steel Brandenburg plant,Nucor Corp,E100001010181,Nucor Corp [100.0%],E100001010181 [100.0%],Kentucky,United States,North America,3,2022,400,operating,1450,37.9999454,-86.1398738
P100000120939,Nucor Steel Crawfordsville plant,Nucor Corp,E100001010181,Nucor Corp [100.0%],E100001010181 [100.0%],Indiana,United States,North America,36,1989,850,operating,2304,39.976379,-86.830727
P100000120940,Nucor Steel Darlington plant,Nucor Corp,E100001010181,Nucor Corp [100.0%],E100001010181 [100.0%],South Carolina,United States,North America,56,1969,470,operating,910,34.375628,-79.895165
P100000120945,Nucor Steel Decatur plant,Nucor Steel Decatur LLC,E100001010183,Nucor Corp [100.0%],E100001010181 [100.0%],Alabama,United States,North America,28,1997,696,operating,3100,34.63963,-87.085738
P100000120946,Nucor Steel Gallatin plant,Nucor Corp,E100001010181,Nucor Corp [100.0%],E100001010181 [100.0%],Kentucky,United States,North America,30,1995,700,operating,2722,38.759878,-84.996204
P100000120941,Nucor Steel Hertford plant,Nucor Corp,E100001010181,Nucor Corp [100.0%],E100001010181 [100.0%],North Carolina,United States,North America,25,2000,500,operating,1542,36.353006,-76.811471
P100000120942,Nucor Steel Hickman plant,Nucor Corp,E100001010181,Nucor Corp [100.0%],E100001010181 [100.0%],Arkansas,United States,North America,33,1992,926,operating,2450,35.901162,-89.77619
P100000120948,Nucor Steel Jewett plant,Nucor Corp,E100001010181,Nucor Corp [100.0%],E100001010181 [100.0%],Texas,United States,North America,50,1975,400,operating,907,31.351853,-96.165436
P100000120947,Nucor Steel Kankakee plant,Nucor Steel Kankakee Inc,E100001010197,Nucor Corp [100.0%],E100001010181 [100.0%],Illinois,United States,North America,64,1961,350,operating,794,41.180734,-87.856196
P100000120987,Nucor Steel Louisiana,Nucor Steel Louisiana LLC,E100001010198,Nucor Corp [100.0%],E100001010181 [100.0%],Louisiana,United States,North America,12,2013,170,operating,1350,30.076693,-90.859953
P100000120944,Nucor Steel Memphis plant,Nucor Steel Memphis Inc,E100001010199,Nucor Corp [100.0%],E100001010181 [100.0%],Tennessee,United States,North America,17,2008,450,operating,891,35.048395,-90.163033
P100000120943,Nucor Steel Norfolk plant,Nucor Corp,E100001010181,Nucor Corp [100.0%],E100001010181 [100.0%],Nebraska,United States,North America,46,1979,500,operating,1088,42.078908,-97.360854
P100000120951,Nucor Steel Plymouth plant,Nucor Corp,E100001010181,Nucor Corp [100.0%],E100001010181 [100.0%],Utah,United States,North America,44,1981,100,operating,908,41.882789,-112.196743
P100000120952,Nucor Steel Seattle plant,Nucor Steel Seattle Inc,E100001010200,Nucor Corp,E100001010181,Washington,United States,North America,121,1904,320,operating,855,47.569597,-122.367395
P100000120950,Nucor Steel Tuscaloosa plant,Nucor Steel Tuscaloosa Inc,E100001010184,Nucor Corp [100.0%],E100001010181 [100.0%],Alabama,United States,North America,40,1985,345,operating,1200,33.234761,-87.508498
P100000120949,Nucor-Yamato Steel Blytheville plant,Nucor Yamato Steel Co,E100001010195,Nucor Corp [51.0%]; Yamato Kogyo Co Ltd [49.0%],E100001010181 [51.0%]; E100001010196 [49.0%],Arkansas,United States,North America,37,1988,750,operating,3174,35.941421,-89.713819
P100000120975,Optimus Steel Beaumont plant,Optimus Steel LLC,E100000131058,Aceros Turia Inc,E100001016337,Texas,United States,North America,49,1976,311,operating,750,30.08201,-94.074694
P100000120954,Outokumpu Stainless USA steel plant,Outokumpu Stainless USA LLC,E100000130958,Solidium Oy [15.5%]; small shareholder(s),E100001016231 [15.5%]; E100001015587,Alabama,United States,North America,18,2007,972,operating,1000,31.148179,-87.98866
P100000120933,SSAB Americas Alabama steel plant,SSAB Americas Holding AB,E100001010364,SSAB AB [100.0%],E100000001651 [100.0%],Alabama,United States,North America,24,2001,700,operating,1250,30.941783,-88.012437
P100000120934,SSAB Americas Iowa steel plant,SSAB Americas Holding AB,E100001010364,SSAB AB [100.0%],E100000001651 [100.0%],Iowa,United States,North America,28,1997,500,operating,1200,41.482009,-90.820921
P100000120957,Steel Dynamics Butler plant,Steel Dynamics Inc,E100001010336,Steel Dynamics Inc [100.0%],E100001010336 [100.0%],Indiana,United States,North America,29,1996,3150,operating,2900,41.37064,-84.917454
P100000120958,Steel Dynamics Columbia City plant,Steel Dynamics Inc,E100001010336,Steel Dynamics Inc [100.0%],E100001010336 [100.0%],Indiana,United States,North America,23,2002,3150,operating,2000,41.121613,-85.348602
P100000120959,Steel Dynamics Columbus plant,Steel Dynamics Inc,E100001010336,Steel Dynamics Inc [100.0%],E100001010336 [100.0%],Mississippi,United States,North America,18,2007,700,operating,3400,33.44758,-88.572683
P100000120973,Steel Dynamics Engineered Bar Products steel plant,Steel Dynamics Inc,E100001010336,Steel Dynamics Inc [100.0%],E100001010336 [100.0%],Indiana,United States,North America,21,2004,3015,operating,950,39.875508,-86.484214
P100000120972,Steel Dynamics Roanoke steel plant,Steel Dynamics Inc,E100001010336,Steel Dynamics Inc [100.0%],E100001010336 [100.0%],Virginia,United States,North America,70,1955,3150,operating,590,37.272927,-79.998828
P100000120960,Steel Dynamics Sinton plant,Steel Dynamics Inc,E100001010336,Steel Dynamics Inc [100.0%],E100001010336 [100.0%],Texas,United States,North America,3,2022,700,operating,2722,28.05182,-97.48804
P100000120928,U.S. Steel Big River Steel plant,Big River Steel LLC,E100001010266,Nippon Steel Corp [100.0%],E100000000652 [100.0%],Arkansas,United States,North America,9,2016,745,operating,6022,35.644264,-89.941659
P100000120964,U.S. Steel Edgar Thomson Plant,United States Steel Corp,E100000001319,Nippon Steel Corp [100.0%],E100000000652 [100.0%],Pennsylvania,United States,North America,150,1875,650,operating,2600,40.39514,-79.859645
P100000120965,U.S. Steel Fairfield plant,United States Steel Corp,E100000001319,Nippon Steel Corp [100.0%],E100000000652 [100.0%],Alabama,United States,North America,5,2020,750,operating,1600,33.480697,-86.937854
P100000120966,U.S. Steel Gary Works,United States Steel Corp,E100000001319,Nippon Steel Corp [100.0%],E100000000652 [100.0%],Indiana,United States,North America,117,1908,2246,operating,7800,41.620799,-87.348266
P100000120974,Vallourec Star Youngstown steel plant,Vallourec Star LP,E100000130871,Vallourec SA [100.0%],E100001010324 [100.0%],Ohio,United States,North America,40,1985,260,operating,725,41.125495,-80.683382
P100000121001,Uzmetkombinat steel plant,Uzbekskiy Metallurgicheskiy Kombinat JSC,E100000130852,Government of Uzbekistan [80.0%]; unknown [20.0%],E100001010426 [80.0%]; E100000132388 [20.0%],Tashkent,Uzbekistan,Eurasia,81,1944,10764,operating,1100,40.233432,69.290873
P100000121008,CVG Briquetera del Caroní DRI plant,Corporacion Venezolana de Guayana,E100000130955,Corporacion Venezolana de Guayana [100.0%],E100000130955 [100.0%],Bolívar,Venezuela,Central & South America,35,,456,operating,1350,8.290142,-62.805419
P100000121007,CVG Briquetera del Orinoco DRI plant,Briquetera del Orinoco CA,E100001010279,Briquetera del Orinoco CA [100.0%],E100001010279 [100.0%],Bolívar,Venezuela,Central & South America,25,2000,1150,operating,1350,8.274965,-62.819282
P100000121005,CVG Comsigua DRI plant,Complejo Siderurgico de Guayana CA,E100000130906,Complejo Siderurgico de Guayana CA [100.0%],E100000130906 [100.0%],Bolívar,Venezuela,Central & South America,27,1998,353,operating,1350,8.297662,-62.780149
P100000121006,CVG Ferrominera Orinoco DRI plant,CVG Ferrominera Orinoco CA,E100001000469,Corporación Siderúrgica de Venezuela SA,E100001000470,Bolívar,Venezuela,Central & South America,35,1990,,operating,1350,8.33468,-62.728842
P100000121004,Sidor Ciudad Guayana steel plant,Siderurgica del Orinoco Alfredo Maneiro CA,E100000130923,Siderurgica del Orinoco Alfredo Maneiro CA [100.0%],E100000130923 [100.0%],Bolívar,Venezuela,Central & South America,63,1962,12676,operating,1020,8.259073,-62.841126
P100001045594,ASEAN Steel Hoa Phu steel plant,Asean Steel JSC,E100002008307,Asean Steel JSC [100.0%],E100002008307 [100.0%],Dak Lak,Vietnam,Asia Pacific,,,,operating,500,12.59912,107.93922
P100000121011,Formosa Ha Tinh Steel plant,Formosa Ha Tinh Steel Corp,E100000003270,China Steel Corp; Formosa Plastics Corp; JFE Holdings Inc,E100001010146; E100000001015; E100000000643,Ha Tinh,Vietnam,Asia Pacific,17,2008,7500,operating,7500,18.036333,106.428271
P100000121015,Hoa Phat Dung Quat steel plant,Hoa Phat Dung Quat Steel JSC,E100000131044,Hoa Phat Group JSC [100.0%],E100000130846 [100.0%],Quang Ngai,Vietnam,Asia Pacific,8,2017,13746,operating,11600,15.37768,108.793321
P100000121019,Hoa Phat Hai Duong Steel plant,Hoa Phat Hai Duong Steel JSC,E100000130919,Hoa Phat Group JSC [100.0%],E100000130846 [100.0%],Hai Duong,Vietnam,Asia Pacific,18,2007,5489,operating,2525,21.01536,106.536023
P100000121024,Lao Cai Cast Iron and Steel Plant,Lao Cai Cast Iron and Steel,E100000131120,Kunming Iron & Steel Holding Co Ltd; Laocai Mineral Exploitation and Processing JSC; unknown; Viet Nam Steel Corp,E100000128516; E100000130973; E100000132388; E100000130925,Lao Cai,Vietnam,Asia Pacific,11,2014,1000,operating,500,22.306931,104.12992
P100000121012,Pomina Steel 2 Phu My plant,Pomina Steel JSC,E100000130937,Pomina Steel JSC [100.0%],E100000130937 [100.0%],Ba Ria Vung Tau,Vietnam,Asia Pacific,26,1999,,operating,500,10.601568,107.045491
P100000121013,Pomina Steel 3 Phu My plant,Pomina Steel JSC,E100000130937,Pomina Steel JSC [100.0%],E100000130937 [100.0%],Ba Ria Vung Tau,Vietnam,Asia Pacific,13,2012,,operating,1000,10.577042,107.040324
P100000121020,POSCO Vietnam Phu My steel plant,Posco Vietnam Co Ltd,E100001010137,POSCO Holdings Inc [100.0%],E100000000953 [100.0%],Ba Ria Vung Tau,Vietnam,Asia Pacific,10,2015,388,operating,1000,10.560316,107.02684
P100001045593,Shengli Vietnam Special Steel An Bai steel plant,Shengli Vietnam Special Steel Co Ltd,E100002008300,Guangdong Metals & Minerals Import & Export Group Corp; Shengli (Fujian) Investment Group Corp,E100002008327; E100002008326,Thai Binh,Vietnam,Asia Pacific,17,2008,,operating,800,20.652657,106.440208
P100000121025,Thai Nguyen Iron and Steel plant,Thai Nguyen Iron And Steel JSC,E100000130922,Viet Nam Steel Corp [65.0%]; Thai Hung Trading JSC [20.0%]; small shareholder(s) [15.0%],E100000130925 [65.0%]; E100001012496 [20.0%]; E100001015587 [15.0%],Thai Nguyen,Vietnam,Asia Pacific,62,1963,,operating,300,21.557484,105.8728
P100000121014,Tung Ho Steel Phu My plant,Tung Ho Steel Vietnam Corp Ltd,E100000130964,Tung Ho Steel Enterprise Corp [100.0%],E100000130746 [100.0%],Ba Ria Vung Tau,Vietnam,Asia Pacific,18,2007,,operating,1000,10.551445,107.04368
P100001045582,Tuyen Quang Iron and Steel Long Binh steel plant,Tuyen Quang Iron Steel Co Ltd,E100002008286,Hung Ha Mon Goods Group Co [100.0%],E100002008328 [100.0%],Tuyen Quang,Vietnam,Asia Pacific,12,,700,operating,550,21.738739,105.247545
P100000121017,VAS An Hung Tuong Steel Binh Duong plant,VAS Steel An Hung Tuong LLC,E100000130986,Vietnam Advance Sprint Group JSC,E100000131144,Binh Duong,Vietnam,Asia Pacific,37,1988,714,operating,500,11.054204,106.615962
P100000121016,VAS Nghi Son Cast Iron and Steel plant,Nghi Son VAS Group JSC,E100000131128,Vietnam Advance Sprint Group JSC [100.0%],E100000131144 [100.0%],Thanh Hoa,Vietnam,Asia Pacific,7,2018,4000,operating,3150,19.326924,105.777449
P100000121018,VAS Tue Minh Steel Binh Duong plant,VAS Steel Tue Minh JSC,E100000131140,Vietnam Advance Sprint Group JSC [100.0%],E100000131144 [100.0%],Binh Duong,Vietnam,Asia Pacific,9,2016,850,operating,500,11.113343,106.831064
P100001045591,Viet Nhat VJS Nam Cau Kien steel plant,Viet Nhat Advanced Steel JSC,E100002008298,Viet Nhat Advanced Steel JSC [100.0%],E100002008298 [100.0%],Hai Phong,Vietnam,Asia Pacific,15,2010,800,operating,500,20.90553,106.628701
P100001045592,Vietnam Italy Steel Pho Noi steel plant,Vietnam - Italy Steel JSC,E100002008299,Kyoei Steel Ltd [73.8%]; Thai Hung Trading JSC [20.0%]; unknown [6.2%],E100000130707 [73.8%]; E100001012496 [20.0%]; E100000132388 [6.2%],Hung Yen,Vietnam,Asia Pacific,23,2002,,operating,552,20.946428,106.025454
P100000121023,Vina Kyoei Steel Phu My plant,Vina Kyoei Steel Ltd Co,E100000130957,Kyoei Steel Ltd [45.0%]; Viet Nam Steel Corp [40.0%]; Mitsui & Co Ltd [9.0%]; Marubeni-Itochu Steel Pte Ltd [6.0%],E100000130707 [45.0%]; E100000130925 [40.0%]; E100000000651 [9.0%]; E100000130791 [6.0%],Ba Ria Vung Tau,Vietnam,Asia Pacific,30,,,operating,500,10.601423,107.040679
P100001045578,Vina One Steel Ben Luc steel plant,Vina One Steel Manufacturing Corp,E100002008272,Vina One Steel Manufacturing Corp [100.0%],E100002008272 [100.0%],Long An,Vietnam,Asia Pacific,18,2007,1500,operating,1200,10.636835,106.517595
P100000121021,VNSteel Southern Steel Company plant,VNSTEEL Southern Steel Co Ltd,E100000130939,Viet Nam Steel Corp,E100000130925,Ba Ria Vung Tau,Vietnam,Asia Pacific,20,2005,,operating,550,10.576597,107.028995
P100000121031,Dinson Chivhu iron and steel plant,Dinson Iron & Steel Company Pvt Ltd,E100000131195,TSINGSHAN Holding Group Co Ltd [40.3%]; unknown [24.5%]; Shanghai Decent Investment (Group) Co Ltd [23.7%]; Zhejiang Qingshan Business Management Co Ltd [11.5%],E100000128088 [40.3%]; E100000132388 [24.5%]; E100000128090 [23.7%]; E100000128539 [11.5%],Mashonaland,Zimbabwe,Africa,1,,2200,operating,600,-18.940658,30.608968
