Plant ID,Workforce size,Nominal crude steel capacity (ttpa),ISO 14001,ISO 50001,ResponsibleSteel Certification,Year,Crude steel production (ttpa),Plant Age,Capacity per Worker (ttpa per worker),Certification score,Avg_Annual_Growth,Growth_Volatility,Asia Pacific,Central & South America,Eurasia,Europe,Middle East,North America
P100000120006,-0.4629529800130135,-0.3236783404592171,1,0,0,2019,-0.3484174010927399,0.6611524497993142,-0.14779726773661864,-0.3490719137044929,0.006994973635821008,0.4742621390839328,False,True,False,False,False,False
P100000120006,-0.4629529800130135,-0.3236783404592171,1,0,0,2020,-0.39774213927177166,0.6863010631942033,-0.14779726773661864,-0.3490719137044929,0.006994973635821008,0.4742621390839328,False,True,False,False,False,False
P100000120006,-0.4629529800130135,-0.3236783404592171,1,0,0,2021,-0.3234262004153638,0.7114496765890922,-0.14779726773661864,-0.3490719137044929,0.006994973635821008,0.4742621390839328,False,True,False,False,False,False
P100000120006,-0.4629529800130135,-0.3236783404592171,1,0,0,2022,-0.33625063234191205,0.7365982899839812,-0.14779726773661864,-0.3490719137044929,0.006994973635821008,0.4742621390839328,False,True,False,False,False,False
P100000120006,-0.4629529800130135,-0.3236783404592171,1,0,0,2023,-0.3484174010927399,0.7617469033788702,-0.14779726773661864,-0.3490719137044929,0.006994973635821008,0.4742621390839328,False,True,False,False,False,False
P100000120007,-0.19541802289632726,-0.40401733326310185,1,1,0,2019,-0.3849177073452234,0.30907186227086825,-0.31890559811564256,0.9364525377264761,-0.09318715740068372,0.05349326244215876,False,True,False,False,False,False
P100000120007,-0.19541802289632726,-0.40401733326310185,1,1,0,2020,-0.41517021342836286,0.33422047566575724,-0.31890559811564256,0.9364525377264761,-0.09318715740068372,0.05349326244215876,False,True,False,False,False,False
P100000120007,-0.19541802289632726,-0.40401733326310185,1,1,0,2021,-0.38573978631487393,0.35936908906064624,-0.31890559811564256,0.9364525377264761,-0.09318715740068372,0.05349326244215876,False,True,False,False,False,False
P100000120007,-0.19541802289632726,-0.40401733326310185,1,1,0,2022,-0.37768341241229875,0.38451770245553524,-0.31890559811564256,0.9364525377264761,-0.09318715740068372,0.05349326244215876,False,True,False,False,False,False
P100000120007,-0.19541802289632726,-0.40401733326310185,1,1,0,2023,-0.37965640193946,0.40966631585042423,-0.31890559811564256,0.9364525377264761,-0.09318715740068372,0.05349326244215876,False,True,False,False,False,False
P100000120008,-0.1405039812967737,0.10699604596446499,1,1,0,2019,-0.17380782793896746,0.30907186227086825,-0.19004807625879053,0.9364525377264761,-0.10173165732852416,0.054737814478746455,False,True,False,False,False,False
P100000120008,-0.1405039812967737,0.10699604596446499,1,1,0,2020,-0.24845259838323552,0.33422047566575724,-0.19004807625879053,0.9364525377264761,-0.10173165732852416,0.054737814478746455,False,True,False,False,False,False
P100000120008,-0.1405039812967737,0.10699604596446499,1,1,0,2021,-0.17610964905398893,0.35936908906064624,-0.19004807625879053,0.9364525377264761,-0.10173165732852416,0.054737814478746455,False,True,False,False,False,False
P100000120008,-0.1405039812967737,0.10699604596446499,1,1,0,2022,-0.15605092219451602,0.38451770245553524,-0.19004807625879053,0.9364525377264761,-0.10173165732852416,0.054737814478746455,False,True,False,False,False,False
P100000120008,-0.1405039812967737,0.10699604596446499,1,1,0,2023,-0.16328521712744068,0.40966631585042423,-0.19004807625879053,0.9364525377264761,-0.10173165732852416,0.054737814478746455,False,True,False,False,False,False
P100000120009,-0.6265225629981607,-0.7110270557636614,1,0,0,2019,-0.5018173368295287,-1.1243991012378047,-0.2534564628853225,-0.3490719137044929,1.0447981889392395,0.3776911050097173,False,True,False,False,False,False
P100000120009,-0.6265225629981607,-0.7110270557636614,1,0,0,2020,-0.4993510999205771,-1.0992504878429157,-0.2534564628853225,-0.3490719137044929,1.0447981889392395,0.3776911050097173,False,True,False,False,False,False
P100000120009,-0.6265225629981607,-0.7110270557636614,1,0,0,2021,-0.4932677155451632,-1.0741018744480266,-0.2534564628853225,-0.3490719137044929,1.0447981889392395,0.3776911050097173,False,True,False,False,False,False
P100000120009,-0.6265225629981607,-0.7110270557636614,1,0,0,2022,-0.468112099073857,-1.0489532610531376,-0.2534564628853225,-0.3490719137044929,1.0447981889392395,0.3776911050097173,False,True,False,False,False,False
P100000120009,-0.6265225629981607,-0.7110270557636614,1,0,0,2023,-0.47074275177673863,-1.0238046476582487,-0.2534564628853225,-0.3490719137044929,1.0447981889392395,0.3776911050097173,False,True,False,False,False,False
P100000120012,-0.19405005744722806,0.020631628700288902,0,0,1,2019,-0.033889987304447367,1.1138274909073163,-0.1907429476380374,-0.3490719137044929,-0.14211676775172677,-0.3335938694219313,True,False,False,False,False,False
P100000120012,-0.19405005744722806,0.020631628700288902,0,0,1,2020,-0.0015000759002165088,1.138976104302205,-0.1907429476380374,-0.3490719137044929,-0.14211676775172677,-0.3335938694219313,True,False,False,False,False,False
P100000120012,-0.19405005744722806,0.020631628700288902,0,0,1,2021,0.006227466414498467,1.1641247176970941,-0.1907429476380374,-0.3490719137044929,-0.14211676775172677,-0.3335938694219313,True,False,False,False,False,False
P100000120012,-0.19405005744722806,0.020631628700288902,0,0,1,2022,-2.0333754845556063e-05,1.1892733310919832,-0.1907429476380374,-0.3490719137044929,-0.14211676775172677,-0.3335938694219313,True,False,False,False,False,False
P100000120012,-0.19405005744722806,0.020631628700288902,0,0,1,2023,-0.007295732636252741,1.2144219444868722,-0.1907429476380374,-0.3490719137044929,-0.14211676775172677,-0.3335938694219313,True,False,False,False,False,False
P100000120014,-0.3320191441706616,-0.6737268091047149,1,0,0,2019,-0.41780086613124456,-0.4956837663655797,-0.3800330387051378,-0.3490719137044929,-0.21208499295174274,-0.33583154247537417,True,False,False,False,False,False
P100000120014,-0.3320191441706616,-0.6737268091047149,1,0,0,2020,-0.41780086613124456,-0.4705351529706907,-0.3800330387051378,-0.3490719137044929,-0.21208499295174274,-0.33583154247537417,True,False,False,False,False,False
P100000120014,-0.3320191441706616,-0.6737268091047149,1,0,0,2021,-0.4205959346280564,-0.4453865395758017,-0.3800330387051378,-0.3490719137044929,-0.21208499295174274,-0.33583154247537417,True,False,False,False,False,False
P100000120014,-0.3320191441706616,-0.6737268091047149,1,0,0,2022,-0.4150057976344328,-0.4202379261809127,-0.3800330387051378,-0.3490719137044929,-0.21208499295174274,-0.33583154247537417,True,False,False,False,False,False
P100000120014,-0.3320191441706616,-0.6737268091047149,1,0,0,2023,-0.41780086613124456,-0.3950893127860237,-0.3800330387051378,-0.3490719137044929,-0.21208499295174274,-0.33583154247537417,True,False,False,False,False,False
P100000120015,-0.3320191441706616,-0.6823345583337025,0,0,0,2019,-0.43128296123351323,-0.24419763241668974,-0.3834397152760943,-1.634596365135462,-0.21206591721966048,-0.3354928962407954,True,False,False,False,False,False
P100000120015,-0.3320191441706616,-0.6823345583337025,0,0,0,2020,-0.43128296123351323,-0.21904901902180074,-0.3834397152760943,-1.634596365135462,-0.21206591721966048,-0.3354928962407954,True,False,False,False,False,False
P100000120015,-0.3320191441706616,-0.6823345583337025,0,0,0,2021,-0.4337491981424648,-0.19390040562691174,-0.3834397152760943,-1.634596365135462,-0.21206591721966048,-0.3354928962407954,True,False,False,False,False,False
P100000120015,-0.3320191441706616,-0.6823345583337025,0,0,0,2022,-0.42881672432456164,-0.16875179223202275,-0.3834397152760943,-1.634596365135462,-0.21206591721966048,-0.3354928962407954,True,False,False,False,False,False
P100000120015,-0.3320191441706616,-0.6823345583337025,0,0,0,2023,-0.43128296123351323,-0.14360317883713375,-0.3834397152760943,-1.634596365135462,-0.21206591721966048,-0.3354928962407954,True,False,False,False,False,False
P100000120016,-0.4588490836657159,-0.6679883096187231,0,0,0,2019,-0.4804980888832583,-0.7220212869195807,-0.3419210602892298,-1.634596365135462,-0.10469227635678503,0.162721673254273,False,False,True,False,False,False
P100000120016,-0.4588490836657159,-0.6679883096187231,0,0,0,2020,-0.4894861522847707,-0.6968726735246917,-0.3419210602892298,-1.634596365135462,-0.10469227635678503,0.162721673254273,False,False,True,False,False,False
P100000120016,-0.4588490836657159,-0.6679883096187231,0,0,0,2021,-0.48225185735184606,-0.6717240601298027,-0.3419210602892298,-1.634596365135462,-0.10469227635678503,0.162721673254273,False,False,True,False,False,False
P100000120016,-0.4588490836657159,-0.6679883096187231,0,0,0,2022,-0.46975625701315804,-0.6465754467349137,-0.3419210602892298,-1.634596365135462,-0.10469227635678503,0.162721673254273,False,False,True,False,False,False
P100000120016,-0.4588490836657159,-0.6679883096187231,0,0,0,2023,-0.4804980888832583,-0.6214268333400247,-0.3419210602892298,-1.634596365135462,-0.10469227635678503,0.162721673254273,False,False,True,False,False,False
P100000120017,-0.35038896591570795,-0.34089383891719244,1,0,0,2019,-0.39774213927177166,2.01917757312332,-0.23889546069664552,-0.3490719137044929,-0.5464761219006048,-0.08479956556661956,False,False,False,True,False,False
P100000120017,-0.35038896591570795,-0.34089383891719244,1,0,0,2020,-0.41418371866478226,2.044326186518209,-0.23889546069664552,-0.3490719137044929,-0.5464761219006048,-0.08479956556661956,False,False,False,True,False,False
P100000120017,-0.35038896591570795,-0.34089383891719244,1,0,0,2021,-0.39774213927177166,2.069474799913098,-0.23889546069664552,-0.3490719137044929,-0.5464761219006048,-0.08479956556661956,False,False,False,True,False,False
P100000120017,-0.35038896591570795,-0.34089383891719244,1,0,0,2022,-0.41418371866478226,2.0946234133079873,-0.23889546069664552,-0.3490719137044929,-0.5464761219006048,-0.08479956556661956,False,False,False,True,False,False
P100000120017,-0.35038896591570795,-0.34089383891719244,1,0,0,2023,-0.4306252980577928,2.119772026702876,-0.23889546069664552,-0.3490719137044929,-0.5464761219006048,-0.08479956556661956,False,False,False,True,False,False
P100000120018,-0.34393998594138314,-0.5959701410695265,1,0,0,2019,-0.5034614947688297,-0.8980615806838037,-0.34599912436241664,-0.3490719137044929,3.279141080879727,2.525893994100809,True,False,False,False,False,False
P100000120018,-0.34393998594138314,-0.5959701410695265,1,0,0,2020,-0.4408190772814594,-0.8729129672889147,-0.34599912436241664,-0.3490719137044929,3.279141080879727,2.525893994100809,True,False,False,False,False,False
P100000120018,-0.34393998594138314,-0.5959701410695265,1,0,0,2021,-0.41730761874945427,-0.8477643538940257,-0.34599912436241664,-0.3490719137044929,3.279141080879727,2.525893994100809,True,False,False,False,False,False
P100000120018,-0.34393998594138314,-0.5959701410695265,1,0,0,2022,-0.4099089080225995,-0.8226157404991367,-0.34599912436241664,-0.3490719137044929,3.279141080879727,2.525893994100809,True,False,False,False,False,False
P100000120018,-0.34393998594138314,-0.5959701410695265,1,0,0,2023,-0.4250351610641692,-0.7974671271042477,-0.34599912436241664,-0.3490719137044929,3.279141080879727,2.525893994100809,True,False,False,False,False,False
P100000120021,-0.5360414197220279,-0.6679883096187231,0,0,0,2019,-0.4575894882623302,-1.1746963280275826,-0.3018884204028247,-1.634596365135462,0.3123264045349842,-0.10237446837344254,True,False,False,False,False,False
P100000120021,-0.5360414197220279,-0.6679883096187231,0,0,0,2020,-0.43703751402106694,-1.1495477146326936,-0.3018884204028247,-1.634596365135462,0.3123264045349842,-0.10237446837344254,True,False,False,False,False,False
P100000120021,-0.5360414197220279,-0.6679883096187231,0,0,0,2021,-0.43111854543958317,-1.1243991012378047,-0.3018884204028247,-1.634596365135462,0.3123264045349842,-0.10237446837344254,True,False,False,False,False,False
P100000120021,-0.5360414197220279,-0.6679883096187231,0,0,0,2022,-0.42519957685809934,-1.0992504878429157,-0.3018884204028247,-1.634596365135462,0.3123264045349842,-0.10237446837344254,True,False,False,False,False,False
P100000120021,-0.5360414197220279,-0.6679883096187231,0,0,0,2023,-0.4266793190034703,-1.0741018744480266,-0.3018884204028247,-1.634596365135462,0.3123264045349842,-0.10237446837344254,True,False,False,False,False,False
P100000120022,-0.5360414197220279,-0.43127520582156276,1,0,0,2019,-0.514806184550007,-1.0992504878429157,-0.1299602672197943,-0.3490719137044929,6.427861231643442,4.38638562577103,True,False,False,False,False,False
P100000120022,-0.5360414197220279,-0.43127520582156276,1,0,0,2020,-0.45709624088053985,-1.0741018744480266,-0.1299602672197943,-0.3490719137044929,6.427861231643442,4.38638562577103,True,False,False,False,False,False
P100000120022,-0.5360414197220279,-0.43127520582156276,1,0,0,2021,-0.3658454752493311,-1.0489532610531376,-0.1299602672197943,-0.3490719137044929,6.427861231643442,4.38638562577103,True,False,False,False,False,False
P100000120022,-0.5360414197220279,-0.43127520582156276,1,0,0,2022,-0.3716000280368848,-1.0238046476582487,-0.1299602672197943,-0.3490719137044929,6.427861231643442,4.38638562577103,True,False,False,False,False,False
P100000120022,-0.5360414197220279,-0.43127520582156276,1,0,0,2023,-0.40530526579255655,-0.9986560342633597,-0.1299602672197943,-0.3490719137044929,6.427861231643442,4.38638562577103,True,False,False,False,False,False
P100000120027,-0.40256707661706315,-0.18021585330942294,1,1,1,2019,0.3750120921997259,0.15818018190153424,-0.1316987120739707,2.221976989157445,-0.4625411281961498,0.018638676786219822,False,False,False,True,False,False
P100000120027,-0.40256707661706315,-0.18021585330942294,1,1,1,2020,0.14647413863687878,0.18332879529642324,-0.1316987120739707,2.221976989157445,-0.4625411281961498,0.018638676786219822,False,False,False,True,False,False
P100000120027,-0.40256707661706315,-0.18021585330942294,1,1,1,2021,0.21881708796612537,0.20847740869131223,-0.1316987120739707,2.221976989157445,-0.4625411281961498,0.018638676786219822,False,False,False,True,False,False
P100000120027,-0.40256707661706315,-0.18021585330942294,1,1,1,2022,0.292804195234673,0.23362602208620123,-0.1316987120739707,2.221976989157445,-0.4625411281961498,0.018638676786219822,False,False,False,True,False,False
P100000120027,-0.40256707661706315,-0.18021585330942294,1,1,1,2023,0.17771313948359888,0.25877463548109025,-0.1316987120739707,2.221976989157445,-0.4625411281961498,0.018638676786219822,False,False,False,True,False,False
P100000120030,-0.6933574463684358,-0.6679883096187231,0,0,0,2019,-0.39774213927177166,-0.4202379261809127,-0.0002970532938793889,-1.634596365135462,-0.21461119967635964,-0.4249127834234746,False,False,False,True,False,False
P100000120030,-0.6933574463684358,-0.6679883096187231,0,0,0,2020,-0.39774213927177166,-0.3950893127860237,-0.0002970532938793889,-1.634596365135462,-0.21461119967635964,-0.4249127834234746,False,False,False,True,False,False
P100000120030,-0.6933574463684358,-0.6679883096187231,0,0,0,2021,-0.39774213927177166,-0.3699406993911347,-0.0002970532938793889,-1.634596365135462,-0.21461119967635964,-0.4249127834234746,False,False,False,True,False,False
P100000120030,-0.6933574463684358,-0.6679883096187231,0,0,0,2022,-0.39774213927177166,-0.3447920859962457,-0.0002970532938793889,-1.634596365135462,-0.21461119967635964,-0.4249127834234746,False,False,False,True,False,False
P100000120030,-0.6933574463684358,-0.6679883096187231,0,0,0,2023,-0.39774213927177166,-0.3196434726013567,-0.0002970532938793889,-1.634596365135462,-0.21461119967635964,-0.4249127834234746,False,False,False,True,False,False
P100000120031,-0.5458126015013078,-0.4958333250389701,1,1,0,2019,-0.4362154350514164,0.35936908906064624,-0.16469322745879034,0.9364525377264761,-0.3719948930800644,-0.105832550261102,False,False,False,True,False,False
P100000120031,-0.5458126015013078,-0.4958333250389701,1,1,0,2020,-0.44969753015368513,0.38451770245553524,-0.16469322745879034,0.9364525377264761,-0.3719948930800644,-0.105832550261102,False,False,False,True,False,False
P100000120031,-0.5458126015013078,-0.4958333250389701,1,1,0,2021,-0.43917491934215835,0.40966631585042423,-0.16469322745879034,0.9364525377264761,-0.3719948930800644,-0.105832550261102,False,False,False,True,False,False
P100000120031,-0.5458126015013078,-0.4958333250389701,1,1,0,2022,-0.4500263617415453,0.43481492924531323,-0.16469322745879034,0.9364525377264761,-0.3719948930800644,-0.105832550261102,False,False,False,True,False,False
P100000120031,-0.5458126015013078,-0.4958333250389701,1,1,0,2023,-0.4488754511840346,0.4599635426402022,-0.16469322745879034,0.9364525377264761,-0.3719948930800644,-0.105832550261102,False,False,False,True,False,False
P100000120032,-0.3320191441706616,-0.5345681965694146,1,1,0,2019,-0.32087775560944715,-0.9986560342633597,-0.3249584341413418,0.9364525377264761,-0.2172191552377982,-0.41876762005377904,False,False,False,False,True,False
P100000120032,-0.3320191441706616,-0.5345681965694146,1,1,0,2020,-0.32087775560944715,-0.9735074208684706,-0.3249584341413418,0.9364525377264761,-0.2172191552377982,-0.41876762005377904,False,False,False,False,True,False
P100000120032,-0.3320191441706616,-0.5345681965694146,1,1,0,2021,-0.32087775560944715,-0.9483588074735817,-0.3249584341413418,0.9364525377264761,-0.2172191552377982,-0.41876762005377904,False,False,False,False,True,False
P100000120032,-0.3320191441706616,-0.5345681965694146,1,1,0,2022,-0.3204667161246219,-0.9232101940786926,-0.3249584341413418,0.9364525377264761,-0.2172191552377982,-0.41876762005377904,False,False,False,False,True,False
P100000120032,-0.3320191441706616,-0.5345681965694146,1,1,0,2023,-0.32128879509427244,-0.8980615806838037,-0.3249584341413418,0.9364525377264761,-0.2172191552377982,-0.41876762005377904,False,False,False,False,True,False
P100000120033,0.8807799382735713,0.3534645988878114,1,0,0,2019,-0.06496457235723738,-0.3447920859962457,-0.33498688839527974,-0.3490719137044929,-0.347122095623304,-0.352749325652194,False,True,False,False,False,False
P100000120033,0.8807799382735713,0.3534645988878114,1,0,0,2020,-0.0710479567326513,-0.3196434726013567,-0.33498688839527974,-0.3490719137044929,-0.347122095623304,-0.352749325652194,False,True,False,False,False,False
P100000120033,0.8807799382735713,0.3534645988878114,1,0,0,2021,-0.07565159896269426,-0.29449485920646773,-0.33498688839527974,-0.3490719137044929,-0.347122095623304,-0.352749325652194,False,True,False,False,False,False
P100000120033,0.8807799382735713,0.3534645988878114,1,0,0,2022,-0.10672618401548427,-0.26934624581157873,-0.33498688839527974,-0.3490719137044929,-0.347122095623304,-0.352749325652194,False,True,False,False,False,False
P100000120033,0.8807799382735713,0.3534645988878114,1,0,0,2023,-0.1101789156880165,-0.24419763241668974,-0.33498688839527974,-0.3490719137044929,-0.347122095623304,-0.352749325652194,False,True,False,False,False,False
P100000120034,0.19679721372397174,1.2544090181885188,1,0,1,2019,0.5012834219380472,-0.26934624581157873,-0.07786082686130029,0.9364525377264761,-0.0153266349358656,0.2498063338394197,False,True,False,False,False,False
P100000120034,0.19679721372397174,1.2544090181885188,1,0,1,2020,0.28836496879856016,-0.24419763241668974,-0.07786082686130029,0.9364525377264761,-0.0153266349358656,0.2498063338394197,False,True,False,False,False,False
P100000120034,0.19679721372397174,1.2544090181885188,1,0,1,2021,0.6362687887546642,-0.21904901902180074,-0.07786082686130029,0.9364525377264761,-0.0153266349358656,0.2498063338394197,False,True,False,False,False,False
P100000120034,0.19679721372397174,1.2544090181885188,1,0,1,2022,0.5626105130739767,-0.19390040562691174,-0.07786082686130029,0.9364525377264761,-0.0153266349358656,0.2498063338394197,False,True,False,False,False,False
P100000120034,0.19679721372397174,1.2544090181885188,1,0,1,2023,0.5565271286985628,-0.16875179223202275,-0.07786082686130029,0.9364525377264761,-0.0153266349358656,0.2498063338394197,False,True,False,False,False,False
P100000120035,-0.5897829195080678,-0.5532183198988878,1,0,1,2019,-0.3319758216997293,0.8874899703533152,-0.14799468888234996,0.9364525377264761,-0.2815703924689364,-0.3790774691786113,False,True,False,False,False,False
P100000120035,-0.5897829195080678,-0.5532183198988878,1,0,1,2020,-0.3319758216997293,0.9126385837482042,-0.14799468888234996,0.9364525377264761,-0.2815703924689364,-0.3790774691786113,False,True,False,False,False,False
P100000120035,-0.5897829195080678,-0.5532183198988878,1,0,1,2021,-0.3319758216997293,0.9377871971430932,-0.14799468888234996,0.9364525377264761,-0.2815703924689364,-0.3790774691786113,False,True,False,False,False,False
P100000120035,-0.5897829195080678,-0.5532183198988878,1,0,1,2022,-0.3397033640144443,0.9629358105379822,-0.14799468888234996,0.9364525377264761,-0.2815703924689364,-0.3790774691786113,False,True,False,False,False,False
P100000120035,-0.5897829195080678,-0.5532183198988878,1,0,1,2023,-0.34184076933553564,0.9880844239328712,-0.14799468888234996,0.9364525377264761,-0.2815703924689364,-0.3790774691786113,False,True,False,False,False,False
P100000120036,-0.649777975632847,-0.6106033147588055,1,0,1,2019,-0.41089540278618014,-0.9232101940786926,-0.0786407586031939,0.9364525377264761,-0.8803359656809476,0.07118453513526916,False,True,False,False,False,False
P100000120036,-0.649777975632847,-0.6106033147588055,1,0,1,2020,-0.4081003342893683,-0.8980615806838037,-0.0786407586031939,0.9364525377264761,-0.8803359656809476,0.07118453513526916,False,True,False,False,False,False
P100000120036,-0.649777975632847,-0.6106033147588055,1,0,1,2021,-0.39955071300500283,-0.8729129672889147,-0.0786407586031939,0.9364525377264761,-0.8803359656809476,0.07118453513526916,False,True,False,False,False,False
P100000120036,-0.649777975632847,-0.6106033147588055,1,0,1,2022,-0.43785959299071747,-0.8477643538940257,-0.0786407586031939,0.9364525377264761,-0.8803359656809476,0.07118453513526916,False,True,False,False,False,False
P100000120036,-0.649777975632847,-0.6106033147588055,1,0,1,2023,-0.46531703057704515,-0.8226157404991367,-0.0786407586031939,0.9364525377264761,-0.8803359656809476,0.07118453513526916,False,True,False,False,False,False
P100000120038,0.7830681204807715,0.5944815772994656,1,1,0,2019,0.19070198720407724,-0.9483588074735817,-0.29928344838489995,0.9364525377264761,-0.20861546104582926,-0.26403755515515565,False,True,False,False,False,False
P100000120038,0.7830681204807715,0.5944815772994656,1,1,0,2020,0.15107778086692172,-0.9232101940786926,-0.29928344838489995,0.9364525377264761,-0.20861546104582926,-0.26403755515515565,False,True,False,False,False,False
P100000120038,0.7830681204807715,0.5944815772994656,1,1,0,2021,0.21536435629359313,-0.8980615806838037,-0.29928344838489995,0.9364525377264761,-0.20861546104582926,-0.26403755515515565,False,True,False,False,False,False
P100000120038,0.7830681204807715,0.5944815772994656,1,1,0,2022,0.19810069793093202,-0.8729129672889147,-0.29928344838489995,0.9364525377264761,-0.20861546104582926,-0.26403755515515565,False,True,False,False,False,False
P100000120038,0.7830681204807715,0.5944815772994656,1,1,0,2023,0.1895510766465665,-0.8477643538940257,-0.29928344838489995,0.9364525377264761,-0.20861546104582926,-0.26403755515515565,False,True,False,False,False,False
P100000120039,3.12815174750797,0.896039725288333,1,0,0,2019,-0.028957513486544188,0.6611524497993142,-0.387188229129769,-0.3490719137044929,-0.12513952362914382,0.08108732627389702,False,True,False,False,False,False
P100000120039,3.12815174750797,0.896039725288333,1,0,0,2020,0.09714940045784701,0.6863010631942033,-0.387188229129769,-0.3490719137044929,-0.12513952362914382,0.08108732627389702,False,True,False,False,False,False
P100000120039,3.12815174750797,0.896039725288333,1,0,0,2021,0.17113650772639466,0.7114496765890922,-0.387188229129769,-0.3490719137044929,-0.12513952362914382,0.08108732627389702,False,True,False,False,False,False
P100000120039,3.12815174750797,0.896039725288333,1,0,0,2022,0.0910660160824331,0.7365982899839812,-0.387188229129769,-0.3490719137044929,-0.12513952362914382,0.08108732627389702,False,True,False,False,False,False
P100000120039,3.12815174750797,0.896039725288333,1,0,0,2023,-0.025833613401872176,0.7617469033788702,-0.387188229129769,-0.3490719137044929,-0.12513952362914382,0.08108732627389702,False,True,False,False,False,False
P100000120040,-0.291761875240028,-0.036753366159628764,1,0,0,2019,-0.05805910901217293,-1.0992504878429157,-0.15600998739904137,-0.3490719137044929,-0.14882871126604347,-0.3024694717911478,False,True,False,False,False,False
P100000120040,-0.291761875240028,-0.036753366159628764,1,0,0,2020,-0.07828225166557595,-1.0741018744480266,-0.15600998739904137,-0.3490719137044929,-0.14882871126604347,-0.3024694717911478,False,True,False,False,False,False
P100000120040,-0.291761875240028,-0.036753366159628764,1,0,0,2021,-0.06710197767832875,-1.0489532610531376,-0.15600998739904137,-0.3490719137044929,-0.14882871126604347,-0.3024694717911478,False,True,False,False,False,False
P100000120040,-0.291761875240028,-0.036753366159628764,1,0,0,2022,-0.06989704617514055,-1.0238046476582487,-0.15600998739904137,-0.3490719137044929,-0.14882871126604347,-0.3024694717911478,False,True,False,False,False,False
P100000120040,-0.291761875240028,-0.036753366159628764,1,0,0,2023,-0.036027392625538744,-0.9986560342633597,-0.15600998739904137,-0.3490719137044929,-0.14882871126604347,-0.3024694717911478,False,True,False,False,False,False
P100000120041,-0.6826091464112278,-0.5819108173288466,1,0,1,2019,-0.39198758648421794,0.43481492924531323,0.10448721439342892,0.9364525377264761,-0.031874731086979524,-0.25918426407474826,False,True,False,False,False,False
P100000120041,-0.6826091464112278,-0.5819108173288466,1,0,1,2020,-0.38080731249697075,0.4599635426402022,0.10448721439342892,0.9364525377264761,-0.031874731086979524,-0.25918426407474826,False,True,False,False,False,False
P100000120041,-0.6826091464112278,-0.5819108173288466,1,0,1,2021,-0.3661743068371913,0.4851121560350912,0.10448721439342892,0.9364525377264761,-0.031874731086979524,-0.25918426407474826,False,True,False,False,False,False
P100000120041,-0.6826091464112278,-0.5819108173288466,1,0,1,2022,-0.37307977018225574,0.5102607694299802,0.10448721439342892,0.9364525377264761,-0.031874731086979524,-0.25918426407474826,False,True,False,False,False,False
P100000120041,-0.6826091464112278,-0.5819108173288466,1,0,1,2023,-0.37307977018225574,0.5354093828248692,0.10448721439342892,0.9364525377264761,-0.031874731086979524,-0.25918426407474826,False,True,False,False,False,False
P100000120042,-0.4871855108256279,-0.6289665131139791,1,0,0,2019,-0.4163211239858736,0.03243711492708925,-0.30605637563150423,-0.3490719137044929,-0.2562982785535884,-0.29718381463043386,False,True,False,False,False,False
P100000120042,-0.4871855108256279,-0.6289665131139791,1,0,0,2020,-0.41780086613124456,0.057585728321978245,-0.30605637563150423,-0.3490719137044929,-0.2562982785535884,-0.29718381463043386,False,True,False,False,False,False
P100000120042,-0.4871855108256279,-0.6289665131139791,1,0,0,2021,-0.41138865016797044,0.08273434171686725,-0.30605637563150423,-0.3490719137044929,-0.2562982785535884,-0.29718381463043386,False,True,False,False,False,False
P100000120042,-0.4871855108256279,-0.6289665131139791,1,0,0,2022,-0.4194450240705456,0.10788295511175625,-0.30605637563150423,-0.3490719137044929,-0.2562982785535884,-0.29718381463043386,False,True,False,False,False,False
P100000120042,-0.4871855108256279,-0.6289665131139791,1,0,0,2023,-0.42026710304019615,0.13303156850664524,-0.30605637563150423,-0.3490719137044929,-0.2562982785535884,-0.29718381463043386,False,True,False,False,False,False
P100000120043,0.4899326671023716,0.5370965824395479,1,0,0,2019,0.007378376972009208,0.25877463548109025,-0.2682241666327208,-0.3490719137044929,-0.7299934833180728,-0.007789867568422763,False,True,False,False,False,False
P100000120043,0.4899326671023716,0.5370965824395479,1,0,0,2020,-0.07548718316876415,0.28392324887597925,-0.2682241666327208,-0.3490719137044929,-0.7299934833180728,-0.007789867568422763,False,True,False,False,False,False
P100000120043,0.4899326671023716,0.5370965824395479,1,0,0,2021,-0.006761381305979896,0.30907186227086825,-0.2682241666327208,-0.3490719137044929,-0.7299934833180728,-0.007789867568422763,False,True,False,False,False,False
P100000120043,0.4899326671023716,0.5370965824395479,1,0,0,2022,-0.09275084153142527,0.33422047566575724,-0.2682241666327208,-0.3490719137044929,-0.7299934833180728,-0.007789867568422763,False,True,False,False,False,False
P100000120043,0.4899326671023716,0.5370965824395479,1,0,0,2023,-0.1890984967744673,0.35936908906064624,-0.2682241666327208,-0.3490719137044929,-0.7299934833180728,-0.007789867568422763,False,True,False,False,False,False
P100000120044,-0.291761875240028,-0.6106033147588055,1,1,0,2019,-0.41336163969513173,-0.9735074208684706,-0.3644077488330175,0.9364525377264761,-0.19346929103160657,0.012196373058533418,False,True,False,False,False,False
P100000120044,-0.291761875240028,-0.6106033147588055,1,1,0,2020,-0.4325982875849541,-0.9483588074735817,-0.3644077488330175,0.9364525377264761,-0.19346929103160657,0.012196373058533418,False,True,False,False,False,False
P100000120044,-0.291761875240028,-0.6106033147588055,1,1,0,2021,-0.4125395607254812,-0.9232101940786926,-0.3644077488330175,0.9364525377264761,-0.19346929103160657,0.012196373058533418,False,True,False,False,False,False
P100000120044,-0.291761875240028,-0.6106033147588055,1,1,0,2022,-0.4016881183260942,-0.8980615806838037,-0.3644077488330175,0.9364525377264761,-0.19346929103160657,0.012196373058533418,False,True,False,False,False,False
P100000120044,-0.291761875240028,-0.6106033147588055,1,1,0,2023,-0.4168143713676639,-0.8729129672889147,-0.3644077488330175,0.9364525377264761,-0.19346929103160657,0.012196373058533418,False,True,False,False,False,False
P100000120045,-0.5848973286184278,-0.5819108173288466,1,0,1,2019,-0.39198758648421794,-0.29449485920646773,-0.18205970757828835,0.9364525377264761,-0.03189811673262339,-0.2594340292798597,False,True,False,False,False,False
P100000120045,-0.5848973286184278,-0.5819108173288466,1,0,1,2020,-0.38064289670304063,-0.26934624581157873,-0.18205970757828835,0.9364525377264761,-0.03189811673262339,-0.2594340292798597,False,True,False,False,False,False
P100000120045,-0.5848973286184278,-0.5819108173288466,1,0,1,2021,-0.3661743068371913,-0.24419763241668974,-0.18205970757828835,0.9364525377264761,-0.03189811673262339,-0.2594340292798597,False,True,False,False,False,False
P100000120045,-0.5848973286184278,-0.5819108173288466,1,0,1,2022,-0.37307977018225574,-0.21904901902180074,-0.18205970757828835,0.9364525377264761,-0.03189811673262339,-0.2594340292798597,False,True,False,False,False,False
P100000120045,-0.5848973286184278,-0.5819108173288466,1,0,1,2023,-0.37307977018225574,-0.19390040562691174,-0.18205970757828835,0.9364525377264761,-0.03189811673262339,-0.2594340292798597,False,True,False,False,False,False
P100000120046,-0.19405005744722806,-0.7253733044786408,1,0,0,2019,-0.4737022360674806,-1.0741018744480266,-0.4165071891915116,-0.3490719137044929,-0.023518679399021806,-0.23019191309652495,False,True,False,False,False,False
P100000120046,-0.19405005744722806,-0.7253733044786408,1,0,0,2020,-0.47649730456429235,-1.0489532610531376,-0.4165071891915116,-0.3490719137044929,-0.023518679399021806,-0.23019191309652495,False,True,False,False,False,False
P100000120046,-0.19405005744722806,-0.7253733044786408,1,0,0,2021,-0.4725513255099698,-1.0238046476582487,-0.4165071891915116,-0.3490719137044929,-0.023518679399021806,-0.23019191309652495,False,True,False,False,False,False
P100000120046,-0.19405005744722806,-0.7253733044786408,1,0,0,2022,-0.46548144637097527,-0.9986560342633597,-0.4165071891915116,-0.3490719137044929,-0.023518679399021806,-0.23019191309652495,False,True,False,False,False,False
P100000120046,-0.19405005744722806,-0.7253733044786408,1,0,0,2023,-0.4658102779588355,-0.9735074208684706,-0.4165071891915116,-0.3490719137044929,-0.023518679399021806,-0.23019191309652495,False,True,False,False,False,False
P100000120047,-0.6005312194652759,-0.7253733044786408,1,0,0,2019,-0.4569318250866098,0.4851121560350912,-0.2987171501201337,-0.3490719137044929,-0.2548373337119672,-0.2934399450002267,False,True,False,False,False,False
P100000120047,-0.6005312194652759,-0.7253733044786408,1,0,0,2020,-0.4579183198501904,0.5102607694299802,-0.2987171501201337,-0.3490719137044929,-0.2548373337119672,-0.2934399450002267,False,True,False,False,False,False
P100000120047,-0.6005312194652759,-0.7253733044786408,1,0,0,2021,-0.45364350920800767,0.5354093828248692,-0.2987171501201337,-0.3490719137044929,-0.2548373337119672,-0.2934399450002267,False,True,False,False,False,False
P100000120047,-0.6005312194652759,-0.7253733044786408,1,0,0,2022,-0.45890481461377103,0.5605579962197582,-0.2987171501201337,-0.3490719137044929,-0.2548373337119672,-0.2934399450002267,False,True,False,False,False,False
P100000120047,-0.6005312194652759,-0.7253733044786408,1,0,0,2023,-0.4593980619955613,0.5857066096146472,-0.2987171501201337,-0.3490719137044929,-0.2548373337119672,-0.2934399450002267,False,True,False,False,False,False
P100000120048,-0.7080142190373557,-0.6249495634737848,1,0,0,2019,-0.41467696604657256,-0.8477643538940257,0.20023753721444496,-0.3490719137044929,-0.25553531787228306,-0.2962202973938931,False,True,False,False,False,False
P100000120048,-0.7080142190373557,-0.6249495634737848,1,0,0,2020,-0.4161567081919435,-0.8226157404991367,0.20023753721444496,-0.3490719137044929,-0.25553531787228306,-0.2962202973938931,False,True,False,False,False,False
P100000120048,-0.7080142190373557,-0.6249495634737848,1,0,0,2021,-0.40958007643473926,-0.7974671271042477,0.20023753721444496,-0.3490719137044929,-0.25553531787228306,-0.2962202973938931,False,True,False,False,False,False
P100000120048,-0.7080142190373557,-0.6249495634737848,1,0,0,2022,-0.41780086613124456,-0.7723185137093587,0.20023753721444496,-0.3490719137044929,-0.25553531787228306,-0.2962202973938931,False,True,False,False,False,False
P100000120048,-0.7080142190373557,-0.6249495634737848,1,0,0,2023,-0.4186229451008951,-0.7471699003144697,0.20023753721444496,-0.3490719137044929,-0.25553531787228306,-0.2962202973938931,False,True,False,False,False,False
P100000120050,-0.7349826807481685,-0.6679883096187231,1,0,0,2019,-0.4824710784104196,0.8874899703533152,0.42965958352747785,-0.3490719137044929,3.147942571588981,4.33509664835369,False,True,False,False,False,False
P100000120050,-0.7349826807481685,-0.6679883096187231,1,0,0,2020,-0.4824710784104196,0.9126385837482042,0.42965958352747785,-0.3490719137044929,3.147942571588981,4.33509664835369,False,True,False,False,False,False
P100000120050,-0.7349826807481685,-0.6679883096187231,1,0,0,2021,-0.5129976108167759,0.9377871971430932,0.42965958352747785,-0.3490719137044929,3.147942571588981,4.33509664835369,False,True,False,False,False,False
P100000120050,-0.7349826807481685,-0.6679883096187231,1,0,0,2022,-0.4562741619108893,0.9629358105379822,0.42965958352747785,-0.3490719137044929,3.147942571588981,4.33509664835369,False,True,False,False,False,False
P100000120050,-0.7349826807481685,-0.6679883096187231,1,0,0,2023,-0.4781414625035934,0.9880844239328712,0.42965958352747785,-0.3490719137044929,3.147942571588981,4.33509664835369,False,True,False,False,False,False
P100000120051,-0.6865176191229397,-0.7540658019085996,0,0,0,2019,-0.47912795726717405,-1.0741018744480266,-0.19725537768284912,-1.634596365135462,0.3211278514022949,0.2237674772757695,False,True,False,False,False,False
P100000120051,-0.6865176191229397,-0.7540658019085996,0,0,0,2020,-0.4554520829412388,-1.0489532610531376,-0.19725537768284912,-1.634596365135462,0.3211278514022949,0.2237674772757695,False,True,False,False,False,False
P100000120051,-0.6865176191229397,-0.7540658019085996,0,0,0,2021,-0.46597469375276557,-1.0238046476582487,-0.19725537768284912,-1.634596365135462,0.3211278514022949,0.2237674772757695,False,True,False,False,False,False
P100000120051,-0.6865176191229397,-0.7540658019085996,0,0,0,2022,-0.46400170422560433,-0.9986560342633597,-0.19725537768284912,-1.634596365135462,0.3211278514022949,0.2237674772757695,False,True,False,False,False,False
P100000120051,-0.6865176191229397,-0.7540658019085996,0,0,0,2023,-0.4612066357287925,-0.9735074208684706,-0.19725537768284912,-1.634596365135462,0.3211278514022949,0.2237674772757695,False,True,False,False,False,False
P100000120052,-0.6671706791999654,-0.7253733044786408,1,0,0,2019,-0.46909859383743757,0.7617469033788702,-0.1986613427184303,-0.3490719137044929,0.3215114597480711,0.22369116700102487,False,True,False,False,False,False
P100000120052,-0.6671706791999654,-0.7253733044786408,1,0,0,2020,-0.4406546614875293,0.7868955167737592,-0.1986613427184303,-0.3490719137044929,0.3215114597480711,0.22369116700102487,False,True,False,False,False,False
P100000120052,-0.6671706791999654,-0.7253733044786408,1,0,0,2021,-0.4531502618262173,0.8120441301686482,-0.1986613427184303,-0.3490719137044929,0.3215114597480711,0.22369116700102487,False,True,False,False,False,False
P100000120052,-0.6671706791999654,-0.7253733044786408,1,0,0,2022,-0.45101285650512596,0.8371927435635372,-0.1986613427184303,-0.3490719137044929,0.3215114597480711,0.22369116700102487,False,True,False,False,False,False
P100000120052,-0.6671706791999654,-0.7253733044786408,1,0,0,2023,-0.4475601248325937,0.8623413569584262,-0.1986613427184303,-0.3490719137044929,0.3215114597480711,0.22369116700102487,False,True,False,False,False,False
P100000120053,-0.3275244005521928,-0.6392958121887643,1,0,1,2019,-0.4161567081919435,0.5857066096146472,-0.36742083688137245,0.9364525377264761,-0.13223158184872594,-0.24573980030633494,False,True,False,False,False,False
P100000120053,-0.3275244005521928,-0.6392958121887643,1,0,1,2020,-0.4148413818405027,0.6108552230095362,-0.36742083688137245,0.9364525377264761,-0.13223158184872594,-0.24573980030633494,False,True,False,False,False,False
P100000120053,-0.3275244005521928,-0.6392958121887643,1,0,1,2021,-0.40530526579255655,0.6360038364044251,-0.36742083688137245,0.9364525377264761,-0.13223158184872594,-0.24573980030633494,False,True,False,False,False,False
P100000120053,-0.3275244005521928,-0.6392958121887643,1,0,1,2022,-0.4156634608101532,0.6611524497993142,-0.36742083688137245,0.9364525377264761,-0.13223158184872594,-0.24573980030633494,False,True,False,False,False,False
P100000120053,-0.3275244005521928,-0.6392958121887643,1,0,1,2023,-0.4099089080225995,0.6863010631942033,-0.36742083688137245,0.9364525377264761,-0.13223158184872594,-0.24573980030633494,False,True,False,False,False,False
P100000120055,-0.291761875240028,-0.745458052679612,1,0,0,2019,-0.4544655881776582,-0.19390040562691174,-0.41338122277000194,-0.3490719137044929,-0.4484401000628369,-0.20372797665011017,False,True,False,False,False,False
P100000120055,-0.291761875240028,-0.745458052679612,1,0,0,2020,-0.4554520829412388,-0.16875179223202275,-0.41338122277000194,-0.3490719137044929,-0.4484401000628369,-0.20372797665011017,False,True,False,False,False,False
P100000120055,-0.291761875240028,-0.745458052679612,1,0,0,2021,-0.4511772722990561,-0.14360317883713375,-0.41338122277000194,-0.3490719137044929,-0.4484401000628369,-0.20372797665011017,False,True,False,False,False,False
P100000120055,-0.291761875240028,-0.745458052679612,1,0,0,2022,-0.45643857770481944,-0.11845456544224474,-0.41338122277000194,-0.3490719137044929,-0.4484401000628369,-0.20372797665011017,False,True,False,False,False,False
P100000120055,-0.291761875240028,-0.745458052679612,1,0,0,2023,-0.46761885169206663,-0.09330595204735574,-0.41338122277000194,-0.3490719137044929,-0.4484401000628369,-0.20372797665011017,False,True,False,False,False,False
P100000120056,1.5235282757146094,-0.036753366159628764,1,0,0,2019,-0.09834097852504886,-0.29449485920646773,-0.40231673173192006,-0.3490719137044929,-0.38544559709811543,-0.1327845351690208,False,False,False,True,False,False
P100000120056,1.5235282757146094,-0.036753366159628764,1,0,0,2020,-0.12119477388133358,-0.26934624581157873,-0.40231673173192006,-0.3490719137044929,-0.38544559709811543,-0.1327845351690208,False,False,False,True,False,False
P100000120056,1.5235282757146094,-0.036753366159628764,1,0,0,2021,-0.13763635327434418,-0.24419763241668974,-0.40231673173192006,-0.3490719137044929,-0.38544559709811543,-0.1327845351690208,False,False,False,True,False,False
P100000120056,1.5235282757146094,-0.036753366159628764,1,0,0,2022,-0.2004431865556446,-0.21904901902180074,-0.40231673173192006,-0.3490719137044929,-0.38544559709811543,-0.1327845351690208,False,False,False,True,False,False
P100000120056,1.5235282757146094,-0.036753366159628764,1,0,0,2023,-0.15933923807311814,-0.19390040562691174,-0.40231673173192006,-0.3490719137044929,-0.38544559709811543,-0.1327845351690208,False,False,False,True,False,False
P100000120057,-0.40901605659138796,-0.20890835073938177,0,0,0,2019,-0.2004431865556446,1.465908078435762,-0.13955753254899061,-1.634596365135462,-0.26927130451329406,0.0873484801119361,False,False,False,False,False,True
P100000120057,-0.40901605659138796,-0.20890835073938177,0,0,0,2020,-0.26620950412768696,1.4910566918306511,-0.13955753254899061,-1.634596365135462,-0.26927130451329406,0.0873484801119361,False,False,False,False,False,True
P100000120057,-0.40901605659138796,-0.20890835073938177,0,0,0,2021,-0.2004431865556446,1.5162053052255402,-0.13955753254899061,-1.634596365135462,-0.26927130451329406,0.0873484801119361,False,False,False,False,False,True
P100000120057,-0.40901605659138796,-0.20890835073938177,0,0,0,2022,-0.24976792473467638,1.541353918620429,-0.13955753254899061,-1.634596365135462,-0.26927130451329406,0.0873484801119361,False,False,False,False,False,True
P100000120057,-0.40901605659138796,-0.20890835073938177,0,0,0,2023,-0.23332634534166577,1.566502532015318,-0.13955753254899061,-1.634596365135462,-0.26927130451329406,0.0873484801119361,False,False,False,False,False,True
P100000120058,0.19679721372397174,-0.5101795737539495,1,0,1,2019,0.013297345553493019,1.5162053052255402,-0.3982723850660387,0.9364525377264761,-0.2645745092752959,-0.11935521252426362,False,False,False,False,False,True
P100000120058,0.19679721372397174,-0.5101795737539495,1,0,1,2020,-0.0853521308045705,1.541353918620429,-0.3982723850660387,0.9364525377264761,-0.2645745092752959,-0.11935521252426362,False,False,False,False,False,True
P100000120058,0.19679721372397174,-0.5101795737539495,1,0,1,2021,-0.06891055141155991,1.566502532015318,-0.3982723850660387,0.9364525377264761,-0.2645745092752959,-0.11935521252426362,False,False,False,False,False,True
P100000120058,0.19679721372397174,-0.5101795737539495,1,0,1,2022,-0.06891055141155991,1.5916511454102071,-0.3982723850660387,0.9364525377264761,-0.2645745092752959,-0.11935521252426362,False,False,False,False,False,True
P100000120058,0.19679721372397174,-0.5101795737539495,1,0,1,2023,-0.019585813232528154,1.6167997588050962,-0.3982723850660387,0.9364525377264761,-0.2645745092752959,-0.11935521252426362,False,False,False,False,False,True
P100000120059,-0.25267714812290804,0.16409411585008307,1,0,0,2019,-0.18646784407158562,1.792840052569319,-0.11162898264921307,-0.3490719137044929,-0.21461119967635964,-0.4249127834234746,False,False,False,False,False,True
P100000120059,-0.25267714812290804,0.16409411585008307,1,0,0,2020,-0.18646784407158562,1.8179886659642082,-0.11162898264921307,-0.3490719137044929,-0.21461119967635964,-0.4249127834234746,False,False,False,False,False,True
P100000120059,-0.25267714812290804,0.16409411585008307,1,0,0,2021,-0.18646784407158562,1.8431372793590972,-0.11162898264921307,-0.3490719137044929,-0.21461119967635964,-0.4249127834234746,False,False,False,False,False,True
P100000120059,-0.25267714812290804,0.16409411585008307,1,0,0,2022,-0.18646784407158562,1.868285892753986,-0.11162898264921307,-0.3490719137044929,-0.21461119967635964,-0.4249127834234746,False,False,False,False,False,True
P100000120059,-0.25267714812290804,0.16409411585008307,1,0,0,2023,-0.18646784407158562,1.893434506148875,-0.11162898264921307,-0.3490719137044929,-0.21461119967635964,-0.4249127834234746,False,False,False,False,False,True
P100000120060,-0.5458126015013078,-0.5532183198988878,1,0,0,2019,-0.3931384970417287,0.28392324887597925,-0.2081094277575354,-0.3490719137044929,-0.21461119967635964,-0.4249127834234746,False,False,False,False,False,True
P100000120060,-0.5458126015013078,-0.5532183198988878,1,0,0,2020,-0.3931384970417287,0.30907186227086825,-0.2081094277575354,-0.3490719137044929,-0.21461119967635964,-0.4249127834234746,False,False,False,False,False,True
P100000120060,-0.5458126015013078,-0.5532183198988878,1,0,0,2021,-0.3931384970417287,0.33422047566575724,-0.2081094277575354,-0.3490719137044929,-0.21461119967635964,-0.4249127834234746,False,False,False,False,False,True
P100000120060,-0.5458126015013078,-0.5532183198988878,1,0,0,2022,-0.3931384970417287,0.35936908906064624,-0.2081094277575354,-0.3490719137044929,-0.21461119967635964,-0.4249127834234746,False,False,False,False,False,True
P100000120060,-0.5458126015013078,-0.5532183198988878,1,0,0,2023,-0.3931384970417287,0.38451770245553524,-0.2081094277575354,-0.3490719137044929,-0.21461119967635964,-0.4249127834234746,False,False,False,False,False,True
P100000120067,-0.6607216992256406,-0.7483273024226078,1,1,0,2019,-0.46202871469844303,-0.6717240601298027,-0.24726913783091328,0.9364525377264761,-0.013207208817020168,0.12514713985900225,False,True,False,False,False,False
P100000120067,-0.6607216992256406,-0.7483273024226078,1,1,0,2020,-0.47074275177673863,-0.6465754467349137,-0.24726913783091328,0.9364525377264761,-0.013207208817020168,0.12514713985900225,False,True,False,False,False,False
P100000120067,-0.6607216992256406,-0.7483273024226078,1,1,0,2021,-0.449533114359755,-0.6214268333400247,-0.24726913783091328,0.9364525377264761,-0.013207208817020168,0.12514713985900225,False,True,False,False,False,False
P100000120067,-0.6607216992256406,-0.7483273024226078,1,1,0,2022,-0.45528766714730873,-0.5962782199451357,-0.24726913783091328,0.9364525377264761,-0.013207208817020168,0.12514713985900225,False,True,False,False,False,False
P100000120067,-0.6607216992256406,-0.7483273024226078,1,1,0,2023,-0.45594533032302914,-0.5711296065502467,-0.24726913783091328,0.9364525377264761,-0.013207208817020168,0.12514713985900225,False,True,False,False,False,False
P100000120069,1.6079512862875884,3.5440703130992337,1,1,0,2019,2.685437633770217,0.4851121560350912,-0.13864208624361182,0.9364525377264761,0.4923039051401304,0.6096086048941026,True,False,False,False,False,False
P100000120069,1.6079512862875884,3.5440703130992337,1,1,0,2020,2.160567614280676,0.5102607694299802,-0.13864208624361182,0.9364525377264761,0.4923039051401304,0.6096086048941026,True,False,False,False,False,False
P100000120069,1.6079512862875884,3.5440703130992337,1,1,0,2021,2.685437633770217,0.5354093828248692,-0.13864208624361182,0.9364525377264761,0.4923039051401304,0.6096086048941026,True,False,False,False,False,False
P100000120069,1.6079512862875884,3.5440703130992337,1,1,0,2022,2.047120716468903,0.5605579962197582,-0.13864208624361182,0.9364525377264761,0.4923039051401304,0.6096086048941026,True,False,False,False,False,False
P100000120069,1.6079512862875884,3.5440703130992337,1,1,0,2023,3.8486245705610727,0.5857066096146472,-0.13864208624361182,0.9364525377264761,0.4923039051401304,0.6096086048941026,True,False,False,False,False,False
P100000120070,-0.020904716318386536,0.1927866132800419,1,1,0,2019,0.2286820356019317,-0.7723185137093587,-0.21387441987131628,0.9364525377264761,-0.2391216423349258,-0.33560988435316313,True,False,False,False,False,False
P100000120070,-0.020904716318386536,0.1927866132800419,1,1,0,2020,0.2286820356019317,-0.7471699003144697,-0.21387441987131628,0.9364525377264761,-0.2391216423349258,-0.33560988435316313,True,False,False,False,False,False
P100000120070,-0.020904716318386536,0.1927866132800419,1,1,0,2021,0.21333656150178854,-0.7220212869195807,-0.21387441987131628,0.9364525377264761,-0.2391216423349258,-0.33560988435316313,True,False,False,False,False,False
P100000120070,-0.020904716318386536,0.1927866132800419,1,1,0,2022,0.18264561330150206,-0.6968726735246917,-0.21387441987131628,0.9364525377264761,-0.2391216423349258,-0.33560988435316313,True,False,False,False,False,False
P100000120070,-0.020904716318386536,0.1927866132800419,1,1,0,2023,0.21333656150178854,-0.6717240601298027,-0.21387441987131628,0.9364525377264761,-0.2391216423349258,-0.33560988435316313,True,False,False,False,False,False
P100000120071,-0.3040735642819208,-0.12283085844950527,1,1,0,2019,-0.1807132912840319,-0.9483588074735817,-0.1799966809083685,0.9364525377264761,-0.04781627767916574,-0.10652484930516956,True,False,False,False,False,False
P100000120071,-0.3040735642819208,-0.12283085844950527,1,1,0,2020,-0.10623293663369394,-0.9232101940786926,-0.1799966809083685,0.9364525377264761,-0.04781627767916574,-0.10652484930516956,True,False,False,False,False,False
P100000120071,-0.3040735642819208,-0.12283085844950527,1,1,0,2021,-0.14347311395886292,-0.8980615806838037,-0.1799966809083685,0.9364525377264761,-0.04781627767916574,-0.10652484930516956,True,False,False,False,False,False
P100000120071,-0.3040735642819208,-0.12283085844950527,1,1,0,2022,-0.14347311395886292,-0.8729129672889147,-0.1799966809083685,0.9364525377264761,-0.04781627767916574,-0.10652484930516956,True,False,False,False,False,False
P100000120071,-0.3040735642819208,-0.12283085844950527,1,1,0,2023,-0.14347311395886292,-0.8477643538940257,-0.1799966809083685,0.9364525377264761,-0.04781627767916574,-0.10652484930516956,True,False,False,False,False,False
P100000120072,-0.4387204492003991,-0.5101795737539495,1,1,0,2019,-0.23809440336563886,0.057585728321978245,-0.26742171969884154,0.9364525377264761,-0.10376536260341253,-0.20177020740066265,True,False,False,False,False,False
P100000120072,-0.4387204492003991,-0.5101795737539495,1,1,0,2020,-0.1950174653559511,0.08273434171686725,-0.26742171969884154,0.9364525377264761,-0.10376536260341253,-0.20177020740066265,True,False,False,False,False,False
P100000120072,-0.4387204492003991,-0.5101795737539495,1,1,0,2021,-0.21655593436079498,0.10788295511175625,-0.26742171969884154,0.9364525377264761,-0.10376536260341253,-0.20177020740066265,True,False,False,False,False,False
P100000120072,-0.4387204492003991,-0.5101795737539495,1,1,0,2022,-0.21655593436079498,0.13303156850664524,-0.26742171969884154,0.9364525377264761,-0.10376536260341253,-0.20177020740066265,True,False,False,False,False,False
P100000120072,-0.4387204492003991,-0.5101795737539495,1,1,0,2023,-0.21655593436079498,0.15818018190153424,-0.26742171969884154,0.9364525377264761,-0.10376536260341253,-0.20177020740066265,True,False,False,False,False,False
P100000120074,0.5423062014393124,1.5126414950581484,1,1,0,2019,0.5762570239701755,-0.6214268333400247,-0.1452944996657341,0.9364525377264761,0.5427691219966561,0.05068331373116548,True,False,False,False,False,False
P100000120074,0.5423062014393124,1.5126414950581484,1,1,0,2020,0.640708015190777,-0.5962782199451357,-0.1452944996657341,0.9364525377264761,0.5427691219966561,0.05068331373116548,True,False,False,False,False,False
P100000120074,0.5423062014393124,1.5126414950581484,1,1,0,2021,0.5797097556427078,-0.5711296065502467,-0.1452944996657341,0.9364525377264761,0.5427691219966561,0.05068331373116548,True,False,False,False,False,False
P100000120074,0.5423062014393124,1.5126414950581484,1,1,0,2022,0.7653351869897973,-0.5459809931553578,-0.1452944996657341,0.9364525377264761,0.5427691219966561,0.05068331373116548,True,False,False,False,False,False
P100000120074,0.5423062014393124,1.5126414950581484,1,1,0,2023,1.2792989588153083,-0.5208323797604687,-0.1452944996657341,0.9364525377264761,0.5427691219966561,0.05068331373116548,True,False,False,False,False,False
P100000120076,0.6699178354767091,1.0532746112045073,1,1,0,2019,1.1758814244332716,-0.7220212869195807,-0.22994331261333872,0.9364525377264761,-0.14498433180062206,-0.27791592070344157,True,False,False,False,False,False
P100000120076,0.6699178354767091,1.0532746112045073,1,1,0,2020,1.3402972183633775,-0.6968726735246917,-0.22994331261333872,0.9364525377264761,-0.14498433180062206,-0.27791592070344157,True,False,False,False,False,False
P100000120076,0.6699178354767091,1.0532746112045073,1,1,0,2021,1.2580893213983246,-0.6717240601298027,-0.22994331261333872,0.9364525377264761,-0.14498433180062206,-0.27791592070344157,True,False,False,False,False,False
P100000120076,0.6699178354767091,1.0532746112045073,1,1,0,2022,1.2580893213983246,-0.6465754467349137,-0.22994331261333872,0.9364525377264761,-0.14498433180062206,-0.27791592070344157,True,False,False,False,False,False
P100000120076,0.6699178354767091,1.0532746112045073,1,1,0,2023,1.2580893213983246,-0.6214268333400247,-0.22994331261333872,0.9364525377264761,-0.14498433180062206,-0.27791592070344157,True,False,False,False,False,False
P100000120080,-0.2900030625197576,-0.1371771071644847,1,1,0,2019,-0.20142968131922526,-1.0489532610531376,-0.1934700872024384,0.9364525377264761,-0.21461119967635964,-0.4249127834234746,True,False,False,False,False,False
P100000120080,-0.2900030625197576,-0.1371771071644847,1,1,0,2020,-0.20142968131922526,-1.0238046476582487,-0.1934700872024384,0.9364525377264761,-0.21461119967635964,-0.4249127834234746,True,False,False,False,False,False
P100000120080,-0.2900030625197576,-0.1371771071644847,1,1,0,2021,-0.20142968131922526,-0.9986560342633597,-0.1934700872024384,0.9364525377264761,-0.21461119967635964,-0.4249127834234746,True,False,False,False,False,False
P100000120080,-0.2900030625197576,-0.1371771071644847,1,1,0,2022,-0.20142968131922526,-0.9735074208684706,-0.1934700872024384,0.9364525377264761,-0.21461119967635964,-0.4249127834234746,True,False,False,False,False,False
P100000120080,-0.2900030625197576,-0.1371771071644847,1,1,0,2023,-0.20142968131922526,-0.9483588074735817,-0.1934700872024384,0.9364525377264761,-0.21461119967635964,-0.4249127834234746,True,False,False,False,False,False
P100000120084,0.2950953024235285,1.5981451373994255,0,0,0,2019,0.6890462586062281,-0.6214268333400247,-0.05686673109627019,-1.634596365135462,-0.27277111478419014,-0.30842680700290553,True,False,False,False,False,False
P100000120084,0.2950953024235285,1.5981451373994255,0,0,0,2020,0.6326516412882018,-0.5962782199451357,-0.05686673109627019,-1.634596365135462,-0.27277111478419014,-0.30842680700290553,True,False,False,False,False,False
P100000120084,0.2950953024235285,1.5981451373994255,0,0,0,2021,0.6326516412882018,-0.5711296065502467,-0.05686673109627019,-1.634596365135462,-0.27277111478419014,-0.30842680700290553,True,False,False,False,False,False
P100000120084,0.2950953024235285,1.5981451373994255,0,0,0,2022,0.5762570239701755,-0.5459809931553578,-0.05686673109627019,-1.634596365135462,-0.27277111478419014,-0.30842680700290553,True,False,False,False,False,False
P100000120084,0.2950953024235285,1.5981451373994255,0,0,0,2023,0.6326516412882018,-0.5208323797604687,-0.05686673109627019,-1.634596365135462,-0.27277111478419014,-0.30842680700290553,True,False,False,False,False,False
P100000120088,-0.23098512457290643,-0.20890835073938177,1,1,0,2019,0.04223452528519165,-0.8729129672889147,-0.24619706558631707,0.9364525377264761,-0.18395793029715052,-0.35656219738233386,True,False,False,False,False,False
P100000120088,-0.23098512457290643,-0.20890835073938177,1,1,0,2020,0.06755455755042795,-0.8477643538940257,-0.24619706558631707,0.9364525377264761,-0.18395793029715052,-0.35656219738233386,True,False,False,False,False,False
P100000120088,-0.23098512457290643,-0.20890835073938177,1,1,0,2021,0.054894541417809806,-0.8226157404991367,-0.24619706558631707,0.9364525377264761,-0.18395793029715052,-0.35656219738233386,True,False,False,False,False,False
P100000120088,-0.23098512457290643,-0.20890835073938177,1,1,0,2022,0.054894541417809806,-0.7974671271042477,-0.24619706558631707,0.9364525377264761,-0.18395793029715052,-0.35656219738233386,True,False,False,False,False,False
P100000120088,-0.23098512457290643,-0.20890835073938177,1,1,0,2023,0.054894541417809806,-0.7723185137093587,-0.24619706558631707,0.9364525377264761,-0.18395793029715052,-0.35656219738233386,True,False,False,False,False,False
P100000120092,1.0891015338078207,1.8162081178671128,1,1,0,2019,1.7199332865479922,-0.6968726735246917,-0.21105043735335255,0.9364525377264761,-0.12768930363867811,-0.24522192624417916,True,False,False,False,False,False
P100000120092,1.0891015338078207,1.8162081178671128,1,1,0,2020,1.9862868727147636,-0.6717240601298027,-0.21105043735335255,0.9364525377264761,-0.12768930363867811,-0.24522192624417916,True,False,False,False,False,False
P100000120092,1.0891015338078207,1.8162081178671128,1,1,0,2021,1.8531100796313777,-0.6465754467349137,-0.21105043735335255,0.9364525377264761,-0.12768930363867811,-0.24522192624417916,True,False,False,False,False,False
P100000120092,1.0891015338078207,1.8162081178671128,1,1,0,2022,1.8531100796313777,-0.6214268333400247,-0.21105043735335255,0.9364525377264761,-0.12768930363867811,-0.24522192624417916,True,False,False,False,False,False
P100000120092,1.0891015338078207,1.8162081178671128,1,1,0,2023,1.8531100796313777,-0.5962782199451357,-0.21105043735335255,0.9364525377264761,-0.12768930363867811,-0.24522192624417916,True,False,False,False,False,False
P100000120093,-0.3320191441706616,0.07801662356020657,1,1,0,2019,-0.044028961263470535,-0.9232101940786926,-0.0825166181749408,0.9364525377264761,-0.3118292400240112,-0.2503380440271122,True,False,False,False,False,False
P100000120093,-0.3320191441706616,0.07801662356020657,1,1,0,2020,-0.013995676238904554,-0.8980615806838037,-0.0825166181749408,0.9364525377264761,-0.3118292400240112,-0.2503380440271122,True,False,False,False,False,False
P100000120093,-0.3320191441706616,0.07801662356020657,1,1,0,2021,-0.044028961263470535,-0.8729129672889147,-0.0825166181749408,0.9364525377264761,-0.3118292400240112,-0.2503380440271122,True,False,False,False,False,False
P100000120093,-0.3320191441706616,0.07801662356020657,1,1,0,2022,-0.036027392625538744,-0.8477643538940257,-0.0825166181749408,0.9364525377264761,-0.3118292400240112,-0.2503380440271122,True,False,False,False,False,False
P100000120093,-0.3320191441706616,0.07801662356020657,1,1,0,2023,-0.08206381492596838,-0.8226157404991367,-0.0825166181749408,0.9364525377264761,-0.3118292400240112,-0.2503380440271122,True,False,False,False,False,False
P100000120095,-0.23899749363191602,-0.4958333250389701,1,0,0,2019,-0.1894273283623275,-0.7723185137093587,-0.33694739398702434,-0.3490719137044929,0.35775356665646096,0.4560260886443545,True,False,False,False,False,False
P100000120095,-0.23899749363191602,-0.4958333250389701,1,0,0,2020,0.02234021421964884,-0.7471699003144697,-0.33694739398702434,-0.3490719137044929,0.35775356665646096,0.4560260886443545,True,False,False,False,False,False
P100000120095,-0.23899749363191602,-0.4958333250389701,1,0,0,2021,-0.08354355707133934,-0.7220212869195807,-0.33694739398702434,-0.3490719137044929,0.35775356665646096,0.4560260886443545,True,False,False,False,False,False
P100000120095,-0.23899749363191602,-0.4958333250389701,1,0,0,2022,-0.08354355707133934,-0.6968726735246917,-0.33694739398702434,-0.3490719137044929,0.35775356665646096,0.4560260886443545,True,False,False,False,False,False
P100000120095,-0.23899749363191602,-0.4958333250389701,1,0,0,2023,-0.08354355707133934,-0.6717240601298027,-0.33694739398702434,-0.3490719137044929,0.35775356665646096,0.4560260886443545,True,False,False,False,False,False
P100000120096,0.5272585814992212,0.10699604596446499,1,1,0,2019,0.08942185814313204,0.15818018190153424,-0.3323040285224405,0.9364525377264761,-0.16954428819866613,-0.32656547332249836,True,False,False,False,False,False
P100000120096,0.5272585814992212,0.10699604596446499,1,1,0,2020,0.12904606448028755,0.18332879529642324,-0.3323040285224405,0.9364525377264761,-0.16954428819866613,-0.32656547332249836,True,False,False,False,False,False
P100000120096,0.5272585814992212,0.10699604596446499,1,1,0,2021,0.10923396131170979,0.20847740869131223,-0.3323040285224405,0.9364525377264761,-0.16954428819866613,-0.32656547332249836,True,False,False,False,False,False
P100000120096,0.5272585814992212,0.10699604596446499,1,1,0,2022,0.10923396131170979,0.23362602208620123,-0.3323040285224405,0.9364525377264761,-0.16954428819866613,-0.32656547332249836,True,False,False,False,False,False
P100000120096,0.5272585814992212,0.10699604596446499,1,1,0,2023,0.10923396131170979,0.25877463548109025,-0.3323040285224405,0.9364525377264761,-0.16954428819866613,-0.32656547332249836,True,False,False,False,False,False
P100000120105,1.6796717605475038,1.397871505338313,0,0,0,2019,0.6305142359671104,0.4599635426402022,-0.3030539115376318,-1.634596365135462,-0.25447148159638155,-0.32243837596138664,True,False,False,False,False,False
P100000120105,1.6796717605475038,1.397871505338313,0,0,0,2020,0.5557050497289123,0.4851121560350912,-0.3030539115376318,-1.634596365135462,-0.25447148159638155,-0.32243837596138664,True,False,False,False,False,False
P100000120105,1.6796717605475038,1.397871505338313,0,0,0,2021,0.5931096428480114,0.5102607694299802,-0.3030539115376318,-1.634596365135462,-0.25447148159638155,-0.32243837596138664,True,False,False,False,False,False
P100000120105,1.6796717605475038,1.397871505338313,0,0,0,2022,0.5931096428480114,0.5354093828248692,-0.3030539115376318,-1.634596365135462,-0.25447148159638155,-0.32243837596138664,True,False,False,False,False,False
P100000120105,1.6796717605475038,1.397871505338313,0,0,0,2023,0.5931096428480114,0.5605579962197582,-0.3030539115376318,-1.634596365135462,-0.25447148159638155,-0.32243837596138664,True,False,False,False,False,False
P100000120108,0.5122109615591299,0.07801662356020657,1,1,0,2019,0.32396098818442803,-0.9232101940786926,-0.33469515599475935,0.9364525377264761,0.056641586602078756,0.001917412335092652,True,False,False,False,False,False
P100000120108,0.5122109615591299,0.07801662356020657,1,1,0,2020,0.32396098818442803,-0.8980615806838037,-0.33469515599475935,0.9364525377264761,0.056641586602078756,0.001917412335092652,True,False,False,False,False,False
P100000120108,0.5122109615591299,0.07801662356020657,1,1,0,2021,0.17919288162896985,-0.8729129672889147,-0.33469515599475935,0.9364525377264761,0.056641586602078756,0.001917412335092652,True,False,False,False,False,False
P100000120108,0.5122109615591299,0.07801662356020657,1,1,0,2022,0.32396098818442803,-0.8477643538940257,-0.33469515599475935,0.9364525377264761,0.056641586602078756,0.001917412335092652,True,False,False,False,False,False
P100000120108,0.5122109615591299,0.07801662356020657,1,1,0,2023,0.4687290947398863,-0.8226157404991367,-0.33469515599475935,0.9364525377264761,0.056641586602078756,0.001917412335092652,True,False,False,False,False,False
P100000120109,0.5290173942194916,0.39363409528975374,1,1,0,2019,0.4975018586776548,-0.7471699003144697,-0.29364582237595843,0.9364525377264761,0.0652760876795512,0.12385367375540655,True,False,False,False,False,False
P100000120109,0.5290173942194916,0.39363409528975374,1,1,0,2020,0.5558694655228423,-0.7220212869195807,-0.29364582237595843,0.9364525377264761,0.0652760876795512,0.12385367375540655,True,False,False,False,False,False
P100000120109,0.5290173942194916,0.39363409528975374,1,1,0,2021,0.280308594895985,-0.6968726735246917,-0.29364582237595843,0.9364525377264761,0.0652760876795512,0.12385367375540655,True,False,False,False,False,False
P100000120109,0.5290173942194916,0.39363409528975374,1,1,0,2022,0.49376139936574487,-0.6717240601298027,-0.29364582237595843,0.9364525377264761,0.0652760876795512,0.12385367375540655,True,False,False,False,False,False
P100000120109,0.5290173942194916,0.39363409528975374,1,1,0,2023,0.6413656783664974,-0.6465754467349137,-0.29364582237595843,0.9364525377264761,0.0652760876795512,0.12385367375540655,True,False,False,False,False,False
P100000120110,1.7885227255686829,0.7462648887039478,0,0,0,2019,0.6861689822124513,-0.7471699003144697,-0.3550738437706932,-1.634596365135462,-0.2327652514591401,-0.3921176760830039,True,False,False,False,False,False
P100000120110,1.7885227255686829,0.7462648887039478,0,0,0,2020,0.6861689822124513,-0.7220212869195807,-0.3550738437706932,-1.634596365135462,-0.2327652514591401,-0.3921176760830039,True,False,False,False,False,False
P100000120110,1.7885227255686829,0.7462648887039478,0,0,0,2021,0.7030216010902871,-0.6968726735246917,-0.3550738437706932,-1.634596365135462,-0.2327652514591401,-0.3921176760830039,True,False,False,False,False,False
P100000120110,1.7885227255686829,0.7462648887039478,0,0,0,2022,0.6861689822124513,-0.6717240601298027,-0.3550738437706932,-1.634596365135462,-0.2327652514591401,-0.3921176760830039,True,False,False,False,False,False
P100000120110,1.7885227255686829,0.7462648887039478,0,0,0,2023,0.6693163633346154,-0.6465754467349137,-0.3550738437706932,-1.634596365135462,-0.2327652514591401,-0.3921176760830039,True,False,False,False,False,False
P100000120113,0.6462715755708515,0.6997830428674146,1,1,0,2019,0.2747184579023613,-0.4956837663655797,-0.269950749772104,0.9364525377264761,-0.21461119967635964,-0.4249127834234746,True,False,False,False,False,False
P100000120113,0.6462715755708515,0.6997830428674146,1,1,0,2020,0.2747184579023613,-0.4705351529706907,-0.269950749772104,0.9364525377264761,-0.21461119967635964,-0.4249127834234746,True,False,False,False,False,False
P100000120113,0.6462715755708515,0.6997830428674146,1,1,0,2021,0.2747184579023613,-0.4453865395758017,-0.269950749772104,0.9364525377264761,-0.21461119967635964,-0.4249127834234746,True,False,False,False,False,False
P100000120113,0.6462715755708515,0.6997830428674146,1,1,0,2022,0.2747184579023613,-0.4202379261809127,-0.269950749772104,0.9364525377264761,-0.21461119967635964,-0.4249127834234746,True,False,False,False,False,False
P100000120113,0.6462715755708515,0.6997830428674146,1,1,0,2023,0.2747184579023613,-0.3950893127860237,-0.269950749772104,0.9364525377264761,-0.21461119967635964,-0.4249127834234746,True,False,False,False,False,False
P100000120118,0.42856964552849325,0.7132685166594952,1,1,0,2019,0.3788484607247617,-0.7471699003144697,-0.232196786216199,0.9364525377264761,-0.20185117443141154,-0.18081880443703557,True,False,False,False,False,False
P100000120118,0.42856964552849325,0.7132685166594952,1,1,0,2020,0.3197683854392104,-0.7220212869195807,-0.232196786216199,0.9364525377264761,-0.20185117443141154,-0.18081880443703557,True,False,False,False,False,False
P100000120118,0.42856964552849325,0.7132685166594952,1,1,0,2021,0.4417649045353489,-0.6968726735246917,-0.232196786216199,0.9364525377264761,-0.20185117443141154,-0.18081880443703557,True,False,False,False,False,False
P100000120118,0.42856964552849325,0.7132685166594952,1,1,0,2022,0.3788484607247617,-0.6717240601298027,-0.232196786216199,0.9364525377264761,-0.20185117443141154,-0.18081880443703557,True,False,False,False,False,False
P100000120118,0.42856964552849325,0.7132685166594952,1,1,0,2023,0.3750120921997259,-0.6465754467349137,-0.232196786216199,0.9364525377264761,-0.20185117443141154,-0.18081880443703557,True,False,False,False,False,False
P100000120119,1.0193352959037616,1.9720083789117893,1,1,0,2019,1.1302971455661497,-0.9232101940786926,-0.1857059329351186,0.9364525377264761,-0.2957109070681542,-0.2624644117602581,True,False,False,False,False,False
P100000120119,1.0193352959037616,1.9720083789117893,1,1,0,2020,1.2595690635436956,-0.8980615806838037,-0.1857059329351186,0.9364525377264761,-0.2957109070681542,-0.2624644117602581,True,False,False,False,False,False
P100000120119,1.0193352959037616,1.9720083789117893,1,1,0,2021,1.1831157193661963,-0.8729129672889147,-0.1857059329351186,0.9364525377264761,-0.2957109070681542,-0.2624644117602581,True,False,False,False,False,False
P100000120119,1.0193352959037616,1.9720083789117893,1,1,0,2022,1.0573376370096652,-0.8477643538940257,-0.1857059329351186,0.9364525377264761,-0.2957109070681542,-0.2624644117602581,True,False,False,False,False,False
P100000120119,1.0193352959037616,1.9720083789117893,1,1,0,2023,1.021166162345042,-0.8226157404991367,-0.1857059329351186,0.9364525377264761,-0.2957109070681542,-0.2624644117602581,True,False,False,False,False,False
P100000120121,0.0013735781383718507,-0.036753366159628764,1,1,0,2019,0.07051404184116986,-0.6968726735246917,-0.27323372820565295,0.9364525377264761,-0.21461119967635964,-0.4249127834234746,True,False,False,False,False,False
P100000120121,0.0013735781383718507,-0.036753366159628764,1,1,0,2020,0.07051404184116986,-0.6717240601298027,-0.27323372820565295,0.9364525377264761,-0.21461119967635964,-0.4249127834234746,True,False,False,False,False,False
P100000120121,0.0013735781383718507,-0.036753366159628764,1,1,0,2021,0.07051404184116986,-0.6465754467349137,-0.27323372820565295,0.9364525377264761,-0.21461119967635964,-0.4249127834234746,True,False,False,False,False,False
P100000120121,0.0013735781383718507,-0.036753366159628764,1,1,0,2022,0.07051404184116986,-0.6214268333400247,-0.27323372820565295,0.9364525377264761,-0.21461119967635964,-0.4249127834234746,True,False,False,False,False,False
P100000120121,0.0013735781383718507,-0.036753366159628764,1,1,0,2023,0.07051404184116986,-0.5962782199451357,-0.27323372820565295,0.9364525377264761,-0.21461119967635964,-0.4249127834234746,True,False,False,False,False,False
P100000120127,-0.6835862645891558,0.30755660299987725,1,1,0,2019,-0.036027392625538744,-0.8477643538940257,1.7416726583861053,0.9364525377264761,0.03033671910820224,-0.08825993437567738,True,False,False,False,False,False
P100000120127,-0.6835862645891558,0.30755660299987725,1,1,0,2020,0.04618050433951419,-0.8226157404991367,1.7416726583861053,0.9364525377264761,0.03033671910820224,-0.08825993437567738,True,False,False,False,False,False
P100000120127,-0.6835862645891558,0.30755660299987725,1,1,0,2021,0.12838840130456713,-0.7974671271042477,1.7416726583861053,0.9364525377264761,0.03033671910820224,-0.08825993437567738,True,False,False,False,False,False
P100000120127,-0.6835862645891558,0.30755660299987725,1,1,0,2022,0.04618050433951419,-0.7723185137093587,1.7416726583861053,0.9364525377264761,0.03033671910820224,-0.08825993437567738,True,False,False,False,False,False
P100000120127,-0.6835862645891558,0.30755660299987725,1,1,0,2023,0.04618050433951419,-0.7471699003144697,1.7416726583861053,0.9364525377264761,0.03033671910820224,-0.08825993437567738,True,False,False,False,False,False
P100000120128,-0.22590411004768082,-0.3236783404592171,0,0,0,2019,-0.06891055141155991,-0.7471699003144697,-0.28496390710201813,-1.634596365135462,-0.21461119967635964,-0.4249127834234746,True,False,False,False,False,False
P100000120128,-0.22590411004768082,-0.3236783404592171,0,0,0,2020,-0.06891055141155991,-0.7220212869195807,-0.28496390710201813,-1.634596365135462,-0.21461119967635964,-0.4249127834234746,True,False,False,False,False,False
P100000120128,-0.22590411004768082,-0.3236783404592171,0,0,0,2021,-0.06891055141155991,-0.6968726735246917,-0.28496390710201813,-1.634596365135462,-0.21461119967635964,-0.4249127834234746,True,False,False,False,False,False
P100000120128,-0.22590411004768082,-0.3236783404592171,0,0,0,2022,-0.06891055141155991,-0.6717240601298027,-0.28496390710201813,-1.634596365135462,-0.21461119967635964,-0.4249127834234746,True,False,False,False,False,False
P100000120128,-0.22590411004768082,-0.3236783404592171,0,0,0,2023,-0.06891055141155991,-0.6465754467349137,-0.28496390710201813,-1.634596365135462,-0.21461119967635964,-0.4249127834234746,True,False,False,False,False,False
P100000120129,-0.44380146372562473,-0.46714082760901127,1,1,0,2019,-0.07285653046588246,-0.7723185137093587,-0.24169269070639046,0.9364525377264761,-0.21461119967635964,-0.4249127834234746,True,False,False,False,False,False
P100000120129,-0.44380146372562473,-0.46714082760901127,1,1,0,2020,-0.07285653046588246,-0.7471699003144697,-0.24169269070639046,0.9364525377264761,-0.21461119967635964,-0.4249127834234746,True,False,False,False,False,False
P100000120129,-0.44380146372562473,-0.46714082760901127,1,1,0,2021,-0.07285653046588246,-0.7220212869195807,-0.24169269070639046,0.9364525377264761,-0.21461119967635964,-0.4249127834234746,True,False,False,False,False,False
P100000120129,-0.44380146372562473,-0.46714082760901127,1,1,0,2022,-0.07285653046588246,-0.6968726735246917,-0.24169269070639046,0.9364525377264761,-0.21461119967635964,-0.4249127834234746,True,False,False,False,False,False
P100000120129,-0.44380146372562473,-0.46714082760901127,1,1,0,2023,-0.07285653046588246,-0.6717240601298027,-0.24169269070639046,0.9364525377264761,-0.21461119967635964,-0.4249127834234746,True,False,False,False,False,False
P100000120130,-0.389473693032828,-0.6823345583337025,1,1,0,2019,-0.2004431865556446,-0.6968726735246917,-0.3709201788778293,0.9364525377264761,-0.21461119967635964,-0.4249127834234746,True,False,False,False,False,False
P100000120130,-0.389473693032828,-0.6823345583337025,1,1,0,2020,-0.2004431865556446,-0.6717240601298027,-0.3709201788778293,0.9364525377264761,-0.21461119967635964,-0.4249127834234746,True,False,False,False,False,False
P100000120130,-0.389473693032828,-0.6823345583337025,1,1,0,2021,-0.2004431865556446,-0.6465754467349137,-0.3709201788778293,0.9364525377264761,-0.21461119967635964,-0.4249127834234746,True,False,False,False,False,False
P100000120130,-0.389473693032828,-0.6823345583337025,1,1,0,2022,-0.2004431865556446,-0.6214268333400247,-0.3709201788778293,0.9364525377264761,-0.21461119967635964,-0.4249127834234746,True,False,False,False,False,False
P100000120130,-0.389473693032828,-0.6823345583337025,1,1,0,2023,-0.2004431865556446,-0.5962782199451357,-0.3709201788778293,0.9364525377264761,-0.21461119967635964,-0.4249127834234746,True,False,False,False,False,False
P100000120132,-0.16454108847380247,-0.036753366159628764,1,1,0,2019,-0.05592170369108155,-0.5711296065502467,-0.22059279096625103,0.9364525377264761,-0.07819799476730993,-0.23806937551532903,True,False,False,False,False,False
P100000120132,-0.16454108847380247,-0.036753366159628764,1,1,0,2020,-0.09242200994356506,-0.5459809931553578,-0.22059279096625103,0.9364525377264761,-0.07819799476730993,-0.23806937551532903,True,False,False,False,False,False
P100000120132,-0.16454108847380247,-0.036753366159628764,1,1,0,2021,-0.0656222355329578,-0.5208323797604687,-0.22059279096625103,0.9364525377264761,-0.07819799476730993,-0.23806937551532903,True,False,False,False,False,False
P100000120132,-0.16454108847380247,-0.036753366159628764,1,1,0,2022,-0.05592170369108155,-0.4956837663655797,-0.22059279096625103,0.9364525377264761,-0.07819799476730993,-0.23806937551532903,True,False,False,False,False,False
P100000120132,-0.16454108847380247,-0.036753366159628764,1,1,0,2023,-0.009720865596721803,-0.4705351529706907,-0.22059279096625103,0.9364525377264761,-0.07819799476730993,-0.23806937551532903,True,False,False,False,False,False
P100000120137,0.4899326671023716,-0.12283085844950527,1,1,0,2019,0.11227565349941675,-0.5208323797604687,-0.36040009957467184,0.9364525377264761,-0.21461119967635964,-0.4249127834234746,True,False,False,False,False,False
P100000120137,0.4899326671023716,-0.12283085844950527,1,1,0,2020,0.11227565349941675,-0.4956837663655797,-0.36040009957467184,0.9364525377264761,-0.21461119967635964,-0.4249127834234746,True,False,False,False,False,False
P100000120137,0.4899326671023716,-0.12283085844950527,1,1,0,2021,0.11227565349941675,-0.4705351529706907,-0.36040009957467184,0.9364525377264761,-0.21461119967635964,-0.4249127834234746,True,False,False,False,False,False
P100000120137,0.4899326671023716,-0.12283085844950527,1,1,0,2022,0.11227565349941675,-0.4453865395758017,-0.36040009957467184,0.9364525377264761,-0.21461119967635964,-0.4249127834234746,True,False,False,False,False,False
P100000120137,0.4899326671023716,-0.12283085844950527,1,1,0,2023,0.11227565349941675,-0.4202379261809127,-0.36040009957467184,0.9364525377264761,-0.21461119967635964,-0.4249127834234746,True,False,False,False,False,False
P100000120142,0.6042554939199475,0.5370965824395479,0,0,0,2019,0.29822991643436647,-0.7471699003144697,-0.2847695076075425,-1.634596365135462,-0.24878699112492683,-0.36261325103245,True,False,False,False,False,False
P100000120142,0.6042554939199475,0.5370965824395479,0,0,0,2020,0.29822991643436647,-0.7220212869195807,-0.2847695076075425,-1.634596365135462,-0.24878699112492683,-0.36261325103245,True,False,False,False,False,False
P100000120142,0.6042554939199475,0.5370965824395479,0,0,0,2021,0.32009721702707056,-0.6968726735246917,-0.2847695076075425,-1.634596365135462,-0.24878699112492683,-0.36261325103245,True,False,False,False,False,False
P100000120142,0.6042554939199475,0.5370965824395479,0,0,0,2022,0.29822991643436647,-0.6717240601298027,-0.2847695076075425,-1.634596365135462,-0.24878699112492683,-0.36261325103245,True,False,False,False,False,False
P100000120142,0.6042554939199475,0.5370965824395479,0,0,0,2023,0.2763626158416624,-0.6465754467349137,-0.2847695076075425,-1.634596365135462,-0.24878699112492683,-0.36261325103245,True,False,False,False,False,False
P100000120145,-0.2798410334693064,-0.2376008481693406,1,1,0,2019,-0.0031442338395175676,-0.7471699003144697,-0.23465756116941933,0.9364525377264761,-0.21461119967635964,-0.4249127834234746,True,False,False,False,False,False
P100000120145,-0.2798410334693064,-0.2376008481693406,1,1,0,2020,-0.0031442338395175676,-0.7220212869195807,-0.23465756116941933,0.9364525377264761,-0.21461119967635964,-0.4249127834234746,True,False,False,False,False,False
P100000120145,-0.2798410334693064,-0.2376008481693406,1,1,0,2021,-0.0031442338395175676,-0.6968726735246917,-0.23465756116941933,0.9364525377264761,-0.21461119967635964,-0.4249127834234746,True,False,False,False,False,False
P100000120145,-0.2798410334693064,-0.2376008481693406,1,1,0,2022,-0.0031442338395175676,-0.6717240601298027,-0.23465756116941933,0.9364525377264761,-0.21461119967635964,-0.4249127834234746,True,False,False,False,False,False
P100000120145,-0.2798410334693064,-0.2376008481693406,1,1,0,2023,-0.0031442338395175676,-0.6465754467349137,-0.23465756116941933,0.9364525377264761,-0.21461119967635964,-0.4249127834234746,True,False,False,False,False,False
P100000120152,0.0013735781383718507,0.09236287227518598,0,0,0,2019,0.08325626587075306,-0.7471699003144697,-0.24392779300400005,-1.634596365135462,-0.30909879408675306,-0.24641782212314584,True,False,False,False,False,False
P100000120152,0.0013735781383718507,0.09236287227518598,0,0,0,2020,0.13019697503779828,-0.7220212869195807,-0.24392779300400005,-1.634596365135462,-0.30909879408675306,-0.24641782212314584,True,False,False,False,False,False
P100000120152,0.0013735781383718507,0.09236287227518598,0,0,0,2021,0.08325626587075306,-0.6968726735246917,-0.24392779300400005,-1.634596365135462,-0.30909879408675306,-0.24641782212314584,True,False,False,False,False,False
P100000120152,0.0013735781383718507,0.09236287227518598,0,0,0,2022,0.08325626587075306,-0.6717240601298027,-0.24392779300400005,-1.634596365135462,-0.30909879408675306,-0.24641782212314584,True,False,False,False,False,False
P100000120152,0.0013735781383718507,0.09236287227518598,0,0,0,2023,0.03631555670370784,-0.6465754467349137,-0.24392779300400005,-1.634596365135462,-0.30909879408675306,-0.24641782212314584,True,False,False,False,False,False
P100000120155,0.549341452320394,0.13540161842012424,0,0,0,2019,2.781730483748616,-0.7471699003144697,-0.33077742225240236,-1.634596365135462,-0.7891732595808488,1.2106691884975231,True,False,False,False,False,False
P100000120155,0.549341452320394,0.13540161842012424,0,0,0,2020,5.308472404866483,-0.7220212869195807,-0.33077742225240236,-1.634596365135462,-0.7891732595808488,1.2106691884975231,True,False,False,False,False,False
P100000120155,0.549341452320394,0.13540161842012424,0,0,0,2021,2.781730483748616,-0.6968726735246917,-0.33077742225240236,-1.634596365135462,-0.7891732595808488,1.2106691884975231,True,False,False,False,False,False
P100000120155,0.549341452320394,0.13540161842012424,0,0,0,2022,2.781730483748616,-0.6717240601298027,-0.33077742225240236,-1.634596365135462,-0.7891732595808488,1.2106691884975231,True,False,False,False,False,False
P100000120155,0.549341452320394,0.13540161842012424,0,0,0,2023,0.25498856263074865,-0.6465754467349137,-0.33077742225240236,-1.634596365135462,-0.7891732595808488,1.2106691884975231,True,False,False,False,False,False
P100000120158,0.15556282661541018,0.30755660299987725,1,1,0,2019,0.15346180987890828,0.15818018190153424,-0.24014802701745708,0.9364525377264761,-0.21426376264566827,-0.3921580258473042,True,False,False,False,False,False
P100000120158,0.15556282661541018,0.30755660299987725,1,1,0,2020,0.14565205966722825,0.18332879529642324,-0.24014802701745708,0.9364525377264761,-0.21426376264566827,-0.3921580258473042,True,False,False,False,False,False
P100000120158,0.15556282661541018,0.30755660299987725,1,1,0,2021,0.15346180987890828,0.20847740869131223,-0.24014802701745708,0.9364525377264761,-0.21426376264566827,-0.3921580258473042,True,False,False,False,False,False
P100000120158,0.15556282661541018,0.30755660299987725,1,1,0,2022,0.1612715600905883,0.23362602208620123,-0.24014802701745708,0.9364525377264761,-0.21426376264566827,-0.3921580258473042,True,False,False,False,False,False
P100000120158,0.15556282661541018,0.30755660299987725,1,1,0,2023,0.15346180987890828,0.25877463548109025,-0.24014802701745708,0.9364525377264761,-0.21426376264566827,-0.3921580258473042,True,False,False,False,False,False
P100000120159,-0.051781650740911324,-0.16013110510845174,1,1,0,2019,-0.211952292130752,0.38451770245553524,-0.289025672305733,0.9364525377264761,-0.21461119967635964,-0.4249127834234746,True,False,False,False,False,False
P100000120159,-0.051781650740911324,-0.16013110510845174,1,1,0,2020,-0.211952292130752,0.40966631585042423,-0.289025672305733,0.9364525377264761,-0.21461119967635964,-0.4249127834234746,True,False,False,False,False,False
P100000120159,-0.051781650740911324,-0.16013110510845174,1,1,0,2021,-0.211952292130752,0.43481492924531323,-0.289025672305733,0.9364525377264761,-0.21461119967635964,-0.4249127834234746,True,False,False,False,False,False
P100000120159,-0.051781650740911324,-0.16013110510845174,1,1,0,2022,-0.211952292130752,0.4599635426402022,-0.289025672305733,0.9364525377264761,-0.21461119967635964,-0.4249127834234746,True,False,False,False,False,False
P100000120159,-0.051781650740911324,-0.16013110510845174,1,1,0,2023,-0.211952292130752,0.4851121560350912,-0.289025672305733,0.9364525377264761,-0.21461119967635964,-0.4249127834234746,True,False,False,False,False,False
P100000120161,0.7080254444159011,0.5485735814115315,0,0,0,2019,-0.02057230799610879,0.057585728321978245,-0.2962187754226356,-1.634596365135462,-0.18606158328064512,-0.3610425962411097,True,False,False,False,False,False
P100000120161,0.7080254444159011,0.5485735814115315,0,0,0,2020,0.00047291362694476156,0.08273434171686725,-0.2962187754226356,-1.634596365135462,-0.18606158328064512,-0.3610425962411097,True,False,False,False,False,False
P100000120161,0.7080254444159011,0.5485735814115315,0,0,0,2021,-0.010049697184582014,0.10788295511175625,-0.2962187754226356,-1.634596365135462,-0.18606158328064512,-0.3610425962411097,True,False,False,False,False,False
P100000120161,0.7080254444159011,0.5485735814115315,0,0,0,2022,-0.010049697184582014,0.13303156850664524,-0.2962187754226356,-1.634596365135462,-0.18606158328064512,-0.3610425962411097,True,False,False,False,False,False
P100000120161,0.7080254444159011,0.5485735814115315,0,0,0,2023,-0.010049697184582014,0.15818018190153424,-0.2962187754226356,-1.634596365135462,-0.18606158328064512,-0.3610425962411097,True,False,False,False,False,False
P100000120162,-0.38556522032111595,-0.1515233558794641,1,1,0,2019,-0.16427171189102133,-0.5208323797604687,-0.13331320150029147,0.9364525377264761,-0.21461119967635964,-0.4249127834234746,True,False,False,False,False,False
P100000120162,-0.38556522032111595,-0.1515233558794641,1,1,0,2020,-0.16427171189102133,-0.4956837663655797,-0.13331320150029147,0.9364525377264761,-0.21461119967635964,-0.4249127834234746,True,False,False,False,False,False
P100000120162,-0.38556522032111595,-0.1515233558794641,1,1,0,2021,-0.16427171189102133,-0.4705351529706907,-0.13331320150029147,0.9364525377264761,-0.21461119967635964,-0.4249127834234746,True,False,False,False,False,False
P100000120162,-0.38556522032111595,-0.1515233558794641,1,1,0,2022,-0.16427171189102133,-0.4453865395758017,-0.13331320150029147,0.9364525377264761,-0.21461119967635964,-0.4249127834234746,True,False,False,False,False,False
P100000120162,-0.38556522032111595,-0.1515233558794641,1,1,0,2023,-0.16427171189102133,-0.4202379261809127,-0.13331320150029147,0.9364525377264761,-0.21461119967635964,-0.4249127834234746,True,False,False,False,False,False
P100000120163,-0.00018981094631294844,0.13540161842012424,1,0,0,2019,0.017572156195675773,0.03243711492708925,-0.233689313304291,-0.3490719137044929,-0.18885780320005166,-0.14256619803684245,True,False,False,False,False,False
P100000120163,-0.00018981094631294844,0.13540161842012424,1,0,0,2020,0.07117170501689028,0.057585728321978245,-0.233689313304291,-0.3490719137044929,-0.18885780320005166,-0.14256619803684245,True,False,False,False,False,False
P100000120163,-0.00018981094631294844,0.13540161842012424,1,0,0,2021,0.017572156195675773,0.08273434171686725,-0.233689313304291,-0.3490719137044929,-0.18885780320005166,-0.14256619803684245,True,False,False,False,False,False
P100000120163,-0.00018981094631294844,0.13540161842012424,1,0,0,2022,-0.036027392625538744,0.10788295511175625,-0.233689313304291,-0.3490719137044929,-0.18885780320005166,-0.14256619803684245,True,False,False,False,False,False
P100000120163,-0.00018981094631294844,0.13540161842012424,1,0,0,2023,0.017572156195675773,0.13303156850664524,-0.233689313304291,-0.3490719137044929,-0.18885780320005166,-0.14256619803684245,True,False,False,False,False,False
P100000120164,0.7830681204807715,0.08605052284059504,1,1,0,2019,0.18494743441652353,0.35936908906064624,-0.3569835785819322,0.9364525377264761,-0.21461119967635964,-0.4249127834234746,True,False,False,False,False,False
P100000120164,0.7830681204807715,0.08605052284059504,1,1,0,2020,0.18494743441652353,0.38451770245553524,-0.3569835785819322,0.9364525377264761,-0.21461119967635964,-0.4249127834234746,True,False,False,False,False,False
P100000120164,0.7830681204807715,0.08605052284059504,1,1,0,2021,0.18494743441652353,0.40966631585042423,-0.3569835785819322,0.9364525377264761,-0.21461119967635964,-0.4249127834234746,True,False,False,False,False,False
P100000120164,0.7830681204807715,0.08605052284059504,1,1,0,2022,0.18494743441652353,0.43481492924531323,-0.3569835785819322,0.9364525377264761,-0.21461119967635964,-0.4249127834234746,True,False,False,False,False,False
P100000120164,0.7830681204807715,0.08605052284059504,1,1,0,2023,0.18494743441652353,0.4599635426402022,-0.3569835785819322,0.9364525377264761,-0.21461119967635964,-0.4249127834234746,True,False,False,False,False,False
P100000120165,-0.12076619410262808,-0.036753366159628764,1,1,0,2019,-0.10376669972474235,-0.7723185137093587,-0.2370535612900321,0.9364525377264761,-0.17967618267813928,-0.347526329743201,True,False,False,False,False,False
P100000120165,-0.12076619410262808,-0.036753366159628764,1,1,0,2020,-0.08239264651382859,-0.7471699003144697,-0.2370535612900321,0.9364525377264761,-0.17967618267813928,-0.347526329743201,True,False,False,False,False,False
P100000120165,-0.12076619410262808,-0.036753366159628764,1,1,0,2021,-0.09307967311928547,-0.7220212869195807,-0.2370535612900321,0.9364525377264761,-0.17967618267813928,-0.347526329743201,True,False,False,False,False,False
P100000120165,-0.12076619410262808,-0.036753366159628764,1,1,0,2022,-0.09307967311928547,-0.6968726735246917,-0.2370535612900321,0.9364525377264761,-0.17967618267813928,-0.347526329743201,True,False,False,False,False,False
P100000120165,-0.12076619410262808,-0.036753366159628764,1,1,0,2023,-0.09307967311928547,-0.6717240601298027,-0.2370535612900321,0.9364525377264761,-0.17967618267813928,-0.347526329743201,True,False,False,False,False,False
P100000120171,2.7373044763367704,3.666587277125158,1,1,0,2019,2.0865805070121284,0.35936908906064624,-0.2383994634992932,0.9364525377264761,-0.24755304483511165,-0.3417310643319349,True,False,False,False,False,False
P100000120171,2.7373044763367704,3.666587277125158,1,1,0,2020,1.9491289032865597,0.38451770245553524,-0.2383994634992932,0.9364525377264761,-0.24755304483511165,-0.3417310643319349,True,False,False,False,False,False
P100000120171,2.7373044763367704,3.666587277125158,1,1,0,2021,2.017854705149344,0.40966631585042423,-0.2383994634992932,0.9364525377264761,-0.24755304483511165,-0.3417310643319349,True,False,False,False,False,False
P100000120171,2.7373044763367704,3.666587277125158,1,1,0,2022,2.017854705149344,0.43481492924531323,-0.2383994634992932,0.9364525377264761,-0.24755304483511165,-0.3417310643319349,True,False,False,False,False,False
P100000120171,2.7373044763367704,3.666587277125158,1,1,0,2023,2.017854705149344,0.4599635426402022,-0.2383994634992932,0.9364525377264761,-0.24755304483511165,-0.3417310643319349,True,False,False,False,False,False
P100000120172,0.40453253835146447,0.32936290104664595,1,1,0,2019,0.3182886432938394,0.35936908906064624,-0.2848880026549697,0.9364525377264761,-0.21461119967635964,-0.4249127834234746,True,False,False,False,False,False
P100000120172,0.40453253835146447,0.32936290104664595,1,1,0,2020,0.3182886432938394,0.38451770245553524,-0.2848880026549697,0.9364525377264761,-0.21461119967635964,-0.4249127834234746,True,False,False,False,False,False
P100000120172,0.40453253835146447,0.32936290104664595,1,1,0,2021,0.3182886432938394,0.40966631585042423,-0.2848880026549697,0.9364525377264761,-0.21461119967635964,-0.4249127834234746,True,False,False,False,False,False
P100000120172,0.40453253835146447,0.32936290104664595,1,1,0,2022,0.3182886432938394,0.43481492924531323,-0.2848880026549697,0.9364525377264761,-0.21461119967635964,-0.4249127834234746,True,False,False,False,False,False
P100000120172,0.40453253835146447,0.32936290104664595,1,1,0,2023,0.3182886432938394,0.4599635426402022,-0.2848880026549697,0.9364525377264761,-0.21461119967635964,-0.4249127834234746,True,False,False,False,False,False
P100000120173,0.20520043005415253,0.08375512304619834,1,1,0,2019,0.10783642706330389,-0.8729129672889147,-0.2919458264307814,0.9364525377264761,-0.21461119967635964,-0.4249127834234746,True,False,False,False,False,False
P100000120173,0.20520043005415253,0.08375512304619834,1,1,0,2020,0.10783642706330389,-0.8477643538940257,-0.2919458264307814,0.9364525377264761,-0.21461119967635964,-0.4249127834234746,True,False,False,False,False,False
P100000120173,0.20520043005415253,0.08375512304619834,1,1,0,2021,0.10783642706330389,-0.8226157404991367,-0.2919458264307814,0.9364525377264761,-0.21461119967635964,-0.4249127834234746,True,False,False,False,False,False
P100000120173,0.20520043005415253,0.08375512304619834,1,1,0,2022,0.10783642706330389,-0.7974671271042477,-0.2919458264307814,0.9364525377264761,-0.21461119967635964,-0.4249127834234746,True,False,False,False,False,False
P100000120173,0.20520043005415253,0.08375512304619834,1,1,0,2023,0.10783642706330389,-0.7723185137093587,-0.2919458264307814,0.9364525377264761,-0.21461119967635964,-0.4249127834234746,True,False,False,False,False,False
P100000120178,1.0629147666393504,1.1826777746136217,1,1,0,2019,11.278903129850416,0.35936908906064624,-0.2683728813528673,0.9364525377264761,-0.21461119967635964,-0.4249127834234746,True,False,False,False,False,False
P100000120178,1.0629147666393504,1.1826777746136217,1,1,0,2020,11.278903129850416,0.38451770245553524,-0.2683728813528673,0.9364525377264761,-0.21461119967635964,-0.4249127834234746,True,False,False,False,False,False
P100000120178,1.0629147666393504,1.1826777746136217,1,1,0,2021,11.278903129850416,0.40966631585042423,-0.2683728813528673,0.9364525377264761,-0.21461119967635964,-0.4249127834234746,True,False,False,False,False,False
P100000120178,1.0629147666393504,1.1826777746136217,1,1,0,2022,11.278903129850416,0.43481492924531323,-0.2683728813528673,0.9364525377264761,-0.21461119967635964,-0.4249127834234746,True,False,False,False,False,False
P100000120178,1.0629147666393504,1.1826777746136217,1,1,0,2023,11.278903129850416,0.4599635426402022,-0.2683728813528673,0.9364525377264761,-0.21461119967635964,-0.4249127834234746,True,False,False,False,False,False
P100000120179,1.3634763181700031,1.3835252566233336,1,1,0,2019,10.610717343318466,0.35936908906064624,-0.2798233338116156,0.9364525377264761,-0.21461119967635964,-0.4249127834234746,True,False,False,False,False,False
P100000120179,1.3634763181700031,1.3835252566233336,1,1,0,2020,10.610717343318466,0.38451770245553524,-0.2798233338116156,0.9364525377264761,-0.21461119967635964,-0.4249127834234746,True,False,False,False,False,False
P100000120179,1.3634763181700031,1.3835252566233336,1,1,0,2021,10.610717343318466,0.40966631585042423,-0.2798233338116156,0.9364525377264761,-0.21461119967635964,-0.4249127834234746,True,False,False,False,False,False
P100000120179,1.3634763181700031,1.3835252566233336,1,1,0,2022,10.610717343318466,0.43481492924531323,-0.2798233338116156,0.9364525377264761,-0.21461119967635964,-0.4249127834234746,True,False,False,False,False,False
P100000120179,1.3634763181700031,1.3835252566233336,1,1,0,2023,10.610717343318466,0.4599635426402022,-0.2798233338116156,0.9364525377264761,-0.21461119967635964,-0.4249127834234746,True,False,False,False,False,False
P100000120180,-0.2786684916557928,-0.524525822468929,1,0,0,2019,-0.23825881915956895,0.35936908906064624,-0.33668362124061285,-0.3490719137044929,-0.21461119967635964,-0.4249127834234746,True,False,False,False,False,False
P100000120180,-0.2786684916557928,-0.524525822468929,1,0,0,2020,-0.23825881915956895,0.38451770245553524,-0.33668362124061285,-0.3490719137044929,-0.21461119967635964,-0.4249127834234746,True,False,False,False,False,False
P100000120180,-0.2786684916557928,-0.524525822468929,1,0,0,2021,-0.23825881915956895,0.40966631585042423,-0.33668362124061285,-0.3490719137044929,-0.21461119967635964,-0.4249127834234746,True,False,False,False,False,False
P100000120180,-0.2786684916557928,-0.524525822468929,1,0,0,2022,-0.23825881915956895,0.43481492924531323,-0.33668362124061285,-0.3490719137044929,-0.21461119967635964,-0.4249127834234746,True,False,False,False,False,False
P100000120180,-0.2786684916557928,-0.524525822468929,1,0,0,2023,-0.23825881915956895,0.4599635426402022,-0.33668362124061285,-0.3490719137044929,-0.21461119967635964,-0.4249127834234746,True,False,False,False,False,False
P100000120181,-0.18252006294767764,-0.036753366159628764,1,1,0,2019,-0.03191699777728609,0.35936908906064624,-0.21313372815170203,0.9364525377264761,-0.22546100483647674,-0.40308552036578327,True,False,False,False,False,False
P100000120181,-0.18252006294767764,-0.036753366159628764,1,1,0,2020,-0.038986876916280645,0.38451770245553524,-0.21313372815170203,0.9364525377264761,-0.22546100483647674,-0.40308552036578327,True,False,False,False,False,False
P100000120181,-0.18252006294767764,-0.036753366159628764,1,1,0,2021,-0.035643755773035135,0.40966631585042423,-0.21313372815170203,0.9364525377264761,-0.22546100483647674,-0.40308552036578327,True,False,False,False,False,False
P100000120181,-0.18252006294767764,-0.036753366159628764,1,1,0,2022,-0.035643755773035135,0.43481492924531323,-0.21313372815170203,0.9364525377264761,-0.22546100483647674,-0.40308552036578327,True,False,False,False,False,False
P100000120181,-0.18252006294767764,-0.036753366159628764,1,1,0,2023,-0.036027392625538744,0.4599635426402022,-0.21313372815170203,0.9364525377264761,-0.22546100483647674,-0.40308552036578327,True,False,False,False,False,False
P100000120182,4.206694792304896,3.5813705597581804,0,0,0,2019,2.013251062919301,-0.6717240601298027,-0.3092602084527659,-1.634596365135462,-0.23098915140088824,-0.28149400911119077,True,False,False,False,False,False
P100000120182,4.206694792304896,3.5813705597581804,0,0,0,2020,2.0374201846270266,-0.6465754467349137,-0.3092602084527659,-1.634596365135462,-0.23098915140088824,-0.28149400911119077,True,False,False,False,False,False
P100000120182,4.206694792304896,3.5813705597581804,0,0,0,2021,1.9555822231983162,-0.6214268333400247,-0.3092602084527659,-1.634596365135462,-0.23098915140088824,-0.28149400911119077,True,False,False,False,False,False
P100000120182,4.206694792304896,3.5813705597581804,0,0,0,2022,1.802141183513045,-0.5962782199451357,-0.3092602084527659,-1.634596365135462,-0.23098915140088824,-0.28149400911119077,True,False,False,False,False,False
P100000120182,4.206694792304896,3.5813705597581804,0,0,0,2023,1.9695164617338927,-0.5711296065502467,-0.3092602084527659,-1.634596365135462,-0.23098915140088824,-0.28149400911119077,True,False,False,False,False,False
P100000120188,1.1102072864510655,3.9649892503967297,0,0,0,2019,3.909951661697002,-0.7471699003144697,-0.01226529413787075,-1.634596365135462,-0.2946081349304865,-0.1880144347262205,True,False,False,False,False,False
P100000120188,1.1102072864510655,3.9649892503967297,0,0,0,2020,3.265441749490987,-0.7220212869195807,-0.01226529413787075,-1.634596365135462,-0.2946081349304865,-0.1880144347262205,True,False,False,False,False,False
P100000120188,1.1102072864510655,3.9649892503967297,0,0,0,2021,3.5876967055939946,-0.6968726735246917,-0.01226529413787075,-1.634596365135462,-0.2946081349304865,-0.1880144347262205,True,False,False,False,False,False
P100000120188,1.1102072864510655,3.9649892503967297,0,0,0,2022,3.5876967055939946,-0.6717240601298027,-0.01226529413787075,-1.634596365135462,-0.2946081349304865,-0.1880144347262205,True,False,False,False,False,False
P100000120188,1.1102072864510655,3.9649892503967297,0,0,0,2023,3.5876967055939946,-0.6465754467349137,-0.01226529413787075,-1.634596365135462,-0.2946081349304865,-0.1880144347262205,True,False,False,False,False,False
P100000120189,-0.03067589809766653,-0.11881390880931103,0,0,0,2019,0.023162293189299372,0.057585728321978245,-0.28430282202530177,-1.634596365135462,-0.15617834488798932,-0.2997381621471958,True,False,False,False,False,False
P100000120189,-0.03067589809766653,-0.11881390880931103,0,0,0,2020,0.06837663652007848,0.08273434171686725,-0.28430282202530177,-1.634596365135462,-0.15617834488798932,-0.2997381621471958,True,False,False,False,False,False
P100000120189,-0.03067589809766653,-0.11881390880931103,0,0,0,2021,0.04576946485468893,0.10788295511175625,-0.28430282202530177,-1.634596365135462,-0.15617834488798932,-0.2997381621471958,True,False,False,False,False,False
P100000120189,-0.03067589809766653,-0.11881390880931103,0,0,0,2022,0.04576946485468893,0.13303156850664524,-0.28430282202530177,-1.634596365135462,-0.15617834488798932,-0.2997381621471958,True,False,False,False,False,False
P100000120189,-0.03067589809766653,-0.11881390880931103,0,0,0,2023,0.04576946485468893,0.15818018190153424,-0.28430282202530177,-1.634596365135462,-0.15617834488798932,-0.2997381621471958,True,False,False,False,False,False
P100000120190,0.16533400839469017,1.9717214539374897,1,1,0,2019,1.2745309007913352,0.35936908906064624,0.06972195443939348,0.9364525377264761,-0.2799083149457056,-0.29672299150741355,True,False,False,False,False,False
P100000120190,0.16533400839469017,1.9717214539374897,1,1,0,2020,1.37515336667656,0.38451770245553524,0.06972195443939348,0.9364525377264761,-0.2799083149457056,-0.29672299150741355,True,False,False,False,False,False
P100000120190,0.16533400839469017,1.9717214539374897,1,1,0,2021,1.27672311137707,0.40966631585042423,0.06972195443939348,0.9364525377264761,-0.2799083149457056,-0.29672299150741355,True,False,False,False,False,False
P100000120190,0.16533400839469017,1.9717214539374897,1,1,0,2022,1.27672311137707,0.43481492924531323,0.06972195443939348,0.9364525377264761,-0.2799083149457056,-0.29672299150741355,True,False,False,False,False,False
P100000120190,0.16533400839469017,1.9717214539374897,1,1,0,2023,1.1804850666633147,0.4599635426402022,0.06972195443939348,0.9364525377264761,-0.2799083149457056,-0.29672299150741355,True,False,False,False,False,False
P100000120191,0.6251658229276067,0.7953290593091774,1,1,0,2019,0.5996040667082505,-0.5208323797604687,-0.2549061998259269,0.9364525377264761,-0.21461119967635964,-0.4249127834234746,True,False,False,False,False,False
P100000120191,0.6251658229276067,0.7953290593091774,1,1,0,2020,0.5996040667082505,-0.4956837663655797,-0.2549061998259269,0.9364525377264761,-0.21461119967635964,-0.4249127834234746,True,False,False,False,False,False
P100000120191,0.6251658229276067,0.7953290593091774,1,1,0,2021,0.5996040667082505,-0.4705351529706907,-0.2549061998259269,0.9364525377264761,-0.21461119967635964,-0.4249127834234746,True,False,False,False,False,False
P100000120191,0.6251658229276067,0.7953290593091774,1,1,0,2022,0.5996040667082505,-0.4453865395758017,-0.2549061998259269,0.9364525377264761,-0.21461119967635964,-0.4249127834234746,True,False,False,False,False,False
P100000120191,0.6251658229276067,0.7953290593091774,1,1,0,2023,0.5996040667082505,-0.4202379261809127,-0.2549061998259269,0.9364525377264761,-0.21461119967635964,-0.4249127834234746,True,False,False,False,False,False
P100000120192,0.14715961028522936,1.0306075382348399,0,0,0,2019,0.8710545424868553,-0.7471699003144697,-0.09976103409164071,-1.634596365135462,-0.21461119967635964,-0.4249127834234746,True,False,False,False,False,False
P100000120192,0.14715961028522936,1.0306075382348399,0,0,0,2020,0.8710545424868553,-0.7220212869195807,-0.09976103409164071,-1.634596365135462,-0.21461119967635964,-0.4249127834234746,True,False,False,False,False,False
P100000120192,0.14715961028522936,1.0306075382348399,0,0,0,2021,0.8710545424868553,-0.6968726735246917,-0.09976103409164071,-1.634596365135462,-0.21461119967635964,-0.4249127834234746,True,False,False,False,False,False
P100000120192,0.14715961028522936,1.0306075382348399,0,0,0,2022,0.8710545424868553,-0.6717240601298027,-0.09976103409164071,-1.634596365135462,-0.21461119967635964,-0.4249127834234746,True,False,False,False,False,False
P100000120192,0.14715961028522936,1.0306075382348399,0,0,0,2023,0.8710545424868553,-0.6465754467349137,-0.09976103409164071,-1.634596365135462,-0.21461119967635964,-0.4249127834234746,True,False,False,False,False,False
P100000120193,1.223748418726299,0.16409411585008307,1,1,0,2019,1.5688351719262248,-0.7220212869195807,-0.3746193407511622,0.9364525377264761,-0.21461119967635964,-0.4249127834234746,True,False,False,False,False,False
P100000120193,1.223748418726299,0.16409411585008307,1,1,0,2020,1.5688351719262248,-0.6968726735246917,-0.3746193407511622,0.9364525377264761,-0.21461119967635964,-0.4249127834234746,True,False,False,False,False,False
P100000120193,1.223748418726299,0.16409411585008307,1,1,0,2021,1.5688351719262248,-0.6717240601298027,-0.3746193407511622,0.9364525377264761,-0.21461119967635964,-0.4249127834234746,True,False,False,False,False,False
P100000120193,1.223748418726299,0.16409411585008307,1,1,0,2022,1.5688351719262248,-0.6465754467349137,-0.3746193407511622,0.9364525377264761,-0.21461119967635964,-0.4249127834234746,True,False,False,False,False,False
P100000120193,1.223748418726299,0.16409411585008307,1,1,0,2023,1.5688351719262248,-0.6214268333400247,-0.3746193407511622,0.9364525377264761,-0.21461119967635964,-0.4249127834234746,True,False,False,False,False,False
P100000120194,-0.1023963723575817,-0.2625633209334048,1,1,0,2019,0.036479972497637944,-0.5459809931553578,-0.30242608542583826,0.9364525377264761,-0.21317539033739324,-0.35832309134431833,True,False,False,False,False,False
P100000120194,-0.1023963723575817,-0.2625633209334048,1,1,0,2020,0.02332670898322948,-0.5208323797604687,-0.30242608542583826,0.9364525377264761,-0.21317539033739324,-0.35832309134431833,True,False,False,False,False,False
P100000120194,-0.1023963723575817,-0.2625633209334048,1,1,0,2021,0.036479972497637944,-0.4956837663655797,-0.30242608542583826,0.9364525377264761,-0.21317539033739324,-0.35832309134431833,True,False,False,False,False,False
P100000120194,-0.1023963723575817,-0.2625633209334048,1,1,0,2022,0.04963323601204642,-0.4705351529706907,-0.30242608542583826,0.9364525377264761,-0.21317539033739324,-0.35832309134431833,True,False,False,False,False,False
P100000120194,-0.1023963723575817,-0.2625633209334048,1,1,0,2023,0.036479972497637944,-0.4453865395758017,-0.30242608542583826,0.9364525377264761,-0.21317539033739324,-0.35832309134431833,True,False,False,False,False,False
P100000120197,-0.23293936092876244,-0.036753366159628764,1,1,0,2019,-0.027148939753313023,-0.7723185137093587,-0.18960212923675654,0.9364525377264761,-0.21461119967635964,-0.4249127834234746,True,False,False,False,False,False
P100000120197,-0.23293936092876244,-0.036753366159628764,1,1,0,2020,-0.027148939753313023,-0.7471699003144697,-0.18960212923675654,0.9364525377264761,-0.21461119967635964,-0.4249127834234746,True,False,False,False,False,False
P100000120197,-0.23293936092876244,-0.036753366159628764,1,1,0,2021,-0.027148939753313023,-0.7220212869195807,-0.18960212923675654,0.9364525377264761,-0.21461119967635964,-0.4249127834234746,True,False,False,False,False,False
P100000120197,-0.23293936092876244,-0.036753366159628764,1,1,0,2022,-0.027148939753313023,-0.6968726735246917,-0.18960212923675654,0.9364525377264761,-0.21461119967635964,-0.4249127834234746,True,False,False,False,False,False
P100000120197,-0.23293936092876244,-0.036753366159628764,1,1,0,2023,-0.027148939753313023,-0.6717240601298027,-0.18960212923675654,0.9364525377264761,-0.21461119967635964,-0.4249127834234746,True,False,False,False,False,False
P100000120202,-0.6491917047260902,-0.46714082760901127,1,1,0,2019,-0.3272077636757562,-0.7723185137093587,0.11372690649873561,0.9364525377264761,-0.21461119967635964,-0.4249127834234746,True,False,False,False,False,False
P100000120202,-0.6491917047260902,-0.46714082760901127,1,1,0,2020,-0.3272077636757562,-0.7471699003144697,0.11372690649873561,0.9364525377264761,-0.21461119967635964,-0.4249127834234746,True,False,False,False,False,False
P100000120202,-0.6491917047260902,-0.46714082760901127,1,1,0,2021,-0.3272077636757562,-0.7220212869195807,0.11372690649873561,0.9364525377264761,-0.21461119967635964,-0.4249127834234746,True,False,False,False,False,False
P100000120202,-0.6491917047260902,-0.46714082760901127,1,1,0,2022,-0.3272077636757562,-0.6968726735246917,0.11372690649873561,0.9364525377264761,-0.21461119967635964,-0.4249127834234746,True,False,False,False,False,False
P100000120202,-0.6491917047260902,-0.46714082760901127,1,1,0,2023,-0.3272077636757562,-0.6717240601298027,0.11372690649873561,0.9364525377264761,-0.21461119967635964,-0.4249127834234746,True,False,False,False,False,False
P100000120211,0.2894280169915461,-0.09413836101954644,1,1,0,2019,0.10208187427575019,0.35936908906064624,-0.3353599790167727,0.9364525377264761,-0.14362255875034413,-0.2752982919518684,True,False,False,False,False,False
P100000120211,0.2894280169915461,-0.09413836101954644,1,1,0,2020,0.1640666285874001,0.38451770245553524,-0.3353599790167727,0.9364525377264761,-0.14362255875034413,-0.2752982919518684,True,False,False,False,False,False
P100000120211,0.2894280169915461,-0.09413836101954644,1,1,0,2021,0.13307425143157514,0.40966631585042423,-0.3353599790167727,0.9364525377264761,-0.14362255875034413,-0.2752982919518684,True,False,False,False,False,False
P100000120211,0.2894280169915461,-0.09413836101954644,1,1,0,2022,0.13307425143157514,0.43481492924531323,-0.3353599790167727,0.9364525377264761,-0.14362255875034413,-0.2752982919518684,True,False,False,False,False,False
P100000120211,0.2894280169915461,-0.09413836101954644,1,1,0,2023,0.13307425143157514,0.4599635426402022,-0.3353599790167727,0.9364525377264761,-0.14362255875034413,-0.2752982919518684,True,False,False,False,False,False
P100000120214,4.218224786804447,1.9720083789117893,1,1,0,2019,1.0280716256901063,0.35936908906064624,-0.3667522032803014,0.9364525377264761,-0.18438617832337859,-0.3574720597024596,True,False,False,False,False,False
P100000120214,4.218224786804447,1.9720083789117893,1,1,0,2020,1.0961397643771702,0.38451770245553524,-0.3667522032803014,0.9364525377264761,-0.18438617832337859,-0.3574720597024596,True,False,False,False,False,False
P100000120214,4.218224786804447,1.9720083789117893,1,1,0,2021,1.0621056950336383,0.40966631585042423,-0.3667522032803014,0.9364525377264761,-0.18438617832337859,-0.3574720597024596,True,False,False,False,False,False
P100000120214,4.218224786804447,1.9720083789117893,1,1,0,2022,1.0621056950336383,0.43481492924531323,-0.3667522032803014,0.9364525377264761,-0.18438617832337859,-0.3574720597024596,True,False,False,False,False,False
P100000120214,4.218224786804447,1.9720083789117893,1,1,0,2023,1.0621056950336383,0.4599635426402022,-0.3667522032803014,0.9364525377264761,-0.18438617832337859,-0.3574720597024596,True,False,False,False,False,False
P100000120216,1.36406258907676,0.4194573429767167,1,0,0,2019,0.15551700730303458,-0.8477643538940257,-0.35964079010523775,-0.3490719137044929,-0.21461119967635964,-0.4249127834234746,True,False,False,False,False,False
P100000120216,1.36406258907676,0.4194573429767167,1,0,0,2020,0.15551700730303458,-0.8226157404991367,-0.35964079010523775,-0.3490719137044929,-0.21461119967635964,-0.4249127834234746,True,False,False,False,False,False
P100000120216,1.36406258907676,0.4194573429767167,1,0,0,2021,0.15551700730303458,-0.7974671271042477,-0.35964079010523775,-0.3490719137044929,-0.21461119967635964,-0.4249127834234746,True,False,False,False,False,False
P100000120216,1.36406258907676,0.4194573429767167,1,0,0,2022,0.15551700730303458,-0.7723185137093587,-0.35964079010523775,-0.3490719137044929,-0.21461119967635964,-0.4249127834234746,True,False,False,False,False,False
P100000120216,1.36406258907676,0.4194573429767167,1,0,0,2023,0.15551700730303458,-0.7471699003144697,-0.35964079010523775,-0.3490719137044929,-0.21461119967635964,-0.4249127834234746,True,False,False,False,False,False
P100000120219,5.366924916776603,5.027472430228105,1,1,0,2019,2.4943316759587906,-0.6465754467349137,-0.29759737163372546,0.9364525377264761,-0.21461119967635964,-0.4249127834234746,True,False,False,False,False,False
P100000120219,5.366924916776603,5.027472430228105,1,1,0,2020,2.4943316759587906,-0.6214268333400247,-0.29759737163372546,0.9364525377264761,-0.21461119967635964,-0.4249127834234746,True,False,False,False,False,False
P100000120219,5.366924916776603,5.027472430228105,1,1,0,2021,2.4943316759587906,-0.5962782199451357,-0.29759737163372546,0.9364525377264761,-0.21461119967635964,-0.4249127834234746,True,False,False,False,False,False
P100000120219,5.366924916776603,5.027472430228105,1,1,0,2022,2.4943316759587906,-0.5711296065502467,-0.29759737163372546,0.9364525377264761,-0.21461119967635964,-0.4249127834234746,True,False,False,False,False,False
P100000120219,5.366924916776603,5.027472430228105,1,1,0,2023,2.4943316759587906,-0.5459809931553578,-0.29759737163372546,0.9364525377264761,-0.21461119967635964,-0.4249127834234746,True,False,False,False,False,False
P100000120220,0.015444079900535044,1.2544090181885188,0,0,0,2019,0.4999680955866064,-0.8477643538940257,0.011189297130624715,-1.634596365135462,-0.21461119967635964,-0.4249127834234746,True,False,False,False,False,False
P100000120220,0.015444079900535044,1.2544090181885188,0,0,0,2020,0.4999680955866064,-0.8226157404991367,0.011189297130624715,-1.634596365135462,-0.21461119967635964,-0.4249127834234746,True,False,False,False,False,False
P100000120220,0.015444079900535044,1.2544090181885188,0,0,0,2021,0.4999680955866064,-0.7974671271042477,0.011189297130624715,-1.634596365135462,-0.21461119967635964,-0.4249127834234746,True,False,False,False,False,False
P100000120220,0.015444079900535044,1.2544090181885188,0,0,0,2022,0.4999680955866064,-0.7723185137093587,0.011189297130624715,-1.634596365135462,-0.21461119967635964,-0.4249127834234746,True,False,False,False,False,False
P100000120220,0.015444079900535044,1.2544090181885188,0,0,0,2023,0.4999680955866064,-0.7471699003144697,0.011189297130624715,-1.634596365135462,-0.21461119967635964,-0.4249127834234746,True,False,False,False,False,False
P100000120221,-0.3797025112535479,-0.2949858430292583,1,1,0,2019,-0.11987944752989274,-0.8729129672889147,-0.20175583746991418,0.9364525377264761,-0.21461119967635964,-0.4249127834234746,True,False,False,False,False,False
P100000120221,-0.3797025112535479,-0.2949858430292583,1,1,0,2020,-0.11987944752989274,-0.8477643538940257,-0.20175583746991418,0.9364525377264761,-0.21461119967635964,-0.4249127834234746,True,False,False,False,False,False
P100000120221,-0.3797025112535479,-0.2949858430292583,1,1,0,2021,-0.11987944752989274,-0.8226157404991367,-0.20175583746991418,0.9364525377264761,-0.21461119967635964,-0.4249127834234746,True,False,False,False,False,False
P100000120221,-0.3797025112535479,-0.2949858430292583,1,1,0,2022,-0.11987944752989274,-0.7974671271042477,-0.20175583746991418,0.9364525377264761,-0.21461119967635964,-0.4249127834234746,True,False,False,False,False,False
P100000120221,-0.3797025112535479,-0.2949858430292583,1,1,0,2023,-0.11987944752989274,-0.7723185137093587,-0.20175583746991418,0.9364525377264761,-0.21461119967635964,-0.4249127834234746,True,False,False,False,False,False
P100000120222,-0.6812411809621286,0.6805590695893421,1,1,0,2019,0.6232799410341858,-0.7471699003144697,2.3572998987706772,0.9364525377264761,-0.14136820481750378,-0.3067056543522313,True,False,False,False,False,False
P100000120222,-0.6812411809621286,0.6805590695893421,1,1,0,2020,0.684113784788325,-0.7220212869195807,2.3572998987706772,0.9364525377264761,-0.14136820481750378,-0.3067056543522313,True,False,False,False,False,False
P100000120222,-0.6812411809621286,0.6805590695893421,1,1,0,2021,0.7449476285424641,-0.6968726735246917,2.3572998987706772,0.9364525377264761,-0.14136820481750378,-0.3067056543522313,True,False,False,False,False,False
P100000120222,-0.6812411809621286,0.6805590695893421,1,1,0,2022,0.684113784788325,-0.6717240601298027,2.3572998987706772,0.9364525377264761,-0.14136820481750378,-0.3067056543522313,True,False,False,False,False,False
P100000120222,-0.6812411809621286,0.6805590695893421,1,1,0,2023,0.684113784788325,-0.6465754467349137,2.3572998987706772,0.9364525377264761,-0.14136820481750378,-0.3067056543522313,True,False,False,False,False,False
P100000120223,2.5504794807169366,2.660341392256502,1,1,0,2019,1.2655702400221445,-0.6214268333400247,-0.2790874261806891,0.9364525377264761,-0.16722539369297512,-0.3180753666162376,True,False,False,False,False,False
P100000120223,2.5504794807169366,2.660341392256502,1,1,0,2020,1.2655702400221445,-0.5962782199451357,-0.2790874261806891,0.9364525377264761,-0.16722539369297512,-0.3180753666162376,True,False,False,False,False,False
P100000120223,2.5504794807169366,2.660341392256502,1,1,0,2021,1.2655702400221445,-0.5711296065502467,-0.2790874261806891,0.9364525377264761,-0.16722539369297512,-0.3180753666162376,True,False,False,False,False,False
P100000120223,2.5504794807169366,2.660341392256502,1,1,0,2022,1.2056406831346207,-0.5459809931553578,-0.2790874261806891,0.9364525377264761,-0.16722539369297512,-0.3180753666162376,True,False,False,False,False,False
P100000120223,2.5504794807169366,2.660341392256502,1,1,0,2023,1.325499796909668,-0.5208323797604687,-0.2790874261806891,0.9364525377264761,-0.16722539369297512,-0.3180753666162376,True,False,False,False,False,False
P100000120224,2.86921543035705,-0.1515233558794641,1,1,0,2019,0.6209781199191643,-0.7471699003144697,-0.4323392815092869,0.9364525377264761,-0.21461119967635964,-0.4249127834234746,True,False,False,False,False,False
P100000120224,2.86921543035705,-0.1515233558794641,1,1,0,2020,0.6209781199191643,-0.7220212869195807,-0.4323392815092869,0.9364525377264761,-0.21461119967635964,-0.4249127834234746,True,False,False,False,False,False
P100000120224,2.86921543035705,-0.1515233558794641,1,1,0,2021,0.6209781199191643,-0.6968726735246917,-0.4323392815092869,0.9364525377264761,-0.21461119967635964,-0.4249127834234746,True,False,False,False,False,False
P100000120224,2.86921543035705,-0.1515233558794641,1,1,0,2022,0.6209781199191643,-0.6717240601298027,-0.4323392815092869,0.9364525377264761,-0.21461119967635964,-0.4249127834234746,True,False,False,False,False,False
P100000120224,2.86921543035705,-0.1515233558794641,1,1,0,2023,0.6209781199191643,-0.6465754467349137,-0.4323392815092869,0.9364525377264761,-0.21461119967635964,-0.4249127834234746,True,False,False,False,False,False
P100000120225,0.4805523325942628,0.8223000068933387,1,0,0,2019,0.4414360729474887,-0.5459809931553578,-0.22660101461757126,-0.3490719137044929,-0.3228625854293824,-0.2761261364732129,True,False,False,False,False,False
P100000120225,0.4805523325942628,0.8223000068933387,1,0,0,2020,0.42598098831805875,-0.5208323797604687,-0.22660101461757126,-0.3490719137044929,-0.3228625854293824,-0.2761261364732129,True,False,False,False,False,False
P100000120225,0.4805523325942628,0.8223000068933387,1,0,0,2021,0.3841371687628468,-0.4956837663655797,-0.22660101461757126,-0.3490719137044929,-0.3228625854293824,-0.2761261364732129,True,False,False,False,False,False
P100000120225,0.4805523325942628,0.8223000068933387,1,0,0,2022,0.30941019042161366,-0.4705351529706907,-0.22660101461757126,-0.3490719137044929,-0.3228625854293824,-0.2761261364732129,True,False,False,False,False,False
P100000120225,0.4805523325942628,0.8223000068933387,1,0,0,2023,0.3597214233642261,-0.4453865395758017,-0.22660101461757126,-0.3490719137044929,-0.3228625854293824,-0.2761261364732129,True,False,False,False,False,False
P100000120226,0.2818064952037077,-0.12283085844950527,1,1,0,2019,0.11227565349941675,-0.8226157404991367,-0.33919679609284475,0.9364525377264761,-0.21461119967635964,-0.4249127834234746,True,False,False,False,False,False
P100000120226,0.2818064952037077,-0.12283085844950527,1,1,0,2020,0.11227565349941675,-0.7974671271042477,-0.33919679609284475,0.9364525377264761,-0.21461119967635964,-0.4249127834234746,True,False,False,False,False,False
P100000120226,0.2818064952037077,-0.12283085844950527,1,1,0,2021,0.11227565349941675,-0.7723185137093587,-0.33919679609284475,0.9364525377264761,-0.21461119967635964,-0.4249127834234746,True,False,False,False,False,False
P100000120226,0.2818064952037077,-0.12283085844950527,1,1,0,2022,0.11227565349941675,-0.7471699003144697,-0.33919679609284475,0.9364525377264761,-0.21461119967635964,-0.4249127834234746,True,False,False,False,False,False
P100000120226,0.2818064952037077,-0.12283085844950527,1,1,0,2023,0.11227565349941675,-0.7220212869195807,-0.33919679609284475,0.9364525377264761,-0.21461119967635964,-0.4249127834234746,True,False,False,False,False,False
P100000120228,0.45905573267984684,-0.6108902397331051,1,1,0,2019,-0.4319406244092337,0.8874899703533152,-0.4275727751522324,0.9364525377264761,-0.02511321636918857,-0.28200096195353946,True,False,False,False,False,False
P100000120228,0.45905573267984684,-0.6108902397331051,1,1,0,2020,-0.42602165582774987,0.9126385837482042,-0.4275727751522324,0.9364525377264761,-0.02511321636918857,-0.28200096195353946,True,False,False,False,False,False
P100000120228,0.45905573267984684,-0.6108902397331051,1,1,0,2021,-0.42602165582774987,0.9377871971430932,-0.4275727751522324,0.9364525377264761,-0.02511321636918857,-0.28200096195353946,True,False,False,False,False,False
P100000120228,0.45905573267984684,-0.6108902397331051,1,1,0,2022,-0.42832347694277134,0.9629358105379822,-0.4275727751522324,0.9364525377264761,-0.02511321636918857,-0.28200096195353946,True,False,False,False,False,False
P100000120228,0.45905573267984684,-0.6108902397331051,1,1,0,2023,-0.41780086613124456,0.9880844239328712,-0.4275727751522324,0.9364525377264761,-0.02511321636918857,-0.28200096195353946,True,False,False,False,False,False
P100000120231,-0.343549138670212,-0.3810633353191348,1,1,0,2019,-0.2086639762521499,-0.6717240601298027,-0.25881022542184173,0.9364525377264761,-0.21461119967635964,-0.4249127834234746,True,False,False,False,False,False
P100000120231,-0.343549138670212,-0.3810633353191348,1,1,0,2020,-0.2086639762521499,-0.6465754467349137,-0.25881022542184173,0.9364525377264761,-0.21461119967635964,-0.4249127834234746,True,False,False,False,False,False
P100000120231,-0.343549138670212,-0.3810633353191348,1,1,0,2021,-0.2086639762521499,-0.6214268333400247,-0.25881022542184173,0.9364525377264761,-0.21461119967635964,-0.4249127834234746,True,False,False,False,False,False
P100000120231,-0.343549138670212,-0.3810633353191348,1,1,0,2022,-0.2086639762521499,-0.5962782199451357,-0.25881022542184173,0.9364525377264761,-0.21461119967635964,-0.4249127834234746,True,False,False,False,False,False
P100000120231,-0.343549138670212,-0.3810633353191348,1,1,0,2023,-0.2086639762521499,-0.5711296065502467,-0.25881022542184173,0.9364525377264761,-0.21461119967635964,-0.4249127834234746,True,False,False,False,False,False
P100000120233,-0.04611436530892892,-0.6392958121887643,1,0,0,2019,-0.2116234605428918,-0.6214268333400247,-0.4062037864269758,-0.3490719137044929,-0.21461119967635964,-0.4249127834234746,True,False,False,False,False,False
P100000120233,-0.04611436530892892,-0.6392958121887643,1,0,0,2020,-0.2116234605428918,-0.5962782199451357,-0.4062037864269758,-0.3490719137044929,-0.21461119967635964,-0.4249127834234746,True,False,False,False,False,False
P100000120233,-0.04611436530892892,-0.6392958121887643,1,0,0,2021,-0.2116234605428918,-0.5711296065502467,-0.4062037864269758,-0.3490719137044929,-0.21461119967635964,-0.4249127834234746,True,False,False,False,False,False
P100000120233,-0.04611436530892892,-0.6392958121887643,1,0,0,2022,-0.2116234605428918,-0.5459809931553578,-0.4062037864269758,-0.3490719137044929,-0.21461119967635964,-0.4249127834234746,True,False,False,False,False,False
P100000120233,-0.04611436530892892,-0.6392958121887643,1,0,0,2023,-0.2116234605428918,-0.5208323797604687,-0.4062037864269758,-0.3490719137044929,-0.21461119967635964,-0.4249127834234746,True,False,False,False,False,False
P100000120240,0.38694441114876044,2.3447239205269543,1,1,0,2019,1.9287413448392265,-0.7723185137093587,0.0242141272313293,0.9364525377264761,-0.21461119967635964,-0.4249127834234746,True,False,False,False,False,False
P100000120240,0.38694441114876044,2.3447239205269543,1,1,0,2020,1.9287413448392265,-0.7471699003144697,0.0242141272313293,0.9364525377264761,-0.21461119967635964,-0.4249127834234746,True,False,False,False,False,False
P100000120240,0.38694441114876044,2.3447239205269543,1,1,0,2021,1.9287413448392265,-0.7220212869195807,0.0242141272313293,0.9364525377264761,-0.21461119967635964,-0.4249127834234746,True,False,False,False,False,False
P100000120240,0.38694441114876044,2.3447239205269543,1,1,0,2022,1.9287413448392265,-0.6968726735246917,0.0242141272313293,0.9364525377264761,-0.21461119967635964,-0.4249127834234746,True,False,False,False,False,False
P100000120240,0.38694441114876044,2.3447239205269543,1,1,0,2023,1.9287413448392265,-0.6717240601298027,0.0242141272313293,0.9364525377264761,-0.21461119967635964,-0.4249127834234746,True,False,False,False,False,False
P100000120244,0.40961355287669005,-0.036753366159628764,1,1,0,2019,-0.0906134362103339,-0.5208323797604687,-0.340261810141661,0.9364525377264761,-0.21461119967635964,-0.4249127834234746,True,False,False,False,False,False
P100000120244,0.40961355287669005,-0.036753366159628764,1,1,0,2020,-0.0906134362103339,-0.4956837663655797,-0.340261810141661,0.9364525377264761,-0.21461119967635964,-0.4249127834234746,True,False,False,False,False,False
P100000120244,0.40961355287669005,-0.036753366159628764,1,1,0,2021,-0.0906134362103339,-0.4705351529706907,-0.340261810141661,0.9364525377264761,-0.21461119967635964,-0.4249127834234746,True,False,False,False,False,False
P100000120244,0.40961355287669005,-0.036753366159628764,1,1,0,2022,-0.0906134362103339,-0.4453865395758017,-0.340261810141661,0.9364525377264761,-0.21461119967635964,-0.4249127834234746,True,False,False,False,False,False
P100000120244,0.40961355287669005,-0.036753366159628764,1,1,0,2023,-0.0906134362103339,-0.4202379261809127,-0.340261810141661,0.9364525377264761,-0.21461119967635964,-0.4249127834234746,True,False,False,False,False,False
P100000120254,0.08911879051630621,0.5373835074138475,1,1,0,2019,0.19842952951879222,-0.7723185137093587,-0.17578880393432939,0.9364525377264761,-0.21461119967635964,-0.4249127834234746,True,False,False,False,False,False
P100000120254,0.08911879051630621,0.5373835074138475,1,1,0,2020,0.19842952951879222,-0.7471699003144697,-0.17578880393432939,0.9364525377264761,-0.21461119967635964,-0.4249127834234746,True,False,False,False,False,False
P100000120254,0.08911879051630621,0.5373835074138475,1,1,0,2021,0.19842952951879222,-0.7220212869195807,-0.17578880393432939,0.9364525377264761,-0.21461119967635964,-0.4249127834234746,True,False,False,False,False,False
P100000120254,0.08911879051630621,0.5373835074138475,1,1,0,2022,0.19842952951879222,-0.6968726735246917,-0.17578880393432939,0.9364525377264761,-0.21461119967635964,-0.4249127834234746,True,False,False,False,False,False
P100000120254,0.08911879051630621,0.5373835074138475,1,1,0,2023,0.19842952951879222,-0.6717240601298027,-0.17578880393432939,0.9364525377264761,-0.21461119967635964,-0.4249127834234746,True,False,False,False,False,False
P100000120258,2.626694698595321,2.677556890714477,1,1,0,2019,1.4856955854622345,-0.6465754467349137,-0.28243047179308356,0.9364525377264761,-0.009419304776159916,-0.0975724780428103,True,False,False,False,False,False
P100000120258,2.626694698595321,2.677556890714477,1,1,0,2020,1.2283300626969753,-0.6214268333400247,-0.28243047179308356,0.9364525377264761,-0.009419304776159916,-0.0975724780428103,True,False,False,False,False,False
P100000120258,2.626694698595321,2.677556890714477,1,1,0,2021,1.4856955854622345,-0.5962782199451357,-0.28243047179308356,0.9364525377264761,-0.009419304776159916,-0.0975724780428103,True,False,False,False,False,False
P100000120258,2.626694698595321,2.677556890714477,1,1,0,2022,1.471336606125672,-0.5711296065502467,-0.28243047179308356,0.9364525377264761,-0.009419304776159916,-0.0975724780428103,True,False,False,False,False,False
P100000120258,2.626694698595321,2.677556890714477,1,1,0,2023,1.7574200875640562,-0.5459809931553578,-0.28243047179308356,0.9364525377264761,-0.009419304776159916,-0.0975724780428103,True,False,False,False,False,False
P100000120280,0.9308083889834848,0.49979633578060145,1,1,0,2019,0.25827687850935077,0.08273434171686725,-0.3237206801747966,0.9364525377264761,-0.21461119967635964,-0.4249127834234746,True,False,False,False,False,False
P100000120280,0.9308083889834848,0.49979633578060145,1,1,0,2020,0.25827687850935077,0.10788295511175625,-0.3237206801747966,0.9364525377264761,-0.21461119967635964,-0.4249127834234746,True,False,False,False,False,False
P100000120280,0.9308083889834848,0.49979633578060145,1,1,0,2021,0.25827687850935077,0.13303156850664524,-0.3237206801747966,0.9364525377264761,-0.21461119967635964,-0.4249127834234746,True,False,False,False,False,False
P100000120280,0.9308083889834848,0.49979633578060145,1,1,0,2022,0.25827687850935077,0.15818018190153424,-0.3237206801747966,0.9364525377264761,-0.21461119967635964,-0.4249127834234746,True,False,False,False,False,False
P100000120280,0.9308083889834848,0.49979633578060145,1,1,0,2023,0.25827687850935077,0.18332879529642324,-0.3237206801747966,0.9364525377264761,-0.21461119967635964,-0.4249127834234746,True,False,False,False,False,False
P100000120284,0.3177644441514581,0.39363409528975374,1,1,0,2019,0.19678537157949116,-0.9232101940786926,-0.2599863398069702,0.9364525377264761,-0.21461119967635964,-0.4249127834234746,True,False,False,False,False,False
P100000120284,0.3177644441514581,0.39363409528975374,1,1,0,2020,0.19678537157949116,-0.8980615806838037,-0.2599863398069702,0.9364525377264761,-0.21461119967635964,-0.4249127834234746,True,False,False,False,False,False
P100000120284,0.3177644441514581,0.39363409528975374,1,1,0,2021,0.19678537157949116,-0.8729129672889147,-0.2599863398069702,0.9364525377264761,-0.21461119967635964,-0.4249127834234746,True,False,False,False,False,False
P100000120284,0.3177644441514581,0.39363409528975374,1,1,0,2022,0.19678537157949116,-0.8477643538940257,-0.2599863398069702,0.9364525377264761,-0.21461119967635964,-0.4249127834234746,True,False,False,False,False,False
P100000120284,0.3177644441514581,0.39363409528975374,1,1,0,2023,0.19678537157949116,-0.8226157404991367,-0.2599863398069702,0.9364525377264761,-0.21461119967635964,-0.4249127834234746,True,False,False,False,False,False
P100000120295,-0.6056122339905015,-0.6106033147588055,1,1,0,2019,-0.36880495954007303,-0.9735074208684706,-0.17722273492755572,0.9364525377264761,-0.21461119967635964,-0.4249127834234746,True,False,False,False,False,False
P100000120295,-0.6056122339905015,-0.6106033147588055,1,1,0,2020,-0.36880495954007303,-0.9483588074735817,-0.17722273492755572,0.9364525377264761,-0.21461119967635964,-0.4249127834234746,True,False,False,False,False,False
P100000120295,-0.6056122339905015,-0.6106033147588055,1,1,0,2021,-0.36880495954007303,-0.9232101940786926,-0.17722273492755572,0.9364525377264761,-0.21461119967635964,-0.4249127834234746,True,False,False,False,False,False
P100000120295,-0.6056122339905015,-0.6106033147588055,1,1,0,2022,-0.36880495954007303,-0.8980615806838037,-0.17722273492755572,0.9364525377264761,-0.21461119967635964,-0.4249127834234746,True,False,False,False,False,False
P100000120295,-0.6056122339905015,-0.6106033147588055,1,1,0,2023,-0.36880495954007303,-0.8729129672889147,-0.17722273492755572,0.9364525377264761,-0.21461119967635964,-0.4249127834234746,True,False,False,False,False,False
P100000120300,0.37248306211542603,-0.3543793127092731,1,0,0,2019,0.1892222450587063,-1.0489532610531376,-0.3850125961556768,-0.3490719137044929,-0.21461119967635964,-0.4249127834234746,True,False,False,False,False,False
P100000120300,0.37248306211542603,-0.3543793127092731,1,0,0,2020,0.1892222450587063,-1.0238046476582487,-0.3850125961556768,-0.3490719137044929,-0.21461119967635964,-0.4249127834234746,True,False,False,False,False,False
P100000120300,0.37248306211542603,-0.3543793127092731,1,0,0,2021,0.1892222450587063,-0.9986560342633597,-0.3850125961556768,-0.3490719137044929,-0.21461119967635964,-0.4249127834234746,True,False,False,False,False,False
P100000120300,0.37248306211542603,-0.3543793127092731,1,0,0,2022,0.1892222450587063,-0.9735074208684706,-0.3850125961556768,-0.3490719137044929,-0.21461119967635964,-0.4249127834234746,True,False,False,False,False,False
P100000120300,0.37248306211542603,-0.3543793127092731,1,0,0,2023,0.1892222450587063,-0.9483588074735817,-0.3850125961556768,-0.3490719137044929,-0.21461119967635964,-0.4249127834234746,True,False,False,False,False,False
P100000120305,-0.19815395379452563,0.24988468316565998,1,1,0,2019,0.1833032764772225,-0.7723185137093587,-0.11891602533111056,0.9364525377264761,-0.21461119967635964,-0.4249127834234746,True,False,False,False,False,False
P100000120305,-0.19815395379452563,0.24988468316565998,1,1,0,2020,0.1833032764772225,-0.7471699003144697,-0.11891602533111056,0.9364525377264761,-0.21461119967635964,-0.4249127834234746,True,False,False,False,False,False
P100000120305,-0.19815395379452563,0.24988468316565998,1,1,0,2021,0.1833032764772225,-0.7220212869195807,-0.11891602533111056,0.9364525377264761,-0.21461119967635964,-0.4249127834234746,True,False,False,False,False,False
P100000120305,-0.19815395379452563,0.24988468316565998,1,1,0,2022,0.1833032764772225,-0.6968726735246917,-0.11891602533111056,0.9364525377264761,-0.21461119967635964,-0.4249127834234746,True,False,False,False,False,False
P100000120305,-0.19815395379452563,0.24988468316565998,1,1,0,2023,0.1833032764772225,-0.6717240601298027,-0.11891602533111056,0.9364525377264761,-0.21461119967635964,-0.4249127834234746,True,False,False,False,False,False
P100000120310,-0.11939822865352889,-0.2060391009963859,1,1,0,2019,0.029738924946503605,0.35936908906064624,-0.2829773402774293,0.9364525377264761,-0.016793677409358772,-0.02151288343186281,True,False,False,False,False,False
P100000120310,-0.11939822865352889,-0.2060391009963859,1,1,0,2020,0.029738924946503605,0.38451770245553524,-0.2829773402774293,0.9364525377264761,-0.016793677409358772,-0.02151288343186281,True,False,False,False,False,False
P100000120310,-0.11939822865352889,-0.2060391009963859,1,1,0,2021,0.029738924946503605,0.40966631585042423,-0.2829773402774293,0.9364525377264761,-0.016793677409358772,-0.02151288343186281,True,False,False,False,False,False
P100000120310,-0.11939822865352889,-0.2060391009963859,1,1,0,2022,-0.036027392625538744,0.43481492924531323,-0.2829773402774293,0.9364525377264761,-0.016793677409358772,-0.02151288343186281,True,False,False,False,False,False
P100000120310,-0.11939822865352889,-0.2060391009963859,1,1,0,2023,0.09550524251854596,0.4599635426402022,-0.2829773402774293,0.9364525377264761,-0.016793677409358772,-0.02151288343186281,True,False,False,False,False,False
P100000120316,-0.5829430922625718,0.4797115875796302,1,1,0,2019,0.6956228903634324,-1.0489532610531376,0.7693998740181697,0.9364525377264761,-0.21461119967635964,-0.4249127834234746,True,False,False,False,False,False
P100000120316,-0.5829430922625718,0.4797115875796302,1,1,0,2020,0.6956228903634324,-1.0238046476582487,0.7693998740181697,0.9364525377264761,-0.21461119967635964,-0.4249127834234746,True,False,False,False,False,False
P100000120316,-0.5829430922625718,0.4797115875796302,1,1,0,2021,0.6956228903634324,-0.9986560342633597,0.7693998740181697,0.9364525377264761,-0.21461119967635964,-0.4249127834234746,True,False,False,False,False,False
P100000120316,-0.5829430922625718,0.4797115875796302,1,1,0,2022,0.6956228903634324,-0.9735074208684706,0.7693998740181697,0.9364525377264761,-0.21461119967635964,-0.4249127834234746,True,False,False,False,False,False
P100000120316,-0.5829430922625718,0.4797115875796302,1,1,0,2023,0.6956228903634324,-0.9483588074735817,0.7693998740181697,0.9364525377264761,-0.21461119967635964,-0.4249127834234746,True,False,False,False,False,False
P100000120324,-0.12135246500938489,-0.026997917033442762,1,1,0,2019,0.05111297815741737,-1.2501421682122495,-0.2342209503571365,0.9364525377264761,-0.21461119967635964,-0.4249127834234746,True,False,False,False,False,False
P100000120324,-0.12135246500938489,-0.026997917033442762,1,1,0,2020,0.05111297815741737,-1.2249935548173607,-0.2342209503571365,0.9364525377264761,-0.21461119967635964,-0.4249127834234746,True,False,False,False,False,False
P100000120324,-0.12135246500938489,-0.026997917033442762,1,1,0,2021,0.05111297815741737,-1.1998449414224717,-0.2342209503571365,0.9364525377264761,-0.21461119967635964,-0.4249127834234746,True,False,False,False,False,False
P100000120324,-0.12135246500938489,-0.026997917033442762,1,1,0,2022,0.05111297815741737,-1.1746963280275826,-0.2342209503571365,0.9364525377264761,-0.21461119967635964,-0.4249127834234746,True,False,False,False,False,False
P100000120324,-0.12135246500938489,-0.026997917033442762,1,1,0,2023,0.05111297815741737,-1.1495477146326936,-0.2342209503571365,0.9364525377264761,-0.21461119967635964,-0.4249127834234746,True,False,False,False,False,False
P100000120332,-0.07640502882469691,0.780982810594198,1,1,0,2019,1.5688351719262248,-1.2501421682122495,-0.04553371714413369,0.9364525377264761,-0.21461119967635964,-0.4249127834234746,True,False,False,False,False,False
P100000120332,-0.07640502882469691,0.780982810594198,1,1,0,2020,1.5688351719262248,-1.2249935548173607,-0.04553371714413369,0.9364525377264761,-0.21461119967635964,-0.4249127834234746,True,False,False,False,False,False
P100000120332,-0.07640502882469691,0.780982810594198,1,1,0,2021,1.5688351719262248,-1.1998449414224717,-0.04553371714413369,0.9364525377264761,-0.21461119967635964,-0.4249127834234746,True,False,False,False,False,False
P100000120332,-0.07640502882469691,0.780982810594198,1,1,0,2022,1.5688351719262248,-1.1746963280275826,-0.04553371714413369,0.9364525377264761,-0.21461119967635964,-0.4249127834234746,True,False,False,False,False,False
P100000120332,-0.07640502882469691,0.780982810594198,1,1,0,2023,1.5688351719262248,-1.1495477146326936,-0.04553371714413369,0.9364525377264761,-0.21461119967635964,-0.4249127834234746,True,False,False,False,False,False
P100000120335,-0.7740674078652885,-0.3236783404592171,1,1,0,2019,-0.20981488680966065,-1.1998449414224717,15.812468482479385,0.9364525377264761,-0.21461119967635964,-0.4249127834234746,True,False,False,False,False,False
P100000120335,-0.7740674078652885,-0.3236783404592171,1,1,0,2020,-0.20981488680966065,-1.1746963280275826,15.812468482479385,0.9364525377264761,-0.21461119967635964,-0.4249127834234746,True,False,False,False,False,False
P100000120335,-0.7740674078652885,-0.3236783404592171,1,1,0,2021,-0.20981488680966065,-1.1495477146326936,15.812468482479385,0.9364525377264761,-0.21461119967635964,-0.4249127834234746,True,False,False,False,False,False
P100000120335,-0.7740674078652885,-0.3236783404592171,1,1,0,2022,-0.20981488680966065,-1.1243991012378047,15.812468482479385,0.9364525377264761,-0.21461119967635964,-0.4249127834234746,True,False,False,False,False,False
P100000120335,-0.7740674078652885,-0.3236783404592171,1,1,0,2023,-0.20981488680966065,-1.0992504878429157,15.812468482479385,0.9364525377264761,-0.21461119967635964,-0.4249127834234746,True,False,False,False,False,False
P100000120399,-0.7449492861630341,-0.5532183198988878,1,0,0,2019,0.9764450663960532,-0.7471699003144697,1.258446642002283,-0.3490719137044929,-0.21461119967635964,-0.4249127834234746,True,False,False,False,False,False
P100000120399,-0.7449492861630341,-0.5532183198988878,1,0,0,2020,0.9764450663960532,-0.7220212869195807,1.258446642002283,-0.3490719137044929,-0.21461119967635964,-0.4249127834234746,True,False,False,False,False,False
P100000120399,-0.7449492861630341,-0.5532183198988878,1,0,0,2021,0.9764450663960532,-0.6968726735246917,1.258446642002283,-0.3490719137044929,-0.21461119967635964,-0.4249127834234746,True,False,False,False,False,False
P100000120399,-0.7449492861630341,-0.5532183198988878,1,0,0,2022,0.9764450663960532,-0.6717240601298027,1.258446642002283,-0.3490719137044929,-0.21461119967635964,-0.4249127834234746,True,False,False,False,False,False
P100000120399,-0.7449492861630341,-0.5532183198988878,1,0,0,2023,0.9764450663960532,-0.6465754467349137,1.258446642002283,-0.3490719137044929,-0.21461119967635964,-0.4249127834234746,True,False,False,False,False,False
P100000120401,-0.2774959498422792,-0.3810633353191348,0,0,0,2019,-0.5284526954462058,-1.2752907816071386,-0.2863699551518531,-1.634596365135462,-0.21461119967635964,-0.4249127834234746,True,False,False,False,False,False
P100000120401,-0.2774959498422792,-0.3810633353191348,0,0,0,2020,-0.5284526954462058,-1.2501421682122495,-0.2863699551518531,-1.634596365135462,-0.21461119967635964,-0.4249127834234746,True,False,False,False,False,False
P100000120401,-0.2774959498422792,-0.3810633353191348,0,0,0,2021,-0.5284526954462058,-1.2249935548173607,-0.2863699551518531,-1.634596365135462,-0.21461119967635964,-0.4249127834234746,True,False,False,False,False,False
P100000120401,-0.2774959498422792,-0.3810633353191348,0,0,0,2022,-0.5284526954462058,-1.1998449414224717,-0.2863699551518531,-1.634596365135462,-0.21461119967635964,-0.4249127834234746,True,False,False,False,False,False
P100000120401,-0.2774959498422792,-0.3810633353191348,0,0,0,2023,-0.5284526954462058,-1.1746963280275826,-0.2863699551518531,-1.634596365135462,-0.21461119967635964,-0.4249127834234746,True,False,False,False,False,False
P100000120419,0.39222084930957163,-0.46714082760901127,1,1,0,2019,-0.11691996323915083,3.352054083052437,-0.4034823291018881,0.9364525377264761,-0.2605416159865181,-0.31542884518950326,False,False,False,True,False,False
P100000120419,0.39222084930957163,-0.46714082760901127,1,1,0,2020,-0.1049176102822531,3.377202696447326,-0.4034823291018881,0.9364525377264761,-0.2605416159865181,-0.31542884518950326,False,False,False,True,False,False
P100000120419,0.39222084930957163,-0.46714082760901127,1,1,0,2021,-0.13467686898360226,3.402351309842215,-0.4034823291018881,0.9364525377264761,-0.2605416159865181,-0.31542884518950326,False,False,False,True,False,False
P100000120419,0.39222084930957163,-0.46714082760901127,1,1,0,2022,-0.12810023722639802,3.427499923237104,-0.4034823291018881,0.9364525377264761,-0.2605416159865181,-0.31542884518950326,False,False,False,True,False,False
P100000120419,0.39222084930957163,-0.46714082760901127,1,1,0,2023,-0.13221063207465067,3.452648536631993,-0.4034823291018881,0.9364525377264761,-0.2605416159865181,-0.31542884518950326,False,False,False,True,False,False
P100000120425,-0.25267714812290804,-0.5532183198988878,1,1,1,2019,-0.2004431865556446,0.5605579962197582,-0.35283009542001886,2.221976989157445,-0.26454505484694263,-0.18938164234502133,False,False,False,True,False,False
P100000120425,-0.25267714812290804,-0.5532183198988878,1,1,1,2020,-0.2168847659486552,0.5857066096146472,-0.35283009542001886,2.221976989157445,-0.26454505484694263,-0.18938164234502133,False,False,False,True,False,False
P100000120425,-0.25267714812290804,-0.5532183198988878,1,1,1,2021,-0.2168847659486552,0.6108552230095362,-0.35283009542001886,2.221976989157445,-0.26454505484694263,-0.18938164234502133,False,False,False,True,False,False
P100000120425,-0.25267714812290804,-0.5532183198988878,1,1,1,2022,-0.24976792473467638,0.6360038364044251,-0.35283009542001886,2.221976989157445,-0.26454505484694263,-0.18938164234502133,False,False,False,True,False,False
P100000120425,-0.25267714812290804,-0.5532183198988878,1,1,1,2023,-0.2168847659486552,0.6611524497993142,-0.35283009542001886,2.221976989157445,-0.26454505484694263,-0.18938164234502133,False,False,False,True,False,False
P100000120426,-0.17450769388866805,-0.3236783404592171,1,1,1,2019,-0.019585813232528154,0.38451770245553524,-0.3005439187161539,2.221976989157445,-0.2721233304514312,-0.10924617833567081,False,False,False,True,False,False
P100000120426,-0.17450769388866805,-0.3236783404592171,1,1,1,2020,-0.06891055141155991,0.40966631585042423,-0.3005439187161539,2.221976989157445,-0.2721233304514312,-0.10924617833567081,False,False,False,True,False,False
P100000120426,-0.17450769388866805,-0.3236783404592171,1,1,1,2021,0.013297345553493019,0.43481492924531323,-0.3005439187161539,2.221976989157445,-0.2721233304514312,-0.10924617833567081,False,False,False,True,False,False
P100000120426,-0.17450769388866805,-0.3236783404592171,1,1,1,2022,-0.019585813232528154,0.4599635426402022,-0.3005439187161539,2.221976989157445,-0.2721233304514312,-0.10924617833567081,False,False,False,True,False,False
P100000120426,-0.17450769388866805,-0.3236783404592171,1,1,1,2023,-0.05246897201854933,0.4851121560350912,-0.3005439187161539,2.221976989157445,-0.2721233304514312,-0.10924617833567081,False,False,False,True,False,False
P100000120427,-0.6767464373436598,-0.5819108173288466,1,1,0,2019,-0.37834107558801916,0.08273434171686725,0.07204794020795145,0.9364525377264761,-0.5356308630043876,-0.15652211076617534,False,False,False,True,False,False
P100000120427,-0.6767464373436598,-0.5819108173288466,1,1,0,2020,-0.38130055987876105,0.10788295511175625,0.07204794020795145,0.9364525377264761,-0.5356308630043876,-0.15652211076617534,False,False,False,True,False,False
P100000120427,-0.6767464373436598,-0.5819108173288466,1,1,0,2021,-0.38130055987876105,0.13303156850664524,0.07204794020795145,0.9364525377264761,-0.5356308630043876,-0.15652211076617534,False,False,False,True,False,False
P100000120427,-0.6767464373436598,-0.5819108173288466,1,1,0,2022,-0.41418371866478226,0.15818018190153424,0.07204794020795145,0.9364525377264761,-0.5356308630043876,-0.15652211076617534,False,False,False,True,False,False
P100000120427,-0.6767464373436598,-0.5819108173288466,1,1,0,2023,-0.41418371866478226,0.18332879529642324,0.07204794020795145,0.9364525377264761,-0.5356308630043876,-0.15652211076617534,False,False,False,True,False,False
P100000120436,-0.719153366265735,-0.4958333250389701,1,1,0,2019,-0.38031406511518046,-0.4956837663655797,0.696556573355612,0.9364525377264761,-0.22791353042161458,-0.3310550392971614,False,False,False,True,False,False
P100000120436,-0.719153366265735,-0.4958333250389701,1,1,0,2020,-0.3821226388484116,-0.4705351529706907,0.696556573355612,0.9364525377264761,-0.22791353042161458,-0.3310550392971614,False,False,False,True,False,False
P100000120436,-0.719153366265735,-0.4958333250389701,1,1,0,2021,-0.3791631545576697,-0.4453865395758017,0.696556573355612,0.9364525377264761,-0.22791353042161458,-0.3310550392971614,False,False,False,True,False,False
P100000120436,-0.719153366265735,-0.4958333250389701,1,1,0,2022,-0.38689069687238464,-0.4202379261809127,0.696556573355612,0.9364525377264761,-0.22791353042161458,-0.3310550392971614,False,False,False,True,False,False
P100000120436,-0.719153366265735,-0.4958333250389701,1,1,0,2023,-0.3821226388484116,-0.3950893127860237,0.696556573355612,0.9364525377264761,-0.22791353042161458,-0.3310550392971614,False,False,False,True,False,False
P100000120446,-0.389473693032828,0.020631628700288902,1,1,0,2019,-0.1133028157726885,-0.3447920859962457,-0.05181110668205324,0.9364525377264761,-0.21461119967635964,-0.4249127834234746,False,False,False,False,False,False
P100000120446,-0.389473693032828,0.020631628700288902,1,1,0,2020,-0.1133028157726885,-0.3196434726013567,-0.05181110668205324,0.9364525377264761,-0.21461119967635964,-0.4249127834234746,False,False,False,False,False,False
P100000120446,-0.389473693032828,0.020631628700288902,1,1,0,2021,-0.1133028157726885,-0.29449485920646773,-0.05181110668205324,0.9364525377264761,-0.21461119967635964,-0.4249127834234746,False,False,False,False,False,False
P100000120446,-0.389473693032828,0.020631628700288902,1,1,0,2022,-0.1133028157726885,-0.26934624581157873,-0.05181110668205324,0.9364525377264761,-0.21461119967635964,-0.4249127834234746,False,False,False,False,False,False
P100000120446,-0.389473693032828,0.020631628700288902,1,1,0,2023,-0.1133028157726885,-0.24419763241668974,-0.05181110668205324,0.9364525377264761,-0.21461119967635964,-0.4249127834234746,False,False,False,False,False,False
P100000120447,-0.389473693032828,0.22147911071000073,1,1,0,2019,-0.23020244525699377,-0.6465754467349137,0.03936291394531131,0.9364525377264761,-0.21461119967635964,-0.4249127834234746,False,False,False,False,False,False
P100000120447,-0.389473693032828,0.22147911071000073,1,1,0,2020,-0.23020244525699377,-0.6214268333400247,0.03936291394531131,0.9364525377264761,-0.21461119967635964,-0.4249127834234746,False,False,False,False,False,False
P100000120447,-0.389473693032828,0.22147911071000073,1,1,0,2021,-0.23020244525699377,-0.5962782199451357,0.03936291394531131,0.9364525377264761,-0.21461119967635964,-0.4249127834234746,False,False,False,False,False,False
P100000120447,-0.389473693032828,0.22147911071000073,1,1,0,2022,-0.23020244525699377,-0.5711296065502467,0.03936291394531131,0.9364525377264761,-0.21461119967635964,-0.4249127834234746,False,False,False,False,False,False
P100000120447,-0.389473693032828,0.22147911071000073,1,1,0,2023,-0.23020244525699377,-0.5459809931553578,0.03936291394531131,0.9364525377264761,-0.21461119967635964,-0.4249127834234746,False,False,False,False,False,False
P100000120448,-0.389473693032828,-0.6106033147588055,1,1,0,2019,-0.3992218814171426,-0.5459809931553578,-0.3383580286537705,0.9364525377264761,-0.21461119967635964,-0.4249127834234746,False,False,False,False,False,False
P100000120448,-0.389473693032828,-0.6106033147588055,1,1,0,2020,-0.3992218814171426,-0.5208323797604687,-0.3383580286537705,0.9364525377264761,-0.21461119967635964,-0.4249127834234746,False,False,False,False,False,False
P100000120448,-0.389473693032828,-0.6106033147588055,1,1,0,2021,-0.3992218814171426,-0.4956837663655797,-0.3383580286537705,0.9364525377264761,-0.21461119967635964,-0.4249127834234746,False,False,False,False,False,False
P100000120448,-0.389473693032828,-0.6106033147588055,1,1,0,2022,-0.3992218814171426,-0.4705351529706907,-0.3383580286537705,0.9364525377264761,-0.21461119967635964,-0.4249127834234746,False,False,False,False,False,False
P100000120448,-0.389473693032828,-0.6106033147588055,1,1,0,2023,-0.3992218814171426,-0.4453865395758017,-0.3383580286537705,0.9364525377264761,-0.21461119967635964,-0.4249127834234746,False,False,False,False,False,False
P100000120452,-0.12076619410262808,-0.5532183198988878,0,0,1,2019,-0.37587483867906757,0.03243711492708925,-0.37598540224601623,-0.3490719137044929,-0.36252384341733856,0.4132719076425074,False,False,False,True,False,False
P100000120452,-0.12076619410262808,-0.5532183198988878,0,0,1,2020,-0.41960943986447574,0.057585728321978245,-0.37598540224601623,-0.3490719137044929,-0.36252384341733856,0.4132719076425074,False,False,False,True,False,False
P100000120452,-0.12076619410262808,-0.5532183198988878,0,0,1,2021,-0.3683117121582827,0.08273434171686725,-0.37598540224601623,-0.3490719137044929,-0.36252384341733856,0.4132719076425074,False,False,False,True,False,False
P100000120452,-0.12076619410262808,-0.5532183198988878,0,0,1,2022,-0.39774213927177166,0.10788295511175625,-0.37598540224601623,-0.3490719137044929,-0.36252384341733856,0.4132719076425074,False,False,False,True,False,False
P100000120452,-0.12076619410262808,-0.5532183198988878,0,0,1,2023,-0.4123751449315511,0.13303156850664524,-0.37598540224601623,-0.3490719137044929,-0.36252384341733856,0.4132719076425074,False,False,False,True,False,False
P100000120453,-0.7314650553076277,-0.3236783404592171,1,1,0,2019,-0.4799500362368246,1.76769143917443,1.6153709847897562,0.9364525377264761,1.7765783336691108,2.5240158554957675,False,False,False,True,False,False
P100000120453,-0.7314650553076277,-0.3236783404592171,1,1,0,2020,-0.4963916156298352,1.792840052569319,1.6153709847897562,0.9364525377264761,1.7765783336691108,2.5240158554957675,False,False,False,True,False,False
P100000120453,-0.7314650553076277,-0.3236783404592171,1,1,0,2021,-0.4306252980577928,1.8179886659642082,1.6153709847897562,0.9364525377264761,1.7765783336691108,2.5240158554957675,False,False,False,True,False,False
P100000120453,-0.7314650553076277,-0.3236783404592171,1,1,0,2022,-0.4963916156298352,1.8431372793590972,1.6153709847897562,0.9364525377264761,1.7765783336691108,2.5240158554957675,False,False,False,True,False,False
P100000120453,-0.7314650553076277,-0.3236783404592171,1,1,0,2023,-0.4799500362368246,1.868285892753986,1.6153709847897562,0.9364525377264761,1.7765783336691108,2.5240158554957675,False,False,False,True,False,False
P100000120454,-0.4391112964715703,-0.5532183198988878,1,1,0,2019,-0.4099089080225995,0.057585728321978245,-0.2895707520294075,0.9364525377264761,-0.49308052281265685,0.04770264926687395,False,False,False,True,False,False
P100000120454,-0.4391112964715703,-0.5532183198988878,1,1,0,2020,-0.41763645033731445,0.08273434171686725,-0.2895707520294075,0.9364525377264761,-0.49308052281265685,0.04770264926687395,False,False,False,True,False,False
P100000120454,-0.4391112964715703,-0.5532183198988878,1,1,0,2021,-0.39708447609605124,0.10788295511175625,-0.2895707520294075,0.9364525377264761,-0.49308052281265685,0.04770264926687395,False,False,False,True,False,False
P100000120454,-0.4391112964715703,-0.5532183198988878,1,1,0,2022,-0.43440686131818523,0.13303156850664524,-0.2895707520294075,0.9364525377264761,-0.49308052281265685,0.04770264926687395,False,False,False,True,False,False
P100000120454,-0.4391112964715703,-0.5532183198988878,1,1,0,2023,-0.4388460877542981,0.15818018190153424,-0.2895707520294075,0.9364525377264761,-0.49308052281265685,0.04770264926687395,False,False,False,True,False,False
P100000120456,-0.6142108739562678,-0.18021585330942294,1,1,0,2019,-0.1946886337680909,0.38451770245553524,0.29756161101608336,0.9364525377264761,-0.45344919456723454,0.17060478938800577,False,False,False,True,False,False
P100000120456,-0.6142108739562678,-0.18021585330942294,1,1,0,2020,-0.24582194568035384,0.40966631585042423,0.29756161101608336,0.9364525377264761,-0.45344919456723454,0.17060478938800577,False,False,False,True,False,False
P100000120456,-0.6142108739562678,-0.18021585330942294,1,1,0,2021,-0.1810421228718921,0.43481492924531323,0.29756161101608336,0.9364525377264761,-0.45344919456723454,0.17060478938800577,False,False,False,True,False,False
P100000120456,-0.6142108739562678,-0.18021585330942294,1,1,0,2022,-0.2920227837747136,0.4599635426402022,0.29756161101608336,0.9364525377264761,-0.45344919456723454,0.17060478938800577,False,False,False,True,False,False
P100000120456,-0.6142108739562678,-0.18021585330942294,1,1,0,2023,-0.27706094652707397,0.4851121560350912,0.29756161101608336,0.9364525377264761,-0.45344919456723454,0.17060478938800577,False,False,False,True,False,False
P100000120457,-0.7107501499355542,-0.524525822468929,1,1,0,2019,-0.2813357571692567,0.4599635426402022,0.4826471972202508,0.9364525377264761,-0.21461119967635964,-0.4249127834234746,False,False,False,True,False,False
P100000120457,-0.7107501499355542,-0.524525822468929,1,1,0,2020,-0.2813357571692567,0.4851121560350912,0.4826471972202508,0.9364525377264761,-0.21461119967635964,-0.4249127834234746,False,False,False,True,False,False
P100000120457,-0.7107501499355542,-0.524525822468929,1,1,0,2021,-0.2813357571692567,0.5102607694299802,0.4826471972202508,0.9364525377264761,-0.21461119967635964,-0.4249127834234746,False,False,False,True,False,False
P100000120457,-0.7107501499355542,-0.524525822468929,1,1,0,2022,-0.2813357571692567,0.5354093828248692,0.4826471972202508,0.9364525377264761,-0.21461119967635964,-0.4249127834234746,False,False,False,True,False,False
P100000120457,-0.7107501499355542,-0.524525822468929,1,1,0,2023,-0.2813357571692567,0.5605579962197582,0.4826471972202508,0.9364525377264761,-0.21461119967635964,-0.4249127834234746,False,False,False,True,False,False
P100000120458,-0.6826091464112278,-0.4814870763239907,1,1,0,2019,-0.3648589804857505,-0.4956837663655797,0.28683525564815804,0.9364525377264761,-0.17304428012503992,-0.0532394013975407,False,False,False,True,False,False
P100000120458,-0.6826091464112278,-0.4814870763239907,1,1,0,2020,-0.38130055987876105,-0.4705351529706907,0.28683525564815804,0.9364525377264761,-0.17304428012503992,-0.0532394013975407,False,False,False,True,False,False
P100000120458,-0.6826091464112278,-0.4814870763239907,1,1,0,2021,-0.3484174010927399,-0.4453865395758017,0.28683525564815804,0.9364525377264761,-0.17304428012503992,-0.0532394013975407,False,False,False,True,False,False
P100000120458,-0.6826091464112278,-0.4814870763239907,1,1,0,2022,-0.3648589804857505,-0.4202379261809127,0.28683525564815804,0.9364525377264761,-0.17304428012503992,-0.0532394013975407,False,False,False,True,False,False
P100000120458,-0.6826091464112278,-0.4814870763239907,1,1,0,2023,-0.3648589804857505,-0.3950893127860237,0.28683525564815804,0.9364525377264761,-0.17304428012503992,-0.0532394013975407,False,False,False,True,False,False
P100000120459,-0.15398821215218006,0.30755660299987725,0,0,1,2019,0.007871624353799525,0.5605579962197582,-0.12723744155363279,-0.3490719137044929,-0.3634647730179135,0.41152292919934036,False,False,False,True,False,False
P100000120459,-0.15398821215218006,0.30755660299987725,0,0,1,2020,-0.14569272717691936,0.5857066096146472,-0.12723744155363279,-0.3490719137044929,-0.3634647730179135,0.41152292919934036,False,False,False,True,False,False
P100000120459,-0.15398821215218006,0.30755660299987725,0,0,1,2021,0.03319165661903583,0.6108552230095362,-0.12723744155363279,-0.3490719137044929,-0.3634647730179135,0.41152292919934036,False,False,False,True,False,False
P100000120459,-0.15398821215218006,0.30755660299987725,0,0,1,2022,-0.06891055141155991,0.6360038364044251,-0.12723744155363279,-0.3490719137044929,-0.3634647730179135,0.41152292919934036,False,False,False,True,False,False
P100000120459,-0.15398821215218006,0.30755660299987725,0,0,1,2023,-0.12004386332382284,0.6611524497993142,-0.12723744155363279,-0.3490719137044929,-0.3634647730179135,0.41152292919934036,False,False,False,True,False,False
P100000120462,-0.6532956010733878,-0.6823345583337025,1,1,0,2019,-0.42881672432456164,1.8431372793590972,-0.16803293517407847,0.9364525377264761,-0.4553604657896226,0.16988907134561737,False,False,False,True,False,False
P100000120462,-0.6532956010733878,-0.6823345583337025,1,1,0,2020,-0.4442718089539916,1.868285892753986,-0.16803293517407847,0.9364525377264761,-0.4553604657896226,0.16988907134561737,False,False,False,True,False,False
P100000120462,-0.6532956010733878,-0.6823345583337025,1,1,0,2021,-0.4248707452702391,1.893434506148875,-0.16803293517407847,0.9364525377264761,-0.4553604657896226,0.16988907134561737,False,False,False,True,False,False
P100000120462,-0.6532956010733878,-0.6823345583337025,1,1,0,2022,-0.4580827356441205,1.9185831195437641,-0.16803293517407847,0.9364525377264761,-0.4553604657896226,0.16988907134561737,False,False,False,True,False,False
P100000120462,-0.6532956010733878,-0.6823345583337025,1,1,0,2023,-0.45364350920800767,1.9437317329386532,-0.16803293517407847,0.9364525377264761,-0.4553604657896226,0.16988907134561737,False,False,False,True,False,False
P100000120463,-0.3320191441706616,-0.696680807048682,1,1,0,2019,-0.39576914974461036,0.4851121560350912,-0.3891175095610217,0.9364525377264761,-0.21461119967635964,-0.4249127834234746,False,False,False,True,False,False
P100000120463,-0.3320191441706616,-0.696680807048682,1,1,0,2020,-0.39576914974461036,0.5102607694299802,-0.3891175095610217,0.9364525377264761,-0.21461119967635964,-0.4249127834234746,False,False,False,True,False,False
P100000120463,-0.3320191441706616,-0.696680807048682,1,1,0,2021,-0.39576914974461036,0.5354093828248692,-0.3891175095610217,0.9364525377264761,-0.21461119967635964,-0.4249127834234746,False,False,False,True,False,False
P100000120463,-0.3320191441706616,-0.696680807048682,1,1,0,2022,-0.39576914974461036,0.5605579962197582,-0.3891175095610217,0.9364525377264761,-0.21461119967635964,-0.4249127834234746,False,False,False,True,False,False
P100000120463,-0.3320191441706616,-0.696680807048682,1,1,0,2023,-0.39576914974461036,0.5857066096146472,-0.3891175095610217,0.9364525377264761,-0.21461119967635964,-0.4249127834234746,False,False,False,True,False,False
P100000120464,-0.3320191441706616,-0.7540658019085996,1,1,0,2019,-0.4404902456935992,0.35936908906064624,-0.41182868670073136,0.9364525377264761,-0.10054799677854512,-0.18010673414626868,False,False,False,True,False,False
P100000120464,-0.3320191441706616,-0.7540658019085996,1,1,0,2020,-0.4404902456935992,0.38451770245553524,-0.41182868670073136,0.9364525377264761,-0.10054799677854512,-0.18010673414626868,False,False,False,True,False,False
P100000120464,-0.3320191441706616,-0.7540658019085996,1,1,0,2021,-0.4404902456935992,0.40966631585042423,-0.41182868670073136,0.9364525377264761,-0.10054799677854512,-0.18010673414626868,False,False,False,True,False,False
P100000120464,-0.3320191441706616,-0.7540658019085996,1,1,0,2022,-0.4470668774508034,0.43481492924531323,-0.41182868670073136,0.9364525377264761,-0.10054799677854512,-0.18010673414626868,False,False,False,True,False,False
P100000120464,-0.3320191441706616,-0.7540658019085996,1,1,0,2023,-0.43391361393639494,0.4599635426402022,-0.41182868670073136,0.9364525377264761,-0.10054799677854512,-0.18010673414626868,False,False,False,True,False,False
P100000120465,-0.7289245480450149,-0.6852038080766985,1,1,0,2019,-0.3882060232238255,0.13303156850664524,0.26435127663413116,0.9364525377264761,-0.21461119967635964,-0.4249127834234746,False,False,False,True,False,False
P100000120465,-0.7289245480450149,-0.6852038080766985,1,1,0,2020,-0.3882060232238255,0.15818018190153424,0.26435127663413116,0.9364525377264761,-0.21461119967635964,-0.4249127834234746,False,False,False,True,False,False
P100000120465,-0.7289245480450149,-0.6852038080766985,1,1,0,2021,-0.3882060232238255,0.18332879529642324,0.26435127663413116,0.9364525377264761,-0.21461119967635964,-0.4249127834234746,False,False,False,True,False,False
P100000120465,-0.7289245480450149,-0.6852038080766985,1,1,0,2022,-0.3882060232238255,0.20847740869131223,0.26435127663413116,0.9364525377264761,-0.21461119967635964,-0.4249127834234746,False,False,False,True,False,False
P100000120465,-0.7289245480450149,-0.6852038080766985,1,1,0,2023,-0.3882060232238255,0.23362602208620123,0.26435127663413116,0.9364525377264761,-0.21461119967635964,-0.4249127834234746,False,False,False,True,False,False
P100000120467,-0.7158311644607798,-0.6106033147588055,1,1,0,2019,-0.3954403181567502,0.03243711492708925,0.32077883042717686,0.9364525377264761,-0.4543839477353007,0.17143541827941286,False,False,False,True,False,False
P100000120467,-0.7158311644607798,-0.6106033147588055,1,1,0,2020,-0.4159922923980134,0.057585728321978245,0.32077883042717686,0.9364525377264761,-0.4543839477353007,0.17143541827941286,False,False,False,True,False,False
P100000120467,-0.7158311644607798,-0.6106033147588055,1,1,0,2021,-0.3900145969570567,0.08273434171686725,0.32077883042717686,0.9364525377264761,-0.4543839477353007,0.17143541827941286,False,False,False,True,False,False
P100000120467,-0.7158311644607798,-0.6106033147588055,1,1,0,2022,-0.43440686131818523,0.10788295511175625,0.32077883042717686,0.9364525377264761,-0.4543839477353007,0.17143541827941286,False,False,False,True,False,False
P100000120467,-0.7158311644607798,-0.6106033147588055,1,1,0,2023,-0.42848789273670146,0.13303156850664524,0.32077883042717686,0.9364525377264761,-0.4543839477353007,0.17143541827941286,False,False,False,True,False,False
P100000120472,-0.15496533033010806,1.0392152874638276,1,1,1,2019,0.4901031479508,0.23362602208620123,0.08087965548098626,2.221976989157445,-0.7143773712494155,0.07906272599524367,False,False,False,True,False,False
P100000120472,-0.15496533033010806,1.0392152874638276,1,1,1,2020,0.2763626158416624,0.25877463548109025,0.08087965548098626,2.221976989157445,-0.7143773712494155,0.07906272599524367,False,False,False,True,False,False
P100000120472,-0.15496533033010806,1.0392152874638276,1,1,1,2021,0.4407784097717683,0.28392324887597925,0.08087965548098626,2.221976989157445,-0.7143773712494155,0.07906272599524367,False,False,False,True,False,False
P100000120472,-0.15496533033010806,1.0392152874638276,1,1,1,2022,0.3092457746276836,0.30907186227086825,0.08087965548098626,2.221976989157445,-0.7143773712494155,0.07906272599524367,False,False,False,True,False,False
P100000120472,-0.15496533033010806,1.0392152874638276,1,1,1,2023,0.11194682191155654,0.33422047566575724,0.08087965548098626,2.221976989157445,-0.7143773712494155,0.07906272599524367,False,False,False,True,False,False
P100000120473,-0.291761875240028,-0.16586960459444353,1,1,1,2019,0.09550524251854596,-0.04300872525757775,-0.202899483721686,2.221976989157445,-0.7339595302407587,-0.013447438184445692,False,False,False,True,False,False
P100000120473,-0.291761875240028,-0.16586960459444353,1,1,1,2020,-0.036027392625538744,-0.017860111862688748,-0.202899483721686,2.221976989157445,-0.7339595302407587,-0.013447438184445692,False,False,False,True,False,False
P100000120473,-0.291761875240028,-0.16586960459444353,1,1,1,2021,0.029738924946503605,0.00728850153220025,-0.202899483721686,2.221976989157445,-0.7339595302407587,-0.013447438184445692,False,False,False,True,False,False
P100000120473,-0.291761875240028,-0.16586960459444353,1,1,1,2022,-0.019585813232528154,0.03243711492708925,-0.202899483721686,2.221976989157445,-0.7339595302407587,-0.013447438184445692,False,False,False,True,False,False
P100000120473,-0.291761875240028,-0.16586960459444353,1,1,1,2023,-0.13467686898360226,0.057585728321978245,-0.202899483721686,2.221976989157445,-0.7339595302407587,-0.013447438184445692,False,False,False,True,False,False
P100000120474,-0.7285337007738437,-0.5532183198988878,0,0,0,2019,-0.43276270337888423,0.18332879529642324,0.7110033408309916,-1.634596365135462,-0.295320748761296,-0.2737170457685815,False,False,False,True,False,False
P100000120474,-0.7285337007738437,-0.5532183198988878,0,0,0,2020,-0.43276270337888423,0.20847740869131223,0.7110033408309916,-1.634596365135462,-0.295320748761296,-0.2737170457685815,False,False,False,True,False,False
P100000120474,-0.7285337007738437,-0.5532183198988878,0,0,0,2021,-0.42651490320954016,0.23362602208620123,0.7110033408309916,-1.634596365135462,-0.295320748761296,-0.2737170457685815,False,False,False,True,False,False
P100000120474,-0.7285337007738437,-0.5532183198988878,0,0,0,2022,-0.43276270337888423,0.25877463548109025,0.7110033408309916,-1.634596365135462,-0.295320748761296,-0.2737170457685815,False,False,False,True,False,False
P100000120474,-0.7285337007738437,-0.5532183198988878,0,0,0,2023,-0.43901050354822824,0.28392324887597925,0.7110033408309916,-1.634596365135462,-0.295320748761296,-0.2737170457685815,False,False,False,True,False,False
P100000120476,-0.6677569501067222,-0.6622498101327313,1,1,0,2019,-0.3786699071758794,2.446704000836433,-0.09775991866489175,0.9364525377264761,-0.21461119967635964,-0.4249127834234746,False,False,False,True,False,False
P100000120476,-0.6677569501067222,-0.6622498101327313,1,1,0,2020,-0.3786699071758794,2.471852614231322,-0.09775991866489175,0.9364525377264761,-0.21461119967635964,-0.4249127834234746,False,False,False,True,False,False
P100000120476,-0.6677569501067222,-0.6622498101327313,1,1,0,2021,-0.3786699071758794,2.4970012276262112,-0.09775991866489175,0.9364525377264761,-0.21461119967635964,-0.4249127834234746,False,False,False,True,False,False
P100000120476,-0.6677569501067222,-0.6622498101327313,1,1,0,2022,-0.3786699071758794,2.5221498410211,-0.09775991866489175,0.9364525377264761,-0.21461119967635964,-0.4249127834234746,False,False,False,True,False,False
P100000120476,-0.6677569501067222,-0.6622498101327313,1,1,0,2023,-0.3786699071758794,2.547298454415989,-0.09775991866489175,0.9364525377264761,-0.21461119967635964,-0.4249127834234746,False,False,False,True,False,False
P100000120477,-0.7216938735283478,-0.6880730578196943,1,1,0,2019,-0.4717292465403193,-0.06815733865246675,0.16526989481167187,0.9364525377264761,-0.21461119967635964,-0.4249127834234746,False,False,False,True,False,False
P100000120477,-0.7216938735283478,-0.6880730578196943,1,1,0,2020,-0.4717292465403193,-0.04300872525757775,0.16526989481167187,0.9364525377264761,-0.21461119967635964,-0.4249127834234746,False,False,False,True,False,False
P100000120477,-0.7216938735283478,-0.6880730578196943,1,1,0,2021,-0.4717292465403193,-0.017860111862688748,0.16526989481167187,0.9364525377264761,-0.21461119967635964,-0.4249127834234746,False,False,False,True,False,False
P100000120477,-0.7216938735283478,-0.6880730578196943,1,1,0,2022,-0.4717292465403193,0.00728850153220025,0.16526989481167187,0.9364525377264761,-0.21461119967635964,-0.4249127834234746,False,False,False,True,False,False
P100000120477,-0.7216938735283478,-0.6880730578196943,1,1,0,2023,-0.4717292465403193,0.03243711492708925,0.16526989481167187,0.9364525377264761,-0.21461119967635964,-0.4249127834234746,False,False,False,True,False,False
P100000120484,-0.6239820557355478,-0.5532183198988878,1,0,0,2019,-0.3648589804857505,-0.8477643538940257,-0.07786082686130029,-0.3490719137044929,-0.21461119967635964,-0.4249127834234746,False,False,False,True,False,False
P100000120484,-0.6239820557355478,-0.5532183198988878,1,0,0,2020,-0.3648589804857505,-0.8226157404991367,-0.07786082686130029,-0.3490719137044929,-0.21461119967635964,-0.4249127834234746,False,False,False,True,False,False
P100000120484,-0.6239820557355478,-0.5532183198988878,1,0,0,2021,-0.3648589804857505,-0.7974671271042477,-0.07786082686130029,-0.3490719137044929,-0.21461119967635964,-0.4249127834234746,False,False,False,True,False,False
P100000120484,-0.6239820557355478,-0.5532183198988878,1,0,0,2022,-0.3648589804857505,-0.7723185137093587,-0.07786082686130029,-0.3490719137044929,-0.21461119967635964,-0.4249127834234746,False,False,False,True,False,False
P100000120484,-0.6239820557355478,-0.5532183198988878,1,0,0,2023,-0.3648589804857505,-0.7471699003144697,-0.07786082686130029,-0.3490719137044929,-0.21461119967635964,-0.4249127834234746,False,False,False,True,False,False
P100000120494,-0.5692634377715798,-0.7540658019085996,0,0,0,2019,-0.47896354147324394,-0.5459809931553578,-0.34800607316460275,-1.634596365135462,-0.44090699362900576,0.09224148323119741,False,True,False,False,False,False
P100000120494,-0.5692634377715798,-0.7540658019085996,0,0,0,2020,-0.4893217364908406,-0.5208323797604687,-0.34800607316460275,-1.634596365135462,-0.44090699362900576,0.09224148323119741,False,True,False,False,False,False
P100000120494,-0.5692634377715798,-0.7540658019085996,0,0,0,2021,-0.4787991256793138,-0.4956837663655797,-0.34800607316460275,-1.634596365135462,-0.44090699362900576,0.09224148323119741,False,True,False,False,False,False
P100000120494,-0.5692634377715798,-0.7540658019085996,0,0,0,2022,-0.48471809426079765,-0.4705351529706907,-0.34800607316460275,-1.634596365135462,-0.44090699362900576,0.09224148323119741,False,True,False,False,False,False
P100000120494,-0.5692634377715798,-0.7540658019085996,0,0,0,2023,-0.48965056807870083,-0.4453865395758017,-0.34800607316460275,-1.634596365135462,-0.44090699362900576,0.09224148323119741,False,True,False,False,False,False
P100000120499,0.19679721372397174,-0.09413836101954644,0,1,0,2019,-0.25294663008399176,-0.3447920859962457,-0.3227281965462223,-0.3490719137044929,-0.23421008542036245,0.11624122521193492,True,False,False,False,False,False
P100000120499,0.19679721372397174,-0.09413836101954644,0,1,0,2020,-0.25294663008399176,-0.3196434726013567,-0.3227281965462223,-0.3490719137044929,-0.23421008542036245,0.11624122521193492,True,False,False,False,False,False
P100000120499,0.19679721372397174,-0.09413836101954644,0,1,0,2021,-0.2788695202603051,-0.29449485920646773,-0.3227281965462223,-0.3490719137044929,-0.23421008542036245,0.11624122521193492,True,False,False,False,False,False
P100000120499,0.19679721372397174,-0.09413836101954644,0,1,0,2022,-0.20488241299175747,-0.26934624581157873,-0.3227281965462223,-0.3490719137044929,-0.23421008542036245,0.11624122521193492,True,False,False,False,False,False
P100000120499,0.19679721372397174,-0.09413836101954644,0,1,0,2023,-0.2750879569999127,-0.24419763241668974,-0.3227281965462223,-0.3490719137044929,-0.23421008542036245,0.11624122521193492,True,False,False,False,False,False
P100000120501,0.2939227606100149,0.2501716081399596,1,1,0,2019,-0.27936276764209544,-0.11845456544224474,-0.27905072502574135,0.9364525377264761,0.003597498347535203,-0.0786762845389068,True,False,False,False,False,False
P100000120501,0.2939227606100149,0.2501716081399596,1,1,0,2020,-0.2673604146851977,-0.09330595204735574,-0.27905072502574135,0.9364525377264761,0.003597498347535203,-0.0786762845389068,True,False,False,False,False,False
P100000120501,0.2939227606100149,0.2501716081399596,1,1,0,2021,-0.205704491961408,-0.06815733865246675,-0.27905072502574135,0.9364525377264761,0.003597498347535203,-0.0786762845389068,True,False,False,False,False,False
P100000120501,0.2939227606100149,0.2501716081399596,1,1,0,2022,-0.2201730818272573,-0.04300872525757775,-0.27905072502574135,0.9364525377264761,0.003597498347535203,-0.0786762845389068,True,False,False,False,False,False
P100000120501,0.2939227606100149,0.2501716081399596,1,1,0,2023,-0.2431501890289896,-0.017860111862688748,-0.27905072502574135,0.9364525377264761,0.003597498347535203,-0.0786762845389068,True,False,False,False,False,False
P100000120510,-0.5987724067450054,0.5370965824395479,1,0,0,2019,-0.07252769887802224,-0.8226157404991367,0.9334235200327189,-0.3490719137044929,0.06447539743509399,0.06533992492083697,True,False,False,False,False,False
P100000120510,-0.5987724067450054,0.5370965824395479,1,0,0,2020,0.03615114090977774,-0.7974671271042477,0.9334235200327189,-0.3490719137044929,0.06447539743509399,0.06533992492083697,True,False,False,False,False,False
P100000120510,-0.5987724067450054,0.5370965824395479,1,0,0,2021,-0.08206381492596838,-0.7723185137093587,0.9334235200327189,-0.3490719137044929,0.06447539743509399,0.06533992492083697,True,False,False,False,False,False
P100000120510,-0.5987724067450054,0.5370965824395479,1,0,0,2022,-0.07548718316876415,-0.7471699003144697,0.9334235200327189,-0.3490719137044929,0.06447539743509399,0.06533992492083697,True,False,False,False,False,False
P100000120510,-0.5987724067450054,0.5370965824395479,1,0,0,2023,0.0001440820390845498,-0.7220212869195807,0.9334235200327189,-0.3490719137044929,0.06447539743509399,0.06533992492083697,True,False,False,False,False,False
P100000120511,-0.5018422834945478,0.6834283193323379,1,0,1,2019,-0.30829994737379407,-0.8729129672889147,0.5386492173808793,0.9364525377264761,2.824372800247742,2.0029990785009524,True,False,False,False,False,False
P100000120511,-0.5018422834945478,0.6834283193323379,1,0,1,2020,0.1415416648189756,-0.8477643538940257,0.5386492173808793,0.9364525377264761,2.824372800247742,2.0029990785009524,True,False,False,False,False,False
P100000120511,-0.5018422834945478,0.6834283193323379,1,0,1,2021,0.2763626158416624,-0.8226157404991367,0.5386492173808793,0.9364525377264761,2.824372800247742,2.0029990785009524,True,False,False,False,False,False
P100000120511,-0.5018422834945478,0.6834283193323379,1,0,1,2022,0.2845834055381677,-0.7974671271042477,0.5386492173808793,0.9364525377264761,2.824372800247742,2.0029990785009524,True,False,False,False,False,False
P100000120511,-0.5018422834945478,0.6834283193323379,1,0,1,2023,0.3191107222634899,-0.7723185137093587,0.5386492173808793,0.9364525377264761,2.824372800247742,2.0029990785009524,True,False,False,False,False,False
P100000120513,0.5876444848951715,1.8569514642176543,1,1,0,2019,0.6443251626572394,-0.5711296065502467,-0.11135332423461788,0.9364525377264761,-0.06460002729799084,-0.09856926079527227,True,False,False,False,False,False
P100000120513,0.5876444848951715,1.8569514642176543,1,1,0,2020,0.5585001182257241,-0.5459809931553578,-0.11135332423461788,0.9364525377264761,-0.06460002729799084,-0.09856926079527227,True,False,False,False,False,False
P100000120513,0.5876444848951715,1.8569514642176543,1,1,0,2021,0.6890462586062281,-0.5208323797604687,-0.11135332423461788,0.9364525377264761,-0.06460002729799084,-0.09856926079527227,True,False,False,False,False,False
P100000120513,0.5876444848951715,1.8569514642176543,1,1,0,2022,0.5723110449158529,-0.4956837663655797,-0.11135332423461788,0.9364525377264761,-0.06460002729799084,-0.09856926079527227,True,False,False,False,False,False
P100000120513,0.5876444848951715,1.8569514642176543,1,1,0,2023,0.7507021813300179,-0.4705351529706907,-0.11135332423461788,0.9364525377264761,-0.06460002729799084,-0.09856926079527227,True,False,False,False,False,False
P100000120515,-0.3320191441706616,0.8240215567391362,0,0,0,2019,0.15140661245478196,-1.0238046476582487,0.21272868464128525,-1.634596365135462,-0.08610969240528642,-0.19735627898881697,True,False,False,False,False,False
P100000120515,-0.3320191441706616,0.8240215567391362,0,0,0,2020,0.21059629826962006,-0.9986560342633597,0.21272868464128525,-1.634596365135462,-0.08610969240528642,-0.19735627898881697,True,False,False,False,False,False
P100000120515,-0.3320191441706616,0.8240215567391362,0,0,0,2021,0.2007313506338137,-0.9735074208684706,0.21272868464128525,-1.634596365135462,-0.08610969240528642,-0.19735627898881697,True,False,False,False,False,False
P100000120515,-0.3320191441706616,0.8240215567391362,0,0,0,2022,0.2814595054534957,-0.9483588074735817,0.21272868464128525,-1.634596365135462,-0.08610969240528642,-0.19735627898881697,True,False,False,False,False,False
P100000120515,-0.3320191441706616,0.8240215567391362,0,0,0,2023,0.21059629826962006,-0.9232101940786926,0.21272868464128525,-1.634596365135462,-0.08610969240528642,-0.19735627898881697,True,False,False,False,False,False
P100000120516,-0.2620574826310168,0.13540161842012424,1,1,0,2019,0.20813006136066847,-0.4202379261809127,-0.11499051851950304,0.9364525377264761,-0.4488862614217199,0.1246935036338526,True,False,False,False,False,False
P100000120516,-0.2620574826310168,0.13540161842012424,1,1,0,2020,0.2722522209934098,-0.3950893127860237,-0.11499051851950304,0.9364525377264761,-0.4488862614217199,0.1246935036338526,True,False,False,False,False,False
P100000120516,-0.2620574826310168,0.13540161842012424,1,1,0,2021,-0.002486570663797144,-0.3699406993911347,-0.11499051851950304,0.9364525377264761,-0.4488862614217199,0.1246935036338526,True,False,False,False,False,False
P100000120516,-0.2620574826310168,0.13540161842012424,1,1,0,2022,-0.042768440176673084,-0.3447920859962457,-0.11499051851950304,0.9364525377264761,-0.4488862614217199,0.1246935036338526,True,False,False,False,False,False
P100000120516,-0.2620574826310168,0.13540161842012424,1,1,0,2023,0.033027240825105726,-0.3196434726013567,-0.11499051851950304,0.9364525377264761,-0.4488862614217199,0.1246935036338526,True,False,False,False,False,False
P100000120517,-0.5987724067450054,2.0291064487974073,0,0,0,2019,0.20237550857311476,-0.5459809931553578,2.391534875598753,-1.634596365135462,1.3371265648157613,1.103189746983243,True,False,False,False,False,False
P100000120517,-0.5987724067450054,2.0291064487974073,0,0,0,2020,0.14482998069757771,-0.5208323797604687,2.391534875598753,-1.634596365135462,1.3371265648157613,1.103189746983243,True,False,False,False,False,False
P100000120517,-0.5987724067450054,2.0291064487974073,0,0,0,2021,0.9632918028816447,-0.4956837663655797,2.391534875598753,-1.634596365135462,1.3371265648157613,1.103189746983243,True,False,False,False,False,False
P100000120517,-0.5987724067450054,2.0291064487974073,0,0,0,2022,0.9800622138625156,-0.4705351529706907,2.391534875598753,-1.634596365135462,1.3371265648157613,1.103189746983243,True,False,False,False,False,False
P100000120517,-0.5987724067450054,2.0291064487974073,0,0,0,2023,1.0136030358242571,-0.4453865395758017,2.391534875598753,-1.634596365135462,1.3371265648157613,1.103189746983243,True,False,False,False,False,False
P100000120518,-0.5987724067450054,-0.5360028214409125,1,0,0,2019,-0.3568437105316578,-0.6465754467349137,-0.11529503185515905,-0.3490719137044929,0.016411031341337413,0.1329767651975303,True,False,False,False,False,False
P100000120518,-0.5987724067450054,-0.5360028214409125,1,0,0,2020,-0.39445382339316953,-0.6214268333400247,-0.11529503185515905,-0.3490719137044929,0.016411031341337413,0.1329767651975303,True,False,False,False,False,False
P100000120518,-0.5987724067450054,-0.5360028214409125,1,0,0,2021,-0.3497327274441807,-0.5962782199451357,-0.11529503185515905,-0.3490719137044929,0.016411031341337413,0.1329767651975303,True,False,False,False,False,False
P100000120518,-0.5987724067450054,-0.5360028214409125,1,0,0,2022,-0.34447142203841735,-0.5711296065502467,-0.11529503185515905,-0.3490719137044929,0.016411031341337413,0.1329767651975303,True,False,False,False,False,False
P100000120518,-0.5987724067450054,-0.5360028214409125,1,0,0,2023,-0.33871686925086364,-0.5459809931553578,-0.11529503185515905,-0.3490719137044929,0.016411031341337413,0.1329767651975303,True,False,False,False,False,False
P100000120519,-0.5987724067450054,2.5165919801324077,0,0,0,2019,1.189569039277953,-0.5459809931553578,2.8679447204269626,-1.634596365135462,-0.16805450157718987,-0.2738394220122478,True,False,False,False,False,False
P100000120519,-0.5987724067450054,2.5165919801324077,0,0,0,2020,1.0885766378563855,-0.5208323797604687,2.8679447204269626,-1.634596365135462,-0.16805450157718987,-0.2738394220122478,True,False,False,False,False,False
P100000120519,-0.5987724067450054,2.5165919801324077,0,0,0,2021,1.2266859047576744,-0.4956837663655797,2.8679447204269626,-1.634596365135462,-0.16805450157718987,-0.2738394220122478,True,False,False,False,False,False
P100000120519,-0.5987724067450054,2.5165919801324077,0,0,0,2022,1.2020235356681583,-0.4705351529706907,2.8679447204269626,-1.634596365135462,-0.16805450157718987,-0.2738394220122478,True,False,False,False,False,False
P100000120519,-0.5987724067450054,2.5165919801324077,0,0,0,2023,1.2409900788295936,-0.4453865395758017,2.8679447204269626,-1.634596365135462,-0.16805450157718987,-0.2738394220122478,True,False,False,False,False,False
P100000120523,0.3132697005329893,-0.036753366159628764,1,0,0,2019,-0.3648589804857505,-1.2752907816071386,-0.32895480585854553,-0.3490719137044929,-0.21461119967635964,-0.4249127834234746,True,False,False,False,False,False
P100000120523,0.3132697005329893,-0.036753366159628764,1,0,0,2020,-0.3648589804857505,-1.2501421682122495,-0.32895480585854553,-0.3490719137044929,-0.21461119967635964,-0.4249127834234746,True,False,False,False,False,False
P100000120523,0.3132697005329893,-0.036753366159628764,1,0,0,2021,-0.3648589804857505,-1.2249935548173607,-0.32895480585854553,-0.3490719137044929,-0.21461119967635964,-0.4249127834234746,True,False,False,False,False,False
P100000120523,0.3132697005329893,-0.036753366159628764,1,0,0,2022,-0.3648589804857505,-1.1998449414224717,-0.32895480585854553,-0.3490719137044929,-0.21461119967635964,-0.4249127834234746,True,False,False,False,False,False
P100000120523,0.3132697005329893,-0.036753366159628764,1,0,0,2023,-0.3648589804857505,-1.1746963280275826,-0.32895480585854553,-0.3490719137044929,-0.21461119967635964,-0.4249127834234746,True,False,False,False,False,False
P100000120524,0.38147254935236363,-0.18050277828372252,1,0,0,2019,-0.18728992304123615,1.365313624856206,-0.35910578728265774,-0.3490719137044929,0.08471081132965973,-0.10150422889205404,True,False,False,False,False,False
P100000120524,0.38147254935236363,-0.18050277828372252,1,0,0,2020,-0.2251055556451605,1.3904622382510952,-0.35910578728265774,-0.3490719137044929,0.08471081132965973,-0.10150422889205404,True,False,False,False,False,False
P100000120524,0.38147254935236363,-0.18050277828372252,1,0,0,2021,-0.16262755395172027,1.4156108516459842,-0.35910578728265774,-0.3490719137044929,0.08471081132965973,-0.10150422889205404,True,False,False,False,False,False
P100000120524,0.38147254935236363,-0.18050277828372252,1,0,0,2022,-0.13138855310500014,1.440759465040873,-0.35910578728265774,-0.3490719137044929,0.08471081132965973,-0.10150422889205404,True,False,False,False,False,False
P100000120524,0.38147254935236363,-0.18050277828372252,1,0,0,2023,-0.1133028157726885,1.465908078435762,-0.35910578728265774,-0.3490719137044929,0.08471081132965973,-0.10150422889205404,True,False,False,False,False,False
P100000120525,2.4259946248489097,1.110659606064425,1,1,0,2019,0.4144718827429513,0.33422047566575724,-0.3574821146877213,0.9364525377264761,-0.13901721661367028,0.08809559393847659,True,False,False,False,False,False
P100000120525,2.4259946248489097,1.110659606064425,1,1,0,2020,0.16784819184779254,0.35936908906064624,-0.3574821146877213,0.9364525377264761,-0.13901721661367028,0.08809559393847659,True,False,False,False,False,False
P100000120525,2.4259946248489097,1.110659606064425,1,1,0,2021,0.32856463041447104,0.38451770245553524,-0.3574821146877213,0.9364525377264761,-0.13901721661367028,0.08809559393847659,True,False,False,False,False,False
P100000120525,2.4259946248489097,1.110659606064425,1,1,0,2022,0.32815359092964574,0.40966631585042423,-0.3574821146877213,0.9364525377264761,-0.13901721661367028,0.08809559393847659,True,False,False,False,False,False
P100000120525,2.4259946248489097,1.110659606064425,1,1,0,2023,0.40378485613749443,0.43481492924531323,-0.3574821146877213,0.9364525377264761,-0.13901721661367028,0.08809559393847659,True,False,False,False,False,False
P100000120526,1.5252870884348797,0.4372466913832912,1,1,0,2019,0.09764264783963733,0.00728850153220025,-0.3658915098061023,0.9364525377264761,-0.02516832993917736,-0.14917669057827523,True,False,False,False,False,False
P100000120526,1.5252870884348797,0.4372466913832912,1,1,0,2020,0.02645060906790149,0.03243711492708925,-0.3658915098061023,0.9364525377264761,-0.02516832993917736,-0.14917669057827523,True,False,False,False,False,False
P100000120526,1.5252870884348797,0.4372466913832912,1,1,0,2021,0.11285110877817212,0.057585728321978245,-0.3658915098061023,0.9364525377264761,-0.02516832993917736,-0.14917669057827523,True,False,False,False,False,False
P100000120526,1.5252870884348797,0.4372466913832912,1,1,0,2022,0.14811829657617984,0.08273434171686725,-0.3658915098061023,0.9364525377264761,-0.02516832993917736,-0.14917669057827523,True,False,False,False,False,False
P100000120526,1.5252870884348797,0.4372466913832912,1,1,0,2023,0.17919288162896985,0.10788295511175625,-0.3658915098061023,0.9364525377264761,-0.02516832993917736,-0.14917669057827523,True,False,False,False,False,False
P100000120527,0.7547316933208594,-0.266580270573599,1,1,0,2019,-0.16920418570892448,0.33422047566575724,-0.3956806783416489,0.9364525377264761,-0.1447918812460936,-0.3084012523509907,True,False,False,False,False,False
P100000120527,0.7547316933208594,-0.266580270573599,1,1,0,2020,-0.1856457651019351,0.35936908906064624,-0.3956806783416489,0.9364525377264761,-0.1447918812460936,-0.3084012523509907,True,False,False,False,False,False
P100000120527,0.7547316933208594,-0.266580270573599,1,1,0,2021,-0.16262755395172027,0.38451770245553524,-0.3956806783416489,0.9364525377264761,-0.1447918812460936,-0.3084012523509907,True,False,False,False,False,False
P100000120527,0.7547316933208594,-0.266580270573599,1,1,0,2022,-0.1527626063159139,0.40966631585042423,-0.3956806783416489,0.9364525377264761,-0.1447918812460936,-0.3084012523509907,True,False,False,False,False,False
P100000120527,0.7547316933208594,-0.266580270573599,1,1,0,2023,-0.15111844837661284,0.43481492924531323,-0.3956806783416489,0.9364525377264761,-0.1447918812460936,-0.3084012523509907,True,False,False,False,False,False
P100000120528,1.7480700330024637,0.04415947659285514,1,1,0,2019,0.03697321987942826,0.33422047566575724,-0.40252595121619156,0.9364525377264761,0.04884551471632103,-0.27482021774876647,True,False,False,False,False,False
P100000120528,1.7480700330024637,0.04415947659285514,1,1,0,2020,0.04618050433951419,0.35936908906064624,-0.40252595121619156,0.9364525377264761,0.04884551471632103,-0.27482021774876647,True,False,False,False,False,False
P100000120528,1.7480700330024637,0.04415947659285514,1,1,0,2021,0.12657982757133596,0.38451770245553524,-0.40252595121619156,0.9364525377264761,0.04884551471632103,-0.27482021774876647,True,False,False,False,False,False
P100000120528,1.7480700330024637,0.04415947659285514,1,1,0,2022,0.13480061726784126,0.40966631585042423,-0.40252595121619156,0.9364525377264761,0.04884551471632103,-0.27482021774876647,True,False,False,False,False,False
P100000120528,1.7480700330024637,0.04415947659285514,1,1,0,2023,0.15469492833338408,0.43481492924531323,-0.40252595121619156,0.9364525377264761,0.04884551471632103,-0.27482021774876647,True,False,False,False,False,False
P100000120529,5.544369577888328,2.258646428237078,0,0,1,2019,1.1436559288229708,1.5162053052255402,-0.38006784510688446,-0.3490719137044929,-0.1486416576409942,-0.23740630822121397,True,False,False,False,False,False
P100000120529,5.544369577888328,2.258646428237078,0,0,1,2020,1.0063687408913324,1.541353918620429,-0.38006784510688446,-0.3490719137044929,-0.1486416576409942,-0.23740630822121397,True,False,False,False,False,False
P100000120529,5.544369577888328,2.258646428237078,0,0,1,2021,1.1559871133677289,1.566502532015318,-0.38006784510688446,-0.3490719137044929,-0.1486416576409942,-0.23740630822121397,True,False,False,False,False,False
P100000120529,5.544369577888328,2.258646428237078,0,0,1,2022,1.221753430939771,1.5916511454102071,-0.38006784510688446,-0.3490719137044929,-0.1486416576409942,-0.23740630822121397,True,False,False,False,False,False
P100000120529,5.544369577888328,2.258646428237078,0,0,1,2023,1.2135326412432659,1.6167997588050962,-0.38006784510688446,-0.3490719137044929,-0.1486416576409942,-0.23740630822121397,True,False,False,False,False,False
P100000120530,-0.07464621610442651,1.397871505338313,1,0,1,2019,-0.02731335554724313,-1.0992504878429157,0.10851262116718123,0.9364525377264761,-0.32092270762019726,-0.15774974695508254,True,False,False,False,False,False
P100000120530,-0.07464621610442651,1.397871505338313,1,0,1,2020,-0.01859931846894752,-1.0741018744480266,0.10851262116718123,0.9364525377264761,-0.32092270762019726,-0.15774974695508254,True,False,False,False,False,False
P100000120530,-0.07464621610442651,1.397871505338313,1,0,1,2021,0.0034323979176866673,-1.0489532610531376,0.10851262116718123,0.9364525377264761,-0.32092270762019726,-0.15774974695508254,True,False,False,False,False,False
P100000120530,-0.07464621610442651,1.397871505338313,1,0,1,2022,0.02480645112860043,-1.0238046476582487,0.10851262116718123,0.9364525377264761,-0.32092270762019726,-0.15774974695508254,True,False,False,False,False,False
P100000120530,-0.07464621610442651,1.397871505338313,1,0,1,2023,-0.07532276737483404,-0.9986560342633597,0.10851262116718123,0.9364525377264761,-0.32092270762019726,-0.15774974695508254,True,False,False,False,False,False
P100000120531,1.7199290294781373,1.1975978732772004,1,1,0,2019,0.2653467576483453,-0.4202379261809127,-0.31993142496280713,0.9364525377264761,-0.2564727155794964,0.06643695065095159,True,False,False,False,False,False
P100000120531,1.7199290294781373,1.1975978732772004,1,1,0,2020,0.1780419710714591,-0.3950893127860237,-0.31993142496280713,0.9364525377264761,-0.2564727155794964,0.06643695065095159,True,False,False,False,False,False
P100000120531,1.7199290294781373,1.1975978732772004,1,1,0,2021,0.34212893341370476,-0.3699406993911347,-0.31993142496280713,0.9364525377264761,-0.2564727155794964,0.06643695065095159,True,False,False,False,False,False
P100000120531,1.7199290294781373,1.1975978732772004,1,1,0,2022,0.15140661245478196,-0.3447920859962457,-0.31993142496280713,0.9364525377264761,-0.2564727155794964,0.06643695065095159,True,False,False,False,False,False
P100000120531,1.7199290294781373,1.1975978732772004,1,1,0,2023,0.19579887681591054,-0.3196434726013567,-0.31993142496280713,0.9364525377264761,-0.2564727155794964,0.06643695065095159,True,False,False,False,False,False
P100000120534,0.9579722743298833,-0.46714082760901127,1,0,0,2019,-0.3753815912972773,-0.8477643538940257,-0.42467792773002755,-0.3490719137044929,0.35880890789193826,-0.12101000178122394,True,False,False,False,False,False
P100000120534,0.9579722743298833,-0.46714082760901127,1,0,0,2020,-0.3320991335451769,-0.8226157404991367,-0.42467792773002755,-0.3490719137044929,0.35880890789193826,-0.12101000178122394,True,False,False,False,False,False
P100000120534,0.9579722743298833,-0.46714082760901127,1,0,0,2021,-0.33361997963903034,-0.7974671271042477,-0.42467792773002755,-0.3490719137044929,0.35880890789193826,-0.12101000178122394,True,False,False,False,False,False
P100000120534,0.9579722743298833,-0.46714082760901127,1,0,0,2022,-0.3180004792156703,-0.7723185137093587,-0.42467792773002755,-0.3490719137044929,0.35880890789193826,-0.12101000178122394,True,False,False,False,False,False
P100000120534,0.9579722743298833,-0.46714082760901127,1,0,0,2023,-0.3013944840287296,-0.7471699003144697,-0.42467792773002755,-0.3490719137044929,0.35880890789193826,-0.12101000178122394,True,False,False,False,False,False
P100000120535,-0.33338710961976076,-0.5532183198988878,1,0,0,2019,-0.4330915349667444,0.03243711492708925,-0.331922483441145,-0.3490719137044929,0.559142236134085,-0.02834909460192972,True,False,False,False,False,False
P100000120535,-0.33338710961976076,-0.5532183198988878,1,0,0,2020,-0.42273333994914775,0.057585728321978245,-0.331922483441145,-0.3490719137044929,0.559142236134085,-0.02834909460192972,True,False,False,False,False,False
P100000120535,-0.33338710961976076,-0.5532183198988878,1,0,0,2021,-0.41747203454338433,0.08273434171686725,-0.331922483441145,-0.3490719137044929,0.559142236134085,-0.02834909460192972,True,False,False,False,False,False
P100000120535,-0.33338710961976076,-0.5532183198988878,1,0,0,2022,-0.4125395607254812,0.10788295511175625,-0.331922483441145,-0.3490719137044929,0.559142236134085,-0.02834909460192972,True,False,False,False,False,False
P100000120535,-0.33338710961976076,-0.5532183198988878,1,0,0,2023,-0.3679828805704225,0.13303156850664524,-0.331922483441145,-0.3490719137044929,0.559142236134085,-0.02834909460192972,True,False,False,False,False,False
P100000120536,-0.5747352995679766,-0.6249495634737848,1,0,0,2019,-0.5016529210355986,-0.8980615806838037,-0.23336676101117795,-0.3490719137044929,3.246260019131332,1.467650624532143,True,False,False,False,False,False
P100000120536,-0.5747352995679766,-0.6249495634737848,1,0,0,2020,-0.4881708259333299,-0.8729129672889147,-0.23336676101117795,-0.3490719137044929,3.246260019131332,1.467650624532143,True,False,False,False,False,False
P100000120536,-0.5747352995679766,-0.6249495634737848,1,0,0,2021,-0.45857598302591085,-0.8477643538940257,-0.23336676101117795,-0.3490719137044929,3.246260019131332,1.467650624532143,True,False,False,False,False,False
P100000120536,-0.5747352995679766,-0.6249495634737848,1,0,0,2022,-0.4745243150371311,-0.8226157404991367,-0.23336676101117795,-0.3490719137044929,3.246260019131332,1.467650624532143,True,False,False,False,False,False
P100000120536,-0.5747352995679766,-0.6249495634737848,1,0,0,2023,-0.3855753705209438,-0.7974671271042477,-0.23336676101117795,-0.3490719137044929,3.246260019131332,1.467650624532143,True,False,False,False,False,False
P100000120540,-0.5067278743841879,-0.5819108173288466,1,0,0,2019,-0.45882260671680597,-0.24419763241668974,-0.2639302567130647,-0.3490719137044929,2.1107589527835553,2.6914092936809464,True,False,False,False,False,False
P100000120540,-0.5067278743841879,-0.5819108173288466,1,0,0,2020,-0.45882260671680597,-0.21904901902180074,-0.2639302567130647,-0.3490719137044929,2.1107589527835553,2.6914092936809464,True,False,False,False,False,False
P100000120540,-0.5067278743841879,-0.5819108173288466,1,0,0,2021,-0.45882260671680597,-0.19390040562691174,-0.2639302567130647,-0.3490719137044929,2.1107589527835553,2.6914092936809464,True,False,False,False,False,False
P100000120540,-0.5067278743841879,-0.5819108173288466,1,0,0,2022,-0.4963916156298352,-0.16875179223202275,-0.2639302567130647,-0.3490719137044929,2.1107589527835553,2.6914092936809464,True,False,False,False,False,False
P100000120540,-0.5067278743841879,-0.5819108173288466,1,0,0,2023,-0.4212535978037768,-0.14360317883713375,-0.2639302567130647,-0.3490719137044929,2.1107589527835553,2.6914092936809464,True,False,False,False,False,False
P100000120543,-0.5663320832377958,-0.26629334559929946,1,1,0,2019,-0.3642013173100301,-0.9735074208684706,0.05476674391431809,0.9364525377264761,-0.03830826305573816,0.5983934114195638,True,False,False,False,False,False
P100000120543,-0.5663320832377958,-0.26629334559929946,1,1,0,2020,-0.42207567677342733,-0.9483588074735817,0.05476674391431809,0.9364525377264761,-0.03830826305573816,0.5983934114195638,True,False,False,False,False,False
P100000120543,-0.5663320832377958,-0.26629334559929946,1,1,0,2021,-0.35581611181959466,-0.9232101940786926,0.05476674391431809,0.9364525377264761,-0.03830826305573816,0.5983934114195638,True,False,False,False,False,False
P100000120543,-0.5663320832377958,-0.26629334559929946,1,1,0,2022,-0.37192885962474503,-0.8980615806838037,0.05476674391431809,0.9364525377264761,-0.03830826305573816,0.5983934114195638,True,False,False,False,False,False
P100000120543,-0.5663320832377958,-0.26629334559929946,1,1,0,2023,-0.3785054913819493,-0.8729129672889147,0.05476674391431809,0.9364525377264761,-0.03830826305573816,0.5983934114195638,True,False,False,False,False,False
P100000120544,-0.5663320832377958,-0.6679883096187231,1,1,0,2019,-0.432433871791024,0.057585728321978245,-0.27828903919934245,0.9364525377264761,-0.0015612963773985373,0.08140562036878199,True,False,False,False,False,False
P100000120544,-0.5663320832377958,-0.6679883096187231,1,1,0,2020,-0.4353933560817659,0.08273434171686725,-0.27828903919934245,0.9364525377264761,-0.0015612963773985373,0.08140562036878199,True,False,False,False,False,False
P100000120544,-0.5663320832377958,-0.6679883096187231,1,1,0,2021,-0.40316786047146513,0.10788295511175625,-0.27828903919934245,0.9364525377264761,-0.0015612963773985373,0.08140562036878199,True,False,False,False,False,False
P100000120544,-0.5663320832377958,-0.6679883096187231,1,1,0,2022,-0.4158278766040833,0.13303156850664524,-0.27828903919934245,0.9364525377264761,-0.0015612963773985373,0.08140562036878199,True,False,False,False,False,False
P100000120544,-0.5663320832377958,-0.6679883096187231,1,1,0,2023,-0.4217057412370846,0.15818018190153424,-0.27828903919934245,0.9364525377264761,-0.0015612963773985373,0.08140562036878199,True,False,False,False,False,False
P100000120547,1.076789844765928,-0.5532183198988878,0,0,0,2019,-0.4300224401467158,-0.5962782199451357,-0.43571210759367984,-1.634596365135462,-0.039720599202311996,-0.13608117213168291,True,False,False,False,False,False
P100000120547,1.076789844765928,-0.5532183198988878,0,0,0,2020,-0.4300224401467158,-0.5711296065502467,-0.43571210759367984,-1.634596365135462,-0.039720599202311996,-0.13608117213168291,True,False,False,False,False,False
P100000120547,1.076789844765928,-0.5532183198988878,0,0,0,2021,-0.43457127711211535,-0.5459809931553578,-0.43571210759367984,-1.634596365135462,-0.039720599202311996,-0.13608117213168291,True,False,False,False,False,False
P100000120547,1.076789844765928,-0.5532183198988878,0,0,0,2022,-0.43720192981499706,-0.5208323797604687,-0.43571210759367984,-1.634596365135462,-0.039720599202311996,-0.13608117213168291,True,False,False,False,False,False
P100000120547,1.076789844765928,-0.5532183198988878,0,0,0,2023,-0.41829411351303486,-0.4956837663655797,-0.43571210759367984,-1.634596365135462,-0.039720599202311996,-0.13608117213168291,True,False,False,False,False,False
P100000120549,-0.6572040737850998,-0.7537788769343,1,0,0,2019,-0.5098737107321039,0.18332879529642324,-0.26144933098170786,-0.3490719137044929,0.6589960373862379,0.3516242156551903,True,False,False,False,False,False
P100000120549,-0.6572040737850998,-0.7537788769343,1,0,0,2020,-0.5146417687560769,0.20847740869131223,-0.26144933098170786,-0.3490719137044929,0.6589960373862379,0.3516242156551903,True,False,False,False,False,False
P100000120549,-0.6572040737850998,-0.7537788769343,1,0,0,2021,-0.5098737107321039,0.23362602208620123,-0.26144933098170786,-0.3490719137044929,0.6589960373862379,0.3516242156551903,True,False,False,False,False,False
P100000120549,-0.6572040737850998,-0.7537788769343,1,0,0,2022,-0.500666426272018,0.25877463548109025,-0.26144933098170786,-0.3490719137044929,0.6589960373862379,0.3516242156551903,True,False,False,False,False,False
P100000120549,-0.6572040737850998,-0.7537788769343,1,0,0,2023,-0.497706941981276,0.28392324887597925,-0.26144933098170786,-0.3490719137044929,0.6589960373862379,0.3516242156551903,True,False,False,False,False,False
P100000120557,-0.10767281051839289,-0.7084447309949651,1,0,0,2019,-0.46723521483956304,-0.7220212869195807,-0.41873223792268494,-0.3490719137044929,0.23329313711553787,0.24170813205927894,True,False,False,False,False,False
P100000120557,-0.10767281051839289,-0.7084447309949651,1,0,0,2020,-0.46723521483956304,-0.6968726735246917,-0.41873223792268494,-0.3490719137044929,0.23329313711553787,0.24170813205927894,True,False,False,False,False,False
P100000120557,-0.10767281051839289,-0.7084447309949651,1,0,0,2021,-0.47551080980071175,-0.6717240601298027,-0.41873223792268494,-0.3490719137044929,0.23329313711553787,0.24170813205927894,True,False,False,False,False,False
P100000120557,-0.10767281051839289,-0.7084447309949651,1,0,0,2022,-0.47583964138857193,-0.6465754467349137,-0.41873223792268494,-0.3490719137044929,0.23329313711553787,0.24170813205927894,True,False,False,False,False,False
P100000120557,-0.10767281051839289,-0.7084447309949651,1,0,0,2023,-0.45035519332940555,-0.6214268333400247,-0.41873223792268494,-0.3490719137044929,0.23329313711553787,0.24170813205927894,True,False,False,False,False,False
P100000120560,-0.3320191441706616,-0.8128854216400152,0,0,0,2019,-0.48669108378795894,-0.9232101940786926,-0.43510764326893386,-1.634596365135462,0.4561753826650697,0.36176107921694445,True,False,False,False,False,False
P100000120560,-0.3320191441706616,-0.8128854216400152,0,0,0,2020,-0.4982001893630663,-0.8980615806838037,-0.43510764326893386,-1.634596365135462,0.4561753826650697,0.36176107921694445,True,False,False,False,False,False
P100000120560,-0.3320191441706616,-0.8128854216400152,0,0,0,2021,-0.49096589443014166,-0.8729129672889147,-0.43510764326893386,-1.634596365135462,0.4561753826650697,0.36176107921694445,True,False,False,False,False,False
P100000120560,-0.3320191441706616,-0.8128854216400152,0,0,0,2022,-0.4723869097160397,-0.8477643538940257,-0.43510764326893386,-1.634596365135462,0.4561753826650697,0.36176107921694445,True,False,False,False,False,False
P100000120560,-0.3320191441706616,-0.8128854216400152,0,0,0,2023,-0.46909859383743757,-0.8226157404991367,-0.43510764326893386,-1.634596365135462,0.4561753826650697,0.36176107921694445,True,False,False,False,False,False
P100000120562,-0.6532956010733878,-0.8711311914228317,0,0,0,2019,-0.5169983951357418,-0.7723185137093587,-0.4317362563732252,-1.634596365135462,-0.14399633276699025,-0.22807101693071014,True,False,False,False,False,False
P100000120562,-0.6532956010733878,-0.8711311914228317,0,0,0,2020,-0.5169983951357418,-0.7471699003144697,-0.4317362563732252,-1.634596365135462,-0.14399633276699025,-0.22807101693071014,True,False,False,False,False,False
P100000120562,-0.6532956010733878,-0.8711311914228317,0,0,0,2021,-0.5167791740771683,-0.7220212869195807,-0.4317362563732252,-1.634596365135462,-0.14399633276699025,-0.22807101693071014,True,False,False,False,False,False
P100000120562,-0.6532956010733878,-0.8711311914228317,0,0,0,2022,-0.5177656688407489,-0.6968726735246917,-0.4317362563732252,-1.634596365135462,-0.14399633276699025,-0.22807101693071014,True,False,False,False,False,False
P100000120562,-0.6532956010733878,-0.8711311914228317,0,0,0,2023,-0.5164503424893081,-0.6717240601298027,-0.4317362563732252,-1.634596365135462,-0.14399633276699025,-0.22807101693071014,True,False,False,False,False,False
P100000120567,-0.5706314032206791,-0.7870621739530523,1,0,0,2019,-0.4627685857711285,-0.7471699003144697,-0.37513838845951075,-0.3490719137044929,-0.032470639904308256,-0.050183657052723034,True,False,False,False,False,False
P100000120567,-0.5706314032206791,-0.7870621739530523,1,0,0,2020,-0.4627685857711285,-0.7220212869195807,-0.37513838845951075,-0.3490719137044929,-0.032470639904308256,-0.050183657052723034,True,False,False,False,False,False
P100000120567,-0.5706314032206791,-0.7870621739530523,1,0,0,2021,-0.4627685857711285,-0.6968726735246917,-0.37513838845951075,-0.3490719137044929,-0.032470639904308256,-0.050183657052723034,True,False,False,False,False,False
P100000120567,-0.5706314032206791,-0.7870621739530523,1,0,0,2022,-0.4700850886010182,-0.6717240601298027,-0.37513838845951075,-0.3490719137044929,-0.032470639904308256,-0.050183657052723034,True,False,False,False,False,False
P100000120567,-0.5706314032206791,-0.7870621739530523,1,0,0,2023,-0.4554520829412388,-0.6465754467349137,-0.37513838845951075,-0.3490719137044929,-0.032470639904308256,-0.050183657052723034,True,False,False,False,False,False
P100000120568,-0.42855842014994794,-0.8016953476423313,0,1,0,2019,-0.4801144520307547,-0.9986560342633597,-0.4202699265507362,-0.3490719137044929,-0.21389517121973067,-0.37767848699000833,True,False,False,False,False,False
P100000120568,-0.42855842014994794,-0.8016953476423313,0,1,0,2020,-0.4801144520307547,-0.9735074208684706,-0.4202699265507362,-0.3490719137044929,-0.21389517121973067,-0.37767848699000833,True,False,False,False,False,False
P100000120568,-0.42855842014994794,-0.8016953476423313,0,1,0,2021,-0.4807721152064751,-0.9483588074735817,-0.4202699265507362,-0.3490719137044929,-0.21389517121973067,-0.37767848699000833,True,False,False,False,False,False
P100000120568,-0.42855842014994794,-0.8016953476423313,0,1,0,2022,-0.4794567888550343,-0.9232101940786926,-0.4202699265507362,-0.3490719137044929,-0.21389517121973067,-0.37767848699000833,True,False,False,False,False,False
P100000120568,-0.42855842014994794,-0.8016953476423313,0,1,0,2023,-0.4801144520307547,-0.8980615806838037,-0.4202699265507362,-0.3490719137044929,-0.21389517121973067,-0.37767848699000833,True,False,False,False,False,False
P100000120575,-0.25443596084317843,-0.7468926775511099,1,0,0,2019,-0.462727481822646,-0.4202379261809127,-0.4177849904043175,-0.3490719137044929,0.1896633710525855,0.6628395881996154,True,False,False,False,False,False
P100000120575,-0.25443596084317843,-0.7468926775511099,1,0,0,2020,-0.4819230257639859,-0.3950893127860237,-0.4177849904043175,-0.3490719137044929,0.1896633710525855,0.6628395881996154,True,False,False,False,False,False
P100000120575,-0.25443596084317843,-0.7468926775511099,1,0,0,2021,-0.4488754511840346,-0.3699406993911347,-0.4177849904043175,-0.3490719137044929,0.1896633710525855,0.6628395881996154,True,False,False,False,False,False
P100000120575,-0.25443596084317843,-0.7468926775511099,1,0,0,2022,-0.46202871469844303,-0.3447920859962457,-0.4177849904043175,-0.3490719137044929,0.1896633710525855,0.6628395881996154,True,False,False,False,False,False
P100000120575,-0.25443596084317843,-0.7468926775511099,1,0,0,2023,-0.4580827356441205,-0.3196434726013567,-0.4177849904043175,-0.3490719137044929,0.1896633710525855,0.6628395881996154,True,False,False,False,False,False
P100000120577,-0.5848973286184278,-0.5388720711839083,0,0,0,2019,-0.3319758216997293,-1.0741018744480266,-0.14298512730941784,-1.634596365135462,-0.21461119967635964,-0.4249127834234746,False,False,False,False,True,False
P100000120577,-0.5848973286184278,-0.5388720711839083,0,0,0,2020,-0.3319758216997293,-1.0489532610531376,-0.14298512730941784,-1.634596365135462,-0.21461119967635964,-0.4249127834234746,False,False,False,False,True,False
P100000120577,-0.5848973286184278,-0.5388720711839083,0,0,0,2021,-0.3319758216997293,-1.0238046476582487,-0.14298512730941784,-1.634596365135462,-0.21461119967635964,-0.4249127834234746,False,False,False,False,True,False
P100000120577,-0.5848973286184278,-0.5388720711839083,0,0,0,2022,-0.3319758216997293,-0.9986560342633597,-0.14298512730941784,-1.634596365135462,-0.21461119967635964,-0.4249127834234746,False,False,False,False,True,False
P100000120577,-0.5848973286184278,-0.5388720711839083,0,0,0,2023,-0.3319758216997293,-0.9735074208684706,-0.14298512730941784,-1.634596365135462,-0.21461119967635964,-0.4249127834234746,False,False,False,False,True,False
P100000120580,1.9556099339943707,0.13540161842012424,1,0,0,2019,-0.13138855310500014,0.03243711492708925,-0.40162163480337043,-0.3490719137044929,-0.21461119967635964,-0.4249127834234746,False,False,False,False,True,False
P100000120580,1.9556099339943707,0.13540161842012424,1,0,0,2020,-0.13138855310500014,0.057585728321978245,-0.40162163480337043,-0.3490719137044929,-0.21461119967635964,-0.4249127834234746,False,False,False,False,True,False
P100000120580,1.9556099339943707,0.13540161842012424,1,0,0,2021,-0.13138855310500014,0.08273434171686725,-0.40162163480337043,-0.3490719137044929,-0.21461119967635964,-0.4249127834234746,False,False,False,False,True,False
P100000120580,1.9556099339943707,0.13540161842012424,1,0,0,2022,-0.13138855310500014,0.10788295511175625,-0.40162163480337043,-0.3490719137044929,-0.21461119967635964,-0.4249127834234746,False,False,False,False,True,False
P100000120580,1.9556099339943707,0.13540161842012424,1,0,0,2023,-0.13138855310500014,0.13303156850664524,-0.40162163480337043,-0.3490719137044929,-0.21461119967635964,-0.4249127834234746,False,False,False,False,True,False
P100000120583,0.6679635991208531,0.13540161842012424,1,1,0,2019,0.0772550893923042,-0.4202379261809127,-0.34206636150886505,0.9364525377264761,-0.21461119967635964,-0.4249127834234746,False,False,False,False,True,False
P100000120583,0.6679635991208531,0.13540161842012424,1,1,0,2020,0.0772550893923042,-0.3950893127860237,-0.34206636150886505,0.9364525377264761,-0.21461119967635964,-0.4249127834234746,False,False,False,False,True,False
P100000120583,0.6679635991208531,0.13540161842012424,1,1,0,2021,0.0772550893923042,-0.3699406993911347,-0.34206636150886505,0.9364525377264761,-0.21461119967635964,-0.4249127834234746,False,False,False,False,True,False
P100000120583,0.6679635991208531,0.13540161842012424,1,1,0,2022,0.0772550893923042,-0.3447920859962457,-0.34206636150886505,0.9364525377264761,-0.21461119967635964,-0.4249127834234746,False,False,False,False,True,False
P100000120583,0.6679635991208531,0.13540161842012424,1,1,0,2023,0.0772550893923042,-0.3196434726013567,-0.34206636150886505,0.9364525377264761,-0.21461119967635964,-0.4249127834234746,False,False,False,False,True,False
P100000120584,1.5827416372970462,1.9717214539374897,0,0,0,2019,0.9711837609902898,-0.4705351529706907,-0.2531772532743935,-1.634596365135462,-0.21461119967635964,-0.4249127834234746,False,False,False,False,True,False
P100000120584,1.5827416372970462,1.9717214539374897,0,0,0,2020,0.9711837609902898,-0.4453865395758017,-0.2531772532743935,-1.634596365135462,-0.21461119967635964,-0.4249127834234746,False,False,False,False,True,False
P100000120584,1.5827416372970462,1.9717214539374897,0,0,0,2021,0.9711837609902898,-0.4202379261809127,-0.2531772532743935,-1.634596365135462,-0.21461119967635964,-0.4249127834234746,False,False,False,False,True,False
P100000120584,1.5827416372970462,1.9717214539374897,0,0,0,2022,0.9711837609902898,-0.3950893127860237,-0.2531772532743935,-1.634596365135462,-0.21461119967635964,-0.4249127834234746,False,False,False,False,True,False
P100000120584,1.5827416372970462,1.9717214539374897,0,0,0,2023,0.9711837609902898,-0.3699406993911347,-0.2531772532743935,-1.634596365135462,-0.21461119967635964,-0.4249127834234746,False,False,False,False,True,False
P100000120597,-0.5164990561634679,-0.6106033147588055,1,1,0,2019,-0.3900145969570567,-0.9735074208684706,-0.27564573933336106,0.9364525377264761,-0.21461119967635964,-0.4249127834234746,False,False,False,False,True,False
P100000120597,-0.5164990561634679,-0.6106033147588055,1,1,0,2020,-0.3900145969570567,-0.9483588074735817,-0.27564573933336106,0.9364525377264761,-0.21461119967635964,-0.4249127834234746,False,False,False,False,True,False
P100000120597,-0.5164990561634679,-0.6106033147588055,1,1,0,2021,-0.3900145969570567,-0.9232101940786926,-0.27564573933336106,0.9364525377264761,-0.21461119967635964,-0.4249127834234746,False,False,False,False,True,False
P100000120597,-0.5164990561634679,-0.6106033147588055,1,1,0,2022,-0.3900145969570567,-0.8980615806838037,-0.27564573933336106,0.9364525377264761,-0.21461119967635964,-0.4249127834234746,False,False,False,False,True,False
P100000120597,-0.5164990561634679,-0.6106033147588055,1,1,0,2023,-0.3900145969570567,-0.8729129672889147,-0.27564573933336106,0.9364525377264761,-0.21461119967635964,-0.4249127834234746,False,False,False,False,True,False
P100000120620,1.369339027237571,1.3404865104783954,1,1,0,2019,0.17771313948359888,0.18332879529642324,-0.2838904319153449,0.9364525377264761,-0.5957474699044625,0.06112111503050554,False,False,False,True,False,False
P100000120620,1.369339027237571,1.3404865104783954,1,1,0,2020,0.029738924946503605,0.20847740869131223,-0.2838904319153449,0.9364525377264761,-0.5957474699044625,0.06112111503050554,False,False,False,True,False,False
P100000120620,1.369339027237571,1.3404865104783954,1,1,0,2021,0.14482998069757771,0.23362602208620123,-0.2838904319153449,0.9364525377264761,-0.5957474699044625,0.06112111503050554,False,False,False,True,False,False
P100000120620,1.369339027237571,1.3404865104783954,1,1,0,2022,0.09550524251854596,0.25877463548109025,-0.2838904319153449,0.9364525377264761,-0.5957474699044625,0.06112111503050554,False,False,False,True,False,False
P100000120620,1.369339027237571,1.3404865104783954,1,1,0,2023,-0.036027392625538744,0.28392324887597925,-0.2838904319153449,0.9364525377264761,-0.5957474699044625,0.06112111503050554,False,False,False,True,False,False
P100000120626,-0.6980476136224902,-0.5486275203100944,1,0,0,2019,-0.3370727113115626,0.10788295511175625,0.28380334047290123,-0.3490719137044929,-0.21461119967635964,-0.4249127834234746,False,False,False,True,False,False
P100000120626,-0.6980476136224902,-0.5486275203100944,1,0,0,2020,-0.3370727113115626,0.13303156850664524,0.28380334047290123,-0.3490719137044929,-0.21461119967635964,-0.4249127834234746,False,False,False,True,False,False
P100000120626,-0.6980476136224902,-0.5486275203100944,1,0,0,2021,-0.3370727113115626,0.15818018190153424,0.28380334047290123,-0.3490719137044929,-0.21461119967635964,-0.4249127834234746,False,False,False,True,False,False
P100000120626,-0.6980476136224902,-0.5486275203100944,1,0,0,2022,-0.3370727113115626,0.18332879529642324,0.28380334047290123,-0.3490719137044929,-0.21461119967635964,-0.4249127834234746,False,False,False,True,False,False
P100000120626,-0.6980476136224902,-0.5486275203100944,1,0,0,2023,-0.3370727113115626,0.20847740869131223,0.28380334047290123,-0.3490719137044929,-0.21461119967635964,-0.4249127834234746,False,False,False,True,False,False
P100000120631,-0.6865176191229397,-0.7110270557636614,1,1,0,2019,-0.42676152690043534,0.9880844239328712,-0.11585000212270218,0.9364525377264761,-0.17301804960979308,-0.07739401385280865,False,False,False,True,False,False
P100000120631,-0.6865176191229397,-0.7110270557636614,1,1,0,2020,-0.42676152690043534,1.0132330373277603,-0.11585000212270218,0.9364525377264761,-0.17301804960979308,-0.07739401385280865,False,False,False,True,False,False
P100000120631,-0.6865176191229397,-0.7110270557636614,1,1,0,2021,-0.4161567081919435,1.038381650722649,-0.11585000212270218,0.9364525377264761,-0.17301804960979308,-0.07739401385280865,False,False,False,True,False,False
P100000120631,-0.6865176191229397,-0.7110270557636614,1,1,0,2022,-0.4373663456089272,1.0635302641175381,-0.11585000212270218,0.9364525377264761,-0.17301804960979308,-0.07739401385280865,False,False,False,True,False,False
P100000120631,-0.6865176191229397,-0.7110270557636614,1,1,0,2023,-0.42676152690043534,1.0886788775124272,-0.11585000212270218,0.9364525377264761,-0.17301804960979308,-0.07739401385280865,False,False,False,True,False,False
P100000120632,-0.7510074188661877,-0.7253733044786408,1,1,0,2019,-0.4598913093773517,0.00728850153220025,0.5733821776198752,0.9364525377264761,-0.21461119967635964,-0.4249127834234746,False,False,False,True,False,False
P100000120632,-0.7510074188661877,-0.7253733044786408,1,1,0,2020,-0.4598913093773517,0.03243711492708925,0.5733821776198752,0.9364525377264761,-0.21461119967635964,-0.4249127834234746,False,False,False,True,False,False
P100000120632,-0.7510074188661877,-0.7253733044786408,1,1,0,2021,-0.4598913093773517,0.057585728321978245,0.5733821776198752,0.9364525377264761,-0.21461119967635964,-0.4249127834234746,False,False,False,True,False,False
P100000120632,-0.7510074188661877,-0.7253733044786408,1,1,0,2022,-0.4598913093773517,0.08273434171686725,0.5733821776198752,0.9364525377264761,-0.21461119967635964,-0.4249127834234746,False,False,False,True,False,False
P100000120632,-0.7510074188661877,-0.7253733044786408,1,1,0,2023,-0.4598913093773517,0.10788295511175625,0.5733821776198752,0.9364525377264761,-0.21461119967635964,-0.4249127834234746,False,False,False,True,False,False
P100000120634,-0.7578472461116837,-0.7253733044786408,0,0,0,2019,-0.44903986697796466,-0.16875179223202275,0.8905092058889694,-1.634596365135462,-0.02712294547756324,0.08179444775337757,False,False,False,True,False,False
P100000120634,-0.7578472461116837,-0.7253733044786408,0,0,0,2020,-0.4511772722990561,-0.14360317883713375,0.8905092058889694,-1.634596365135462,-0.02712294547756324,0.08179444775337757,False,False,False,True,False,False
P100000120634,-0.7578472461116837,-0.7253733044786408,0,0,0,2021,-0.42585724003381975,-0.11845456544224474,0.8905092058889694,-1.634596365135462,-0.02712294547756324,0.08179444775337757,False,False,False,True,False,False
P100000120634,-0.7578472461116837,-0.7253733044786408,0,0,0,2022,-0.44202479310361353,-0.09330595204735574,0.8905092058889694,-1.634596365135462,-0.02712294547756324,0.08179444775337757,False,False,False,True,False,False
P100000120634,-0.7578472461116837,-0.7253733044786408,0,0,0,2023,-0.44202479310361353,-0.06815733865246675,0.8905092058889694,-1.634596365135462,-0.02712294547756324,0.08179444775337757,False,False,False,True,False,False
P100000120635,-0.7531570788576294,-0.7425888029366161,1,1,0,2019,-0.45709624088053985,0.13303156850664524,0.5433968882049146,0.9364525377264761,-0.02703185477011535,0.07911492271475237,False,False,False,True,False,False
P100000120635,-0.7531570788576294,-0.7425888029366161,1,1,0,2020,-0.45890481461377103,0.15818018190153424,0.5433968882049146,0.9364525377264761,-0.02703185477011535,0.07911492271475237,False,False,False,True,False,False
P100000120635,-0.7531570788576294,-0.7425888029366161,1,1,0,2021,-0.4362154350514164,0.18332879529642324,0.5433968882049146,0.9364525377264761,-0.02703185477011535,0.07911492271475237,False,False,False,True,False,False
P100000120635,-0.7531570788576294,-0.7425888029366161,1,1,0,2022,-0.45073883018190913,0.20847740869131223,0.5433968882049146,0.9364525377264761,-0.02703185477011535,0.07911492271475237,False,False,False,True,False,False
P100000120635,-0.7531570788576294,-0.7425888029366161,1,1,0,2023,-0.45073883018190913,0.23362602208620123,0.5433968882049146,0.9364525377264761,-0.02703185477011535,0.07911492271475237,False,False,False,True,False,False
P100000120636,-0.6628713592170822,-0.7253733044786408,0,0,0,2019,-0.44903986697796466,-0.4705351529706907,-0.20854286736118344,-1.634596365135462,-0.02712294547756324,0.08179444775337757,False,False,False,True,False,False
P100000120636,-0.6628713592170822,-0.7253733044786408,0,0,0,2020,-0.4511772722990561,-0.4453865395758017,-0.20854286736118344,-1.634596365135462,-0.02712294547756324,0.08179444775337757,False,False,False,True,False,False
P100000120636,-0.6628713592170822,-0.7253733044786408,0,0,0,2021,-0.42585724003381975,-0.4202379261809127,-0.20854286736118344,-1.634596365135462,-0.02712294547756324,0.08179444775337757,False,False,False,True,False,False
P100000120636,-0.6628713592170822,-0.7253733044786408,0,0,0,2022,-0.44202479310361353,-0.3950893127860237,-0.20854286736118344,-1.634596365135462,-0.02712294547756324,0.08179444775337757,False,False,False,True,False,False
P100000120636,-0.6628713592170822,-0.7253733044786408,0,0,0,2023,-0.44202479310361353,-0.3699406993911347,-0.20854286736118344,-1.634596365135462,-0.02712294547756324,0.08179444775337757,False,False,False,True,False,False
P100000120640,-0.7385003061887093,-0.6249495634737848,1,1,0,2019,-0.4010304551503738,-0.7974671271042477,0.6878061821455398,0.9364525377264761,-0.21461119967635964,-0.4249127834234746,False,False,False,True,False,False
P100000120640,-0.7385003061887093,-0.6249495634737848,1,1,0,2020,-0.4010304551503738,-0.7723185137093587,0.6878061821455398,0.9364525377264761,-0.21461119967635964,-0.4249127834234746,False,False,False,True,False,False
P100000120640,-0.7385003061887093,-0.6249495634737848,1,1,0,2021,-0.4010304551503738,-0.7471699003144697,0.6878061821455398,0.9364525377264761,-0.21461119967635964,-0.4249127834234746,False,False,False,True,False,False
P100000120640,-0.7385003061887093,-0.6249495634737848,1,1,0,2022,-0.4010304551503738,-0.7220212869195807,0.6878061821455398,0.9364525377264761,-0.21461119967635964,-0.4249127834234746,False,False,False,True,False,False
P100000120640,-0.7385003061887093,-0.6249495634737848,1,1,0,2023,-0.4010304551503738,-0.6968726735246917,0.6878061821455398,0.9364525377264761,-0.21461119967635964,-0.4249127834234746,False,False,False,True,False,False
P100000120644,-0.5917371558639238,-0.46857545248050925,1,0,0,2019,-0.42092476621591657,0.7365982899839812,-0.06503842573680046,-0.3490719137044929,0.35624947571123666,0.06040460990304344,True,False,False,False,False,False
P100000120644,-0.5917371558639238,-0.46857545248050925,1,0,0,2020,-0.3900145969570567,0.7617469033788702,-0.06503842573680046,-0.3490719137044929,0.35624947571123666,0.06040460990304344,True,False,False,False,False,False
P100000120644,-0.5917371558639238,-0.46857545248050925,1,0,0,2021,-0.3574602697588957,0.7868955167737592,-0.06503842573680046,-0.3490719137044929,0.35624947571123666,0.06040460990304344,True,False,False,False,False,False
P100000120644,-0.5917371558639238,-0.46857545248050925,1,0,0,2022,-0.382780302024132,0.8120441301686482,-0.06503842573680046,-0.3490719137044929,0.35624947571123666,0.06040460990304344,True,False,False,False,False,False
P100000120644,-0.5917371558639238,-0.46857545248050925,1,0,0,2023,-0.3742306807397665,0.8371927435635372,-0.06503842573680046,-0.3490719137044929,0.35624947571123666,0.06040460990304344,True,False,False,False,False,False
P100000120645,-0.022468105403071335,-0.46714082760901127,1,0,0,2019,-0.3684761279522128,0.25877463548109025,-0.3678470104967036,-0.3490719137044929,0.14331488807695963,0.012883179289889045,True,False,False,False,False,False
P100000120645,-0.022468105403071335,-0.46714082760901127,1,0,0,2020,-0.3229329530335735,0.28392324887597925,-0.3678470104967036,-0.3490719137044929,0.14331488807695963,0.012883179289889045,True,False,False,False,False,False
P100000120645,-0.022468105403071335,-0.46714082760901127,1,0,0,2021,-0.29744850497440706,0.30907186227086825,-0.3678470104967036,-0.3490719137044929,0.14331488807695963,0.012883179289889045,True,False,False,False,False,False
P100000120645,-0.022468105403071335,-0.46714082760901127,1,0,0,2022,-0.32687893208789603,0.33422047566575724,-0.3678470104967036,-0.3490719137044929,0.14331488807695963,0.012883179289889045,True,False,False,False,False,False
P100000120645,-0.022468105403071335,-0.46714082760901127,1,0,0,2023,-0.32893412951202233,0.35936908906064624,-0.3678470104967036,-0.3490719137044929,0.14331488807695963,0.012883179289889045,True,False,False,False,False,False
P100000120646,-0.737718611646367,-0.7253733044786408,1,0,0,2019,-0.4838549113426646,0.13303156850664524,0.2483581460256005,-0.3490719137044929,-0.21320466673629862,-0.13003856676955314,True,False,False,False,False,False
P100000120646,-0.737718611646367,-0.7253733044786408,1,0,0,2020,-0.4881708259333299,0.15818018190153424,0.2483581460256005,-0.3490719137044929,-0.21320466673629862,-0.13003856676955314,True,False,False,False,False,False
P100000120646,-0.737718611646367,-0.7253733044786408,1,0,0,2021,-0.4812653625882654,0.18332879529642324,0.2483581460256005,-0.3490719137044929,-0.21320466673629862,-0.13003856676955314,True,False,False,False,False,False
P100000120646,-0.737718611646367,-0.7253733044786408,1,0,0,2022,-0.4812653625882654,0.20847740869131223,0.2483581460256005,-0.3490719137044929,-0.21320466673629862,-0.13003856676955314,True,False,False,False,False,False
P100000120646,-0.737718611646367,-0.7253733044786408,1,0,0,2023,-0.48471809426079765,0.23362602208620123,0.2483581460256005,-0.3490719137044929,-0.21320466673629862,-0.13003856676955314,True,False,False,False,False,False
P100000120647,0.33945646770145965,0.4266304673342064,1,0,0,2019,0.10915175341474474,0.5354093828248692,-0.25879954643093933,-0.3490719137044929,-0.7438701490579839,-0.0821218635637855,True,False,False,False,False,False
P100000120647,0.33945646770145965,0.4266304673342064,1,0,0,2020,0.048811157042395886,0.5605579962197582,-0.25879954643093933,-0.3490719137044929,-0.7438701490579839,-0.0821218635637855,True,False,False,False,False,False
P100000120647,0.33945646770145965,0.4266304673342064,1,0,0,2021,0.10060213213037923,0.5857066096146472,-0.25879954643093933,-0.3490719137044929,-0.7438701490579839,-0.0821218635637855,True,False,False,False,False,False
P100000120647,0.33945646770145965,0.4266304673342064,1,0,0,2022,-0.0460567560552752,0.6108552230095362,-0.25879954643093933,-0.3490719137044929,-0.7438701490579839,-0.0821218635637855,True,False,False,False,False,False
P100000120647,0.33945646770145965,0.4266304673342064,1,0,0,2023,-0.12382542658421528,0.6360038364044251,-0.25879954643093933,-0.3490719137044929,-0.7438701490579839,-0.0821218635637855,True,False,False,False,False,False
P100000120648,0.33945646770145965,-0.3236783404592171,1,0,0,2019,0.8067679670601839,0.13303156850664524,-0.37768264986676997,-0.3490719137044929,-0.20766343732635856,-0.10087383420734741,True,False,False,False,False,False
P100000120648,0.33945646770145965,-0.3236783404592171,1,0,0,2020,0.5859575558120518,0.15818018190153424,-0.37768264986676997,-0.3490719137044929,-0.20766343732635856,-0.10087383420734741,True,False,False,False,False,False
P100000120648,0.33945646770145965,-0.3236783404592171,1,0,0,2021,0.7574432288811522,0.18332879529642324,-0.37768264986676997,-0.3490719137044929,-0.20766343732635856,-0.10087383420734741,True,False,False,False,False,False
P100000120648,0.33945646770145965,-0.3236783404592171,1,0,0,2022,0.7574432288811522,0.20847740869131223,-0.37768264986676997,-0.3490719137044929,-0.20766343732635856,-0.10087383420734741,True,False,False,False,False,False
P100000120648,0.33945646770145965,-0.3236783404592171,1,0,0,2023,0.778981697885996,0.23362602208620123,-0.37768264986676997,-0.3490719137044929,-0.20766343732635856,-0.10087383420734741,True,False,False,False,False,False
P100000120649,0.33945646770145965,2.8330702267848538,1,0,0,2019,1.207613672661782,0.18332879529642324,0.12249016237070956,-0.3490719137044929,-0.20778111554816683,-0.10064442789617468,True,False,False,False,False,False
P100000120649,0.33945646770145965,2.8330702267848538,1,0,0,2020,0.9203792806658871,0.20847740869131223,0.12249016237070956,-0.3490719137044929,-0.20778111554816683,-0.10064442789617468,True,False,False,False,False,False
P100000120649,0.33945646770145965,2.8330702267848538,1,0,0,2021,1.1434915130290408,0.23362602208620123,0.12249016237070956,-0.3490719137044929,-0.20778111554816683,-0.10064442789617468,True,False,False,False,False,False
P100000120649,0.33945646770145965,2.8330702267848538,1,0,0,2022,1.1434915130290408,0.25877463548109025,0.12249016237070956,-0.3490719137044929,-0.20778111554816683,-0.10064442789617468,True,False,False,False,False,False
P100000120649,0.33945646770145965,2.8330702267848538,1,0,0,2023,1.1712777822032288,0.28392324887597925,0.12249016237070956,-0.3490719137044929,-0.20778111554816683,-0.10064442789617468,True,False,False,False,False,False
P100000120651,0.33945646770145965,-0.6530682109551446,1,0,0,2019,-0.4240486663005886,-0.04300872525757775,-0.4298730142049472,-0.3490719137044929,-0.460744350326008,0.043454776147358855,True,False,False,False,False,False
P100000120651,0.33945646770145965,-0.6530682109551446,1,0,0,2020,-0.4470668774508034,-0.017860111862688748,-0.4298730142049472,-0.3490719137044929,-0.460744350326008,0.043454776147358855,True,False,False,False,False,False
P100000120651,0.33945646770145965,-0.6530682109551446,1,0,0,2021,-0.4306252980577928,0.00728850153220025,-0.4298730142049472,-0.3490719137044929,-0.460744350326008,0.043454776147358855,True,False,False,False,False,False
P100000120651,0.33945646770145965,-0.6530682109551446,1,0,0,2022,-0.4306252980577928,0.03243711492708925,-0.4298730142049472,-0.3490719137044929,-0.460744350326008,0.043454776147358855,True,False,False,False,False,False
P100000120651,0.33945646770145965,-0.6530682109551446,1,0,0,2023,-0.4470668774508034,0.057585728321978245,-0.4298730142049472,-0.3490719137044929,-0.460744350326008,0.043454776147358855,True,False,False,False,False,False
P100000120652,-0.737718611646367,-0.6392958121887643,1,0,0,2019,-0.46116553178031,0.8874899703533152,0.6068405338134034,-0.3490719137044929,-0.21435753288935983,-0.12964283671681565,True,False,False,False,False,False
P100000120652,-0.737718611646367,-0.6392958121887643,1,0,0,2020,-0.46761885169206663,0.9126385837482042,0.6068405338134034,-0.3490719137044929,-0.21435753288935983,-0.12964283671681565,True,False,False,False,False,False
P100000120652,-0.737718611646367,-0.6392958121887643,1,0,0,2021,-0.45726065667446997,0.9377871971430932,0.6068405338134034,-0.3490719137044929,-0.21435753288935983,-0.12964283671681565,True,False,False,False,False,False
P100000120652,-0.737718611646367,-0.6392958121887643,1,0,0,2022,-0.45726065667446997,0.9629358105379822,0.6068405338134034,-0.3490719137044929,-0.21435753288935983,-0.12964283671681565,True,False,False,False,False,False
P100000120652,-0.737718611646367,-0.6392958121887643,1,0,0,2023,-0.4625219620802334,0.9880844239328712,0.6068405338134034,-0.3490719137044929,-0.21435753288935983,-0.12964283671681565,True,False,False,False,False,False
P100000120653,-0.737718611646367,-0.6909423075626902,1,0,0,2019,-0.4748120426765088,0.9880844239328712,0.3917511011407218,-0.3490719137044929,-0.21341851352281319,-0.13229080304417914,True,False,False,False,False,False
P100000120653,-0.737718611646367,-0.6909423075626902,1,0,0,2020,-0.4799500362368246,1.0132330373277603,0.3917511011407218,-0.3490719137044929,-0.21341851352281319,-0.13229080304417914,True,False,False,False,False,False
P100000120653,-0.737718611646367,-0.6909423075626902,1,0,0,2021,-0.4717292465403193,1.038381650722649,0.3917511011407218,-0.3490719137044929,-0.21341851352281319,-0.13229080304417914,True,False,False,False,False,False
P100000120653,-0.737718611646367,-0.6909423075626902,1,0,0,2022,-0.4717292465403193,1.0635302641175381,0.3917511011407218,-0.3490719137044929,-0.21341851352281319,-0.13229080304417914,True,False,False,False,False,False
P100000120653,-0.737718611646367,-0.6909423075626902,1,0,0,2023,-0.47583964138857193,1.0886788775124272,0.3917511011407218,-0.3490719137044929,-0.21341851352281319,-0.13229080304417914,True,False,False,False,False,False
P100000120655,-0.2907847570621,0.40396339436453893,1,0,0,2019,0.4013186192285429,0.057585728321978245,0.003096087947257854,-0.3490719137044929,-0.14540757314292685,-0.21341621415181047,True,False,False,False,False,False
P100000120655,-0.2907847570621,0.40396339436453893,1,0,0,2020,0.5262746226154233,0.08273434171686725,0.003096087947257854,-0.3490719137044929,-0.14540757314292685,-0.21341621415181047,True,False,False,False,False,False
P100000120655,-0.2907847570621,0.40396339436453893,1,0,0,2021,0.46215246298268203,0.10788295511175625,0.003096087947257854,-0.3490719137044929,-0.14540757314292685,-0.21341621415181047,True,False,False,False,False,False
P100000120655,-0.2907847570621,0.40396339436453893,1,0,0,2022,0.4350238569842146,0.13303156850664524,0.003096087947257854,-0.3490719137044929,-0.14540757314292685,-0.21341621415181047,True,False,False,False,False,False
P100000120655,-0.2907847570621,0.40396339436453893,1,0,0,2023,0.4407784097717683,0.15818018190153424,0.003096087947257854,-0.3490719137044929,-0.14540757314292685,-0.21341621415181047,True,False,False,False,False,False
P100000120658,-0.5163036325278823,-0.6909423075626902,1,0,0,2019,-0.4507662328142308,0.8371927435635372,-0.32977762489376683,-0.3490719137044929,-0.38694989621145487,-0.1810383663174267,True,False,False,False,False,False
P100000120658,-0.5163036325278823,-0.6909423075626902,1,0,0,2020,-0.4462447984811529,0.8623413569584262,-0.32977762489376683,-0.3490719137044929,-0.38694989621145487,-0.1810383663174267,True,False,False,False,False,False
P100000120658,-0.5163036325278823,-0.6909423075626902,1,0,0,2021,-0.44229881942683036,0.8874899703533152,-0.32977762489376683,-0.3490719137044929,-0.38694989621145487,-0.1810383663174267,True,False,False,False,False,False
P100000120658,-0.5163036325278823,-0.6909423075626902,1,0,0,2022,-0.4529858460322872,0.9126385837482042,-0.32977762489376683,-0.3490719137044929,-0.38694989621145487,-0.1810383663174267,True,False,False,False,False,False
P100000120658,-0.5163036325278823,-0.6909423075626902,1,0,0,2023,-0.46153546731665274,0.9377871971430932,-0.32977762489376683,-0.3490719137044929,-0.38694989621145487,-0.1810383663174267,True,False,False,False,False,False
P100000120659,-0.0871533287819049,1.9720083789117893,1,0,0,2019,0.7891754771096626,0.18332879529642324,0.26588237950736526,-0.3490719137044929,-0.29985915139901975,0.293608099092546,True,False,False,False,False,False
P100000120659,-0.0871533287819049,1.9720083789117893,1,0,0,2020,0.40838849836753743,0.20847740869131223,0.26588237950736526,-0.3490719137044929,-0.29985915139901975,0.293608099092546,True,False,False,False,False,False
P100000120659,-0.0871533287819049,1.9720083789117893,1,0,0,2021,0.7533328340328995,0.23362602208620123,0.26588237950736526,-0.3490719137044929,-0.29985915139901975,0.293608099092546,True,False,False,False,False,False
P100000120659,-0.0871533287819049,1.9720083789117893,1,0,0,2022,0.52117773300359,0.25877463548109025,0.26588237950736526,-0.3490719137044929,-0.29985915139901975,0.293608099092546,True,False,False,False,False,False
P100000120659,-0.0871533287819049,1.9720083789117893,1,0,0,2023,0.5608019393407455,0.28392324887597925,0.26588237950736526,-0.3490719137044929,-0.29985915139901975,0.293608099092546,True,False,False,False,False,False
P100000120660,-0.5798163140932022,-0.26629334559929946,1,0,0,2019,-0.33822362186907334,1.5916511454102071,0.0899643684455446,-0.3490719137044929,0.2519881912644376,0.8486788047948849,True,False,False,False,False,False
P100000120660,-0.5798163140932022,-0.26629334559929946,1,0,0,2020,-0.3992218814171426,1.6167997588050962,0.0899643684455446,-0.3490719137044929,0.2519881912644376,0.8486788047948849,True,False,False,False,False,False
P100000120660,-0.5798163140932022,-0.26629334559929946,1,0,0,2021,-0.29120070480506305,1.641948372199985,0.0899643684455446,-0.3490719137044929,0.2519881912644376,0.8486788047948849,True,False,False,False,False,False
P100000120660,-0.5798163140932022,-0.26629334559929946,1,0,0,2022,-0.33263348487544975,1.667096985594874,0.0899643684455446,-0.3490719137044929,0.2519881912644376,0.8486788047948849,True,False,False,False,False,False
P100000120660,-0.5798163140932022,-0.26629334559929946,1,0,0,2023,-0.3298384163786379,1.6922455989897631,0.0899643684455446,-0.3490719137044929,0.2519881912644376,0.8486788047948849,True,False,False,False,False,False
P100000120661,-0.15828753213506327,0.8240215567391362,1,0,0,2019,0.43222878848740276,0.28392324887597925,0.022434278635612155,-0.3490719137044929,-0.2411620820238991,-0.044600513962032164,True,False,False,False,False,False
P100000120661,-0.15828753213506327,0.8240215567391362,1,0,0,2020,0.38635678198090323,0.30907186227086825,0.022434278635612155,-0.3490719137044929,-0.2411620820238991,-0.044600513962032164,True,False,False,False,False,False
P100000120661,-0.15828753213506327,0.8240215567391362,1,0,0,2021,0.40082537184675254,0.33422047566575724,0.022434278635612155,-0.3490719137044929,-0.2411620820238991,-0.044600513962032164,True,False,False,False,False,False
P100000120661,-0.15828753213506327,0.8240215567391362,1,0,0,2022,0.23476541997734562,0.35936908906064624,0.022434278635612155,-0.3490719137044929,-0.2411620820238991,-0.044600513962032164,True,False,False,False,False,False
P100000120661,-0.15828753213506327,0.8240215567391362,1,0,0,2023,0.38027339760548934,0.38451770245553524,0.022434278635612155,-0.3490719137044929,-0.2411620820238991,-0.044600513962032164,True,False,False,False,False,False
P100000120662,-0.37325353127922317,1.97143452896319,1,0,0,2019,0.9098566698543603,0.03243711492708925,0.7818549742535996,-0.3490719137044929,-0.22964437180858563,-0.2964295521004856,True,False,False,False,False,False
P100000120662,-0.37325353127922317,1.97143452896319,1,0,0,2020,0.850338152451662,0.057585728321978245,0.7818549742535996,-0.3490719137044929,-0.22964437180858563,-0.2964295521004856,True,False,False,False,False,False
P100000120662,-0.37325353127922317,1.97143452896319,1,0,0,2021,0.9453704813432632,0.08273434171686725,0.7818549742535996,-0.3490719137044929,-0.22964437180858563,-0.2964295521004856,True,False,False,False,False,False
P100000120662,-0.37325353127922317,1.97143452896319,1,0,0,2022,0.8858519639405649,0.10788295511175625,0.7818549742535996,-0.3490719137044929,-0.22964437180858563,-0.2964295521004856,True,False,False,False,False,False
P100000120662,-0.37325353127922317,1.97143452896319,1,0,0,2023,0.8879893692616563,0.13303156850664524,0.7818549742535996,-0.3490719137044929,-0.22964437180858563,-0.2964295521004856,True,False,False,False,False,False
P100000120664,-0.18584226475263285,0.0871982227377934,0,0,0,2019,0.6482711417115619,0.10788295511175625,-0.17471235060465462,-1.634596365135462,-0.06818131601420617,0.5563686882381698,True,False,False,False,False,False
P100000120664,-0.18584226475263285,0.0871982227377934,0,0,0,2020,0.20188226119132446,0.13303156850664524,-0.17471235060465462,-1.634596365135462,-0.06818131601420617,0.5563686882381698,True,False,False,False,False,False
P100000120664,-0.18584226475263285,0.0871982227377934,0,0,0,2021,0.6191695461859331,0.15818018190153424,-0.17471235060465462,-1.634596365135462,-0.06818131601420617,0.5563686882381698,True,False,False,False,False,False
P100000120664,-0.18584226475263285,0.0871982227377934,0,0,0,2022,0.563103760455767,0.18332879529642324,-0.17471235060465462,-1.634596365135462,-0.06818131601420617,0.5563686882381698,True,False,False,False,False,False
P100000120664,-0.18584226475263285,0.0871982227377934,0,0,0,2023,0.5275899489668642,0.20847740869131223,-0.17471235060465462,-1.634596365135462,-0.06818131601420617,0.5563686882381698,True,False,False,False,False,False
P100000120666,-0.16141431030443287,-0.024415592264746468,1,0,0,2019,-0.028628681898683978,0.7617469033788702,-0.2183088761384215,-0.3490719137044929,-0.5170837168268694,-0.27744968703352924,True,False,False,False,False,False
P100000120666,-0.16141431030443287,-0.024415592264746468,1,0,0,2020,-0.08633862556815114,0.7868955167737592,-0.2183088761384215,-0.3490719137044929,-0.5170837168268694,-0.27744968703352924,True,False,False,False,False,False
P100000120666,-0.16141431030443287,-0.024415592264746468,1,0,0,2021,-0.08009082539880712,0.8120441301686482,-0.2183088761384215,-0.3490719137044929,-0.5170837168268694,-0.27744968703352924,True,False,False,False,False,False
P100000120666,-0.16141431030443287,-0.024415592264746468,1,0,0,2022,-0.0940661678828661,0.8371927435635372,-0.2183088761384215,-0.3490719137044929,-0.5170837168268694,-0.27744968703352924,True,False,False,False,False,False
P100000120666,-0.16141431030443287,-0.024415592264746468,1,0,0,2023,-0.1356633637471829,0.8623413569584262,-0.2183088761384215,-0.3490719137044929,-0.5170837168268694,-0.27744968703352924,True,False,False,False,False,False
P100000120668,-0.7300970898585286,-0.7029931564832729,0,0,0,2019,-0.4531502618262173,0.03243711492708925,0.2186194514433594,-1.634596365135462,0.3278098036539013,0.06476414718697718,True,False,False,False,False,False
P100000120668,-0.7300970898585286,-0.7029931564832729,0,0,0,2020,-0.46268637787416345,0.057585728321978245,0.2186194514433594,-1.634596365135462,0.3278098036539013,0.06476414718697718,True,False,False,False,False,False
P100000120668,-0.7300970898585286,-0.7029931564832729,0,0,0,2021,-0.43917491934215835,0.08273434171686725,0.2186194514433594,-1.634596365135462,0.3278098036539013,0.06476414718697718,True,False,False,False,False,False
P100000120668,-0.7300970898585286,-0.7029931564832729,0,0,0,2022,-0.4281590611488412,0.10788295511175625,0.2186194514433594,-1.634596365135462,0.3278098036539013,0.06476414718697718,True,False,False,False,False,False
P100000120668,-0.7300970898585286,-0.7029931564832729,0,0,0,2023,-0.42224009256735745,0.13303156850664524,0.2186194514433594,-1.634596365135462,0.3278098036539013,0.06476414718697718,True,False,False,False,False,False
P100000120669,-0.7300970898585286,-0.6943854072542852,0,0,0,2019,-0.44147674045717983,0.25877463548109025,0.2490276851156322,-1.634596365135462,0.33020951051490216,0.06518334458042183,True,False,False,False,False,False
P100000120669,-0.7300970898585286,-0.6943854072542852,0,0,0,2020,-0.4524925986504969,0.28392324887597925,0.2490276851156322,-1.634596365135462,0.33020951051490216,0.06518334458042183,True,False,False,False,False,False
P100000120669,-0.7300970898585286,-0.6943854072542852,0,0,0,2021,-0.42536399265202945,0.30907186227086825,0.2490276851156322,-1.634596365135462,0.33020951051490216,0.06518334458042183,True,False,False,False,False,False
P100000120669,-0.7300970898585286,-0.6943854072542852,0,0,0,2022,-0.4125395607254812,0.33422047566575724,0.2490276851156322,-1.634596365135462,0.33020951051490216,0.06518334458042183,True,False,False,False,False,False
P100000120669,-0.7300970898585286,-0.6943854072542852,0,0,0,2023,-0.4056340973804167,0.35936908906064624,0.2490276851156322,-1.634596365135462,0.33020951051490216,0.06518334458042183,True,False,False,False,False,False
P100000120670,-0.7300970898585286,-0.1515233558794641,0,0,0,2019,-0.3536787064985033,-0.9483588074735817,2.1667736220469695,-1.634596365135462,0.32859625429589157,0.06290191039064798,True,False,False,False,False,False
P100000120670,-0.7300970898585286,-0.1515233558794641,0,0,0,2020,-0.37554600709120733,-0.9232101940786926,2.1667736220469695,-1.634596365135462,0.32859625429589157,0.06290191039064798,True,False,False,False,False,False
P100000120670,-0.7300970898585286,-0.1515233558794641,0,0,0,2021,-0.3214532108882025,-0.8980615806838037,2.1667736220469695,-1.634596365135462,0.32859625429589157,0.06290191039064798,True,False,False,False,False,False
P100000120670,-0.7300970898585286,-0.1515233558794641,0,0,0,2022,-0.295804347035106,-0.8729129672889147,2.1667736220469695,-1.634596365135462,0.32859625429589157,0.06290191039064798,True,False,False,False,False,False
P100000120670,-0.7300970898585286,-0.1515233558794641,0,0,0,2023,-0.2821578361389072,-0.8477643538940257,2.1667736220469695,-1.634596365135462,0.32859625429589157,0.06290191039064798,True,False,False,False,False,False
P100000120671,-0.7300970898585286,-0.6679883096187231,0,0,0,2019,-0.4473957090386636,-0.5711296065502467,0.3422796017106021,-1.634596365135462,0.3312002363164883,0.06380101104136054,True,False,False,False,False,False
P100000120671,-0.7300970898585286,-0.6679883096187231,0,0,0,2020,-0.4575894882623302,-0.5459809931553578,0.3422796017106021,-1.634596365135462,0.3312002363164883,0.06380101104136054,True,False,False,False,False,False
P100000120671,-0.7300970898585286,-0.6679883096187231,0,0,0,2021,-0.4322694559970939,-0.5208323797604687,0.3422796017106021,-1.634596365135462,0.3312002363164883,0.06380101104136054,True,False,False,False,False,False
P100000120671,-0.7300970898585286,-0.6679883096187231,0,0,0,2022,-0.42043151883412627,-0.4956837663655797,0.3422796017106021,-1.634596365135462,0.3312002363164883,0.06380101104136054,True,False,False,False,False,False
P100000120671,-0.7300970898585286,-0.6679883096187231,0,0,0,2023,-0.41385488707692203,-0.4705351529706907,0.3422796017106021,-1.634596365135462,0.3312002363164883,0.06380101104136054,True,False,False,False,False,False
P100000120673,-0.7146586226472662,-0.696680807048682,1,0,0,2019,-0.4301320506760025,0.28392324887597925,0.07409587418430738,-0.3490719137044929,-0.17195714320978195,-0.24747127210674663,True,False,False,False,False,False
P100000120673,-0.7146586226472662,-0.696680807048682,1,0,0,2020,-0.43391361393639494,0.30907186227086825,0.07409587418430738,-0.3490719137044929,-0.17195714320978195,-0.24747127210674663,True,False,False,False,False,False
P100000120673,-0.7146586226472662,-0.696680807048682,1,0,0,2021,-0.4242130820945187,0.33422047566575724,0.07409587418430738,-0.3490719137044929,-0.17195714320978195,-0.24747127210674663,True,False,False,False,False,False
P100000120673,-0.7146586226472662,-0.696680807048682,1,0,0,2022,-0.421582429391637,0.35936908906064624,0.07409587418430738,-0.3490719137044929,-0.17195714320978195,-0.24747127210674663,True,False,False,False,False,False
P100000120673,-0.7146586226472662,-0.696680807048682,1,0,0,2023,-0.42766581376705093,0.38451770245553524,0.07409587418430738,-0.3490719137044929,-0.17195714320978195,-0.24747127210674663,True,False,False,False,False,False
P100000120674,-0.7332238680278982,-0.7540658019085996,1,0,0,2019,-0.45594533032302914,0.8874899703533152,0.07184399657545132,-0.3490719137044929,-0.21461119967635964,-0.4249127834234746,True,False,False,False,False,False
P100000120674,-0.7332238680278982,-0.7540658019085996,1,0,0,2020,-0.45594533032302914,0.9126385837482042,0.07184399657545132,-0.3490719137044929,-0.21461119967635964,-0.4249127834234746,True,False,False,False,False,False
P100000120674,-0.7332238680278982,-0.7540658019085996,1,0,0,2021,-0.45594533032302914,0.9377871971430932,0.07184399657545132,-0.3490719137044929,-0.21461119967635964,-0.4249127834234746,True,False,False,False,False,False
P100000120674,-0.7332238680278982,-0.7540658019085996,1,0,0,2022,-0.45594533032302914,0.9629358105379822,0.07184399657545132,-0.3490719137044929,-0.21461119967635964,-0.4249127834234746,True,False,False,False,False,False
P100000120674,-0.7332238680278982,-0.7540658019085996,1,0,0,2023,-0.45594533032302914,0.9880844239328712,0.07184399657545132,-0.3490719137044929,-0.21461119967635964,-0.4249127834234746,True,False,False,False,False,False
P100000120675,-0.7332238680278982,-0.7540658019085996,1,0,0,2019,-0.45594533032302914,-0.14360317883713375,0.07184399657545132,-0.3490719137044929,-0.21461119967635964,-0.4249127834234746,True,False,False,False,False,False
P100000120675,-0.7332238680278982,-0.7540658019085996,1,0,0,2020,-0.45594533032302914,-0.11845456544224474,0.07184399657545132,-0.3490719137044929,-0.21461119967635964,-0.4249127834234746,True,False,False,False,False,False
P100000120675,-0.7332238680278982,-0.7540658019085996,1,0,0,2021,-0.45594533032302914,-0.09330595204735574,0.07184399657545132,-0.3490719137044929,-0.21461119967635964,-0.4249127834234746,True,False,False,False,False,False
P100000120675,-0.7332238680278982,-0.7540658019085996,1,0,0,2022,-0.45594533032302914,-0.06815733865246675,0.07184399657545132,-0.3490719137044929,-0.21461119967635964,-0.4249127834234746,True,False,False,False,False,False
P100000120675,-0.7332238680278982,-0.7540658019085996,1,0,0,2023,-0.45594533032302914,-0.04300872525757775,0.07184399657545132,-0.3490719137044929,-0.21461119967635964,-0.4249127834234746,True,False,False,False,False,False
P100000120676,-0.7332238680278982,-0.696680807048682,1,0,0,2019,-0.4245419136823789,-0.29449485920646773,0.288024247025634,-0.3490719137044929,-0.21461119967635964,-0.4249127834234746,True,False,False,False,False,False
P100000120676,-0.7332238680278982,-0.696680807048682,1,0,0,2020,-0.4245419136823789,-0.26934624581157873,0.288024247025634,-0.3490719137044929,-0.21461119967635964,-0.4249127834234746,True,False,False,False,False,False
P100000120676,-0.7332238680278982,-0.696680807048682,1,0,0,2021,-0.4245419136823789,-0.24419763241668974,0.288024247025634,-0.3490719137044929,-0.21461119967635964,-0.4249127834234746,True,False,False,False,False,False
P100000120676,-0.7332238680278982,-0.696680807048682,1,0,0,2022,-0.4245419136823789,-0.21904901902180074,0.288024247025634,-0.3490719137044929,-0.21461119967635964,-0.4249127834234746,True,False,False,False,False,False
P100000120676,-0.7332238680278982,-0.696680807048682,1,0,0,2023,-0.4245419136823789,-0.19390040562691174,0.288024247025634,-0.3490719137044929,-0.21461119967635964,-0.4249127834234746,True,False,False,False,False,False
P100000120677,-0.716222011731951,0.09236287227518598,1,0,0,2019,-0.3319758216997293,0.5605579962197582,2.2713791819866476,-0.3490719137044929,-0.2693130935842703,-0.27804644903002096,True,False,False,False,False,False
P100000120677,-0.716222011731951,0.09236287227518598,1,0,0,2020,-0.35006155903204095,0.5857066096146472,2.2713791819866476,-0.3490719137044929,-0.2693130935842703,-0.27804644903002096,True,False,False,False,False,False
P100000120677,-0.716222011731951,0.09236287227518598,1,0,0,2021,-0.3410186903658851,0.6108552230095362,2.2713791819866476,-0.3490719137044929,-0.2693130935842703,-0.27804644903002096,True,False,False,False,False,False
P100000120677,-0.716222011731951,0.09236287227518598,1,0,0,2022,-0.3410186903658851,0.6360038364044251,2.2713791819866476,-0.3490719137044929,-0.2693130935842703,-0.27804644903002096,True,False,False,False,False,False
P100000120677,-0.716222011731951,0.09236287227518598,1,0,0,2023,-0.3410186903658851,0.6611524497993142,2.2713791819866476,-0.3490719137044929,-0.2693130935842703,-0.27804644903002096,True,False,False,False,False,False
P100000120679,-0.6955071063598773,-0.7253733044786408,1,0,0,2019,-0.44016141410573895,1.0886788775124272,-0.10847224919175186,-0.3490719137044929,-0.33356185360647705,-0.2048523042956861,True,False,False,False,False,False
P100000120679,-0.6955071063598773,-0.7253733044786408,1,0,0,2020,-0.4475601248325937,1.1138274909073163,-0.10847224919175186,-0.3490719137044929,-0.33356185360647705,-0.2048523042956861,True,False,False,False,False,False
P100000120679,-0.6955071063598773,-0.7253733044786408,1,0,0,2021,-0.4408190772814594,1.138976104302205,-0.10847224919175186,-0.3490719137044929,-0.33356185360647705,-0.2048523042956861,True,False,False,False,False,False
P100000120679,-0.6955071063598773,-0.7253733044786408,1,0,0,2022,-0.43917491934215835,1.1641247176970941,-0.10847224919175186,-0.3490719137044929,-0.33356185360647705,-0.2048523042956861,True,False,False,False,False,False
P100000120679,-0.6955071063598773,-0.7253733044786408,1,0,0,2023,-0.4488754511840346,1.1892733310919832,-0.10847224919175186,-0.3490719137044929,-0.33356185360647705,-0.2048523042956861,True,False,False,False,False,False
P100000120680,-0.7494440297815029,-0.6665536847472252,1,0,0,2019,-0.44575155109936254,0.25877463548109025,0.8586101264179596,-0.3490719137044929,-0.27543151505610697,-0.3283051459130626,True,False,False,False,False,False
P100000120680,-0.7494440297815029,-0.6665536847472252,1,0,0,2020,-0.449533114359755,0.28392324887597925,0.8586101264179596,-0.3490719137044929,-0.27543151505610697,-0.3283051459130626,True,False,False,False,False,False
P100000120680,-0.7494440297815029,-0.6665536847472252,1,0,0,2021,-0.4492042827718948,0.30907186227086825,0.8586101264179596,-0.3490719137044929,-0.27543151505610697,-0.3283051459130626,True,False,False,False,False,False
P100000120680,-0.7494440297815029,-0.6665536847472252,1,0,0,2022,-0.4524925986504969,0.33422047566575724,0.8586101264179596,-0.3490719137044929,-0.27543151505610697,-0.3283051459130626,True,False,False,False,False,False
P100000120680,-0.7494440297815029,-0.6665536847472252,1,0,0,2023,-0.44969753015368513,0.35936908906064624,0.8586101264179596,-0.3490719137044929,-0.27543151505610697,-0.3283051459130626,True,False,False,False,False,False
P100000120681,-0.7494440297815029,-0.7325464288361305,1,0,0,2019,-0.4695918412192279,0.00728850153220025,0.47940533899854104,-0.3490719137044929,-0.278981105761675,-0.33362187956231754,True,False,False,False,False,False
P100000120681,-0.7494440297815029,-0.7325464288361305,1,0,0,2020,-0.47222249392210963,0.03243711492708925,0.47940533899854104,-0.3490719137044929,-0.278981105761675,-0.33362187956231754,True,False,False,False,False,False
P100000120681,-0.7494440297815029,-0.7325464288361305,1,0,0,2021,-0.4720580781281795,0.057585728321978245,0.47940533899854104,-0.3490719137044929,-0.278981105761675,-0.33362187956231754,True,False,False,False,False,False
P100000120681,-0.7494440297815029,-0.7325464288361305,1,0,0,2022,-0.474359899243201,0.08273434171686725,0.47940533899854104,-0.3490719137044929,-0.278981105761675,-0.33362187956231754,True,False,False,False,False,False
P100000120681,-0.7494440297815029,-0.7325464288361305,1,0,0,2023,-0.4725513255099698,0.10788295511175625,0.47940533899854104,-0.3490719137044929,-0.278981105761675,-0.33362187956231754,True,False,False,False,False,False
P100000120682,-0.7494440297815029,-0.5345681965694146,1,0,0,2019,-0.3979065550657018,-0.29449485920646773,1.6170197012567968,-0.3490719137044929,-0.2778476215539462,-0.3325277082867451,True,False,False,False,False,False
P100000120682,-0.7494440297815029,-0.5345681965694146,1,0,0,2020,-0.40382552364718555,-0.26934624581157873,1.6170197012567968,-0.3490719137044929,-0.2778476215539462,-0.3325277082867451,True,False,False,False,False,False
P100000120682,-0.7494440297815029,-0.5345681965694146,1,0,0,2021,-0.40349669205932537,-0.24419763241668974,1.6170197012567968,-0.3490719137044929,-0.2778476215539462,-0.3325277082867451,True,False,False,False,False,False
P100000120682,-0.7494440297815029,-0.5345681965694146,1,0,0,2022,-0.40842916587722855,-0.21904901902180074,1.6170197012567968,-0.3490719137044929,-0.2778476215539462,-0.3325277082867451,True,False,False,False,False,False
P100000120682,-0.7494440297815029,-0.5345681965694146,1,0,0,2023,-0.4043187710289759,-0.19390040562691174,1.6170197012567968,-0.3490719137044929,-0.2778476215539462,-0.3325277082867451,True,False,False,False,False,False
P100000120693,-0.6034625739990598,-0.26629334559929946,1,1,0,2019,-0.21343203427612298,0.00728850153220025,0.1646462366858336,0.9364525377264761,-0.21461119967635964,-0.4249127834234746,True,False,False,False,False,False
P100000120693,-0.6034625739990598,-0.26629334559929946,1,1,0,2020,-0.21343203427612298,0.03243711492708925,0.1646462366858336,0.9364525377264761,-0.21461119967635964,-0.4249127834234746,True,False,False,False,False,False
P100000120693,-0.6034625739990598,-0.26629334559929946,1,1,0,2021,-0.21343203427612298,0.057585728321978245,0.1646462366858336,0.9364525377264761,-0.21461119967635964,-0.4249127834234746,True,False,False,False,False,False
P100000120693,-0.6034625739990598,-0.26629334559929946,1,1,0,2022,-0.21343203427612298,0.08273434171686725,0.1646462366858336,0.9364525377264761,-0.21461119967635964,-0.4249127834234746,True,False,False,False,False,False
P100000120693,-0.6034625739990598,-0.26629334559929946,1,1,0,2023,-0.21343203427612298,0.10788295511175625,0.1646462366858336,0.9364525377264761,-0.21461119967635964,-0.4249127834234746,True,False,False,False,False,False
P100000120695,0.7359710243046419,3.7506562945949375,1,1,0,2019,2.0561635851350584,-0.8477643538940257,0.07528493753828128,0.9364525377264761,-0.3244918343487305,-0.3091100199734608,True,False,False,False,False,False
P100000120695,0.7359710243046419,3.7506562945949375,1,1,0,2020,1.858206969243211,-0.8226157404991367,0.07528493753828128,0.9364525377264761,-0.3244918343487305,-0.3091100199734608,True,False,False,False,False,False
P100000120695,0.7359710243046419,3.7506562945949375,1,1,0,2021,1.8018123519251847,-0.7974671271042477,0.07528493753828128,0.9364525377264761,-0.3244918343487305,-0.3091100199734608,True,False,False,False,False,False
P100000120695,0.7359710243046419,3.7506562945949375,1,1,0,2022,1.7544606032733143,-0.7723185137093587,0.07528493753828128,0.9364525377264761,-0.3244918343487305,-0.3091100199734608,True,False,False,False,False,False
P100000120695,0.7359710243046419,3.7506562945949375,1,1,0,2023,1.8406144792926897,-0.7471699003144697,0.07528493753828128,0.9364525377264761,-0.3244918343487305,-0.3091100199734608,True,False,False,False,False,False
P100000120696,-0.3417903259499416,0.45015831522677263,1,1,0,2019,0.21832384058433504,0.4851121560350912,0.07664976831952768,0.9364525377264761,-0.7486694359255959,0.01607346487295398,True,False,False,False,False,False
P100000120696,-0.3417903259499416,0.45015831522677263,1,1,0,2020,-0.04638558764313541,0.5102607694299802,0.07664976831952768,0.9364525377264761,-0.7486694359255959,0.01607346487295398,True,False,False,False,False,False
P100000120696,-0.3417903259499416,0.45015831522677263,1,1,0,2021,-0.04161752961916234,0.5354093828248692,0.07664976831952768,0.9364525377264761,-0.7486694359255959,0.01607346487295398,True,False,False,False,False,False
P100000120696,-0.3417903259499416,0.45015831522677263,1,1,0,2022,-0.08699628874387157,0.5605579962197582,0.07664976831952768,0.9364525377264761,-0.7486694359255959,0.01607346487295398,True,False,False,False,False,False
P100000120696,-0.3417903259499416,0.45015831522677263,1,1,0,2023,-0.0715412041144416,0.5857066096146472,0.07664976831952768,0.9364525377264761,-0.7486694359255959,0.01607346487295398,True,False,False,False,False,False
P100000120697,-0.4879672053679703,0.07801662356020657,1,1,0,2019,-0.03093050301370546,-0.29449485920646773,0.1234324654328813,0.9364525377264761,-0.7494644831913513,-0.08077717777160777,True,False,False,False,False,False
P100000120697,-0.4879672053679703,0.07801662356020657,1,1,0,2020,-0.17972679652045126,-0.26934624581157873,0.1234324654328813,0.9364525377264761,-0.7494644831913513,-0.08077717777160777,True,False,False,False,False,False
P100000120697,-0.4879672053679703,0.07801662356020657,1,1,0,2021,-0.17627406484791905,-0.24419763241668974,0.1234324654328813,0.9364525377264761,-0.7494644831913513,-0.08077717777160777,True,False,False,False,False,False
P100000120697,-0.4879672053679703,0.07801662356020657,1,1,0,2022,-0.2091572236339402,-0.21904901902180074,0.1234324654328813,0.9364525377264761,-0.7494644831913513,-0.08077717777160777,True,False,False,False,False,False
P100000120697,-0.4879672053679703,0.07801662356020657,1,1,0,2023,-0.21589827118507457,-0.19390040562691174,0.1234324654328813,0.9364525377264761,-0.7494644831913513,-0.08077717777160777,True,False,False,False,False,False
P100000120699,0.01700746898521984,5.701459194857838,1,1,1,2019,2.862787470156158,-0.3699406993911347,0.9998186508482841,2.221976989157445,-0.2323807862810919,-0.2347778294851095,True,False,False,False,False,False
P100000120699,0.01700746898521984,5.701459194857838,1,1,1,2020,2.809845584510664,-0.3447920859962457,0.9998186508482841,2.221976989157445,-0.2323807862810919,-0.2347778294851095,True,False,False,False,False,False
P100000120699,0.01700746898521984,5.701459194857838,1,1,1,2021,3.029176253613425,-0.3196434726013567,0.9998186508482841,2.221976989157445,-0.2323807862810919,-0.2347778294851095,True,False,False,False,False,False
P100000120699,0.01700746898521984,5.701459194857838,1,1,1,2022,2.6510199275741817,-0.29449485920646773,0.9998186508482841,2.221976989157445,-0.2323807862810919,-0.2347778294851095,True,False,False,False,False,False
P100000120699,0.01700746898521984,5.701459194857838,1,1,1,2023,2.7871562049483094,-0.26934624581157873,0.9998186508482841,2.221976989157445,-0.2323807862810919,-0.2347778294851095,True,False,False,False,False,False
P100000120700,0.5720105940483236,4.181330681018619,1,1,1,2019,2.081154785812435,-0.017860111862688748,0.1977316607575833,2.221976989157445,-0.23237928472323938,-0.23476605207292156,True,False,False,False,False,False
P100000120700,0.5720105940483236,4.181330681018619,1,1,1,2020,2.0403796689177685,0.00728850153220025,0.1977316607575833,2.221976989157445,-0.23237928472323938,-0.23476605207292156,True,False,False,False,False,False
P100000120700,0.5720105940483236,4.181330681018619,1,1,1,2021,2.209234689283987,0.03243711492708925,0.1977316607575833,2.221976989157445,-0.23237928472323938,-0.23476605207292156,True,False,False,False,False,False
P100000120700,0.5720105940483236,4.181330681018619,1,1,1,2022,1.9182187340276997,0.057585728321978245,0.1977316607575833,2.221976989157445,-0.23237928472323938,-0.23476605207292156,True,False,False,False,False,False
P100000120700,0.5720105940483236,4.181330681018619,1,1,1,2023,2.022951594761177,0.08273434171686725,0.1977316607575833,2.221976989157445,-0.23237928472323938,-0.23476605207292156,True,False,False,False,False,False
P100000120701,-0.4692065363517527,-0.2946989180549587,1,1,0,2019,-0.22896932680251797,-0.6214268333400247,-0.12482231989800815,0.9364525377264761,-0.27179223979301503,-0.2820582596489317,True,False,False,False,False,False
P100000120701,-0.4692065363517527,-0.2946989180549587,1,1,0,2020,-0.22896932680251797,-0.5962782199451357,-0.12482231989800815,0.9364525377264761,-0.27179223979301503,-0.2820582596489317,True,False,False,False,False,False
P100000120701,-0.4692065363517527,-0.2946989180549587,1,1,0,2021,-0.22896932680251797,-0.5711296065502467,-0.12482231989800815,0.9364525377264761,-0.27179223979301503,-0.2820582596489317,True,False,False,False,False,False
P100000120701,-0.4692065363517527,-0.2946989180549587,1,1,0,2022,-0.21474736062756383,-0.5459809931553578,-0.12482231989800815,0.9364525377264761,-0.27179223979301503,-0.2820582596489317,True,False,False,False,False,False
P100000120701,-0.4692065363517527,-0.2946989180549587,1,1,0,2023,-0.24319129297747213,-0.5208323797604687,-0.12482231989800815,0.9364525377264761,-0.27179223979301503,-0.2820582596489317,True,False,False,False,False,False
P100000120702,-0.5401453160693255,-0.5532183198988878,1,0,0,2019,-0.4337491981424648,0.15818018190153424,-0.21425622910170272,-0.3490719137044929,-0.2907731376772447,-0.2300380348984138,True,False,False,False,False,False
P100000120702,-0.5401453160693255,-0.5532183198988878,1,0,0,2020,-0.4337491981424648,0.18332879529642324,-0.21425622910170272,-0.3490719137044929,-0.2907731376772447,-0.2300380348984138,True,False,False,False,False,False
P100000120702,-0.5401453160693255,-0.5532183198988878,1,0,0,2021,-0.4337491981424648,0.20847740869131223,-0.21425622910170272,-0.3490719137044929,-0.2907731376772447,-0.2300380348984138,True,False,False,False,False,False
P100000120702,-0.5401453160693255,-0.5532183198988878,1,0,0,2022,-0.4275013979731208,0.23362602208620123,-0.21425622910170272,-0.3490719137044929,-0.2907731376772447,-0.2300380348984138,True,False,False,False,False,False
P100000120702,-0.5401453160693255,-0.5532183198988878,1,0,0,2023,-0.4399969983118089,0.25877463548109025,-0.21425622910170272,-0.3490719137044929,-0.2907731376772447,-0.2300380348984138,True,False,False,False,False,False
P100000120703,-0.7146586226472662,-0.6306880629597766,1,0,0,2019,-0.40316786047146513,0.15818018190153424,0.2524124111255816,-0.3490719137044929,-0.42161204110622086,-0.017594765355163466,True,False,False,False,False,False
P100000120703,-0.7146586226472662,-0.6306880629597766,1,0,0,2020,-0.40316786047146513,0.18332879529642324,0.2524124111255816,-0.3490719137044929,-0.42161204110622086,-0.017594765355163466,True,False,False,False,False,False
P100000120703,-0.7146586226472662,-0.6306880629597766,1,0,0,2021,-0.38097172829090087,0.20847740869131223,0.2524124111255816,-0.3490719137044929,-0.42161204110622086,-0.017594765355163466,True,False,False,False,False,False
P100000120703,-0.7146586226472662,-0.6306880629597766,1,0,0,2022,-0.4023457815018146,0.23362602208620123,0.2524124111255816,-0.3490719137044929,-0.42161204110622086,-0.017594765355163466,True,False,False,False,False,False
P100000120703,-0.7146586226472662,-0.6306880629597766,1,0,0,2023,-0.42618607162168,0.25877463548109025,0.2524124111255816,-0.3490719137044929,-0.42161204110622086,-0.017594765355163466,True,False,False,False,False,False
P100000120704,-0.674205930081047,-0.6106033147588055,1,0,0,2019,-0.4224593136259309,-0.9232101940786926,0.011130390325630141,-0.3490719137044929,-0.2132726519248417,0.03159564272506563,True,False,False,False,False,False
P100000120704,-0.674205930081047,-0.6106033147588055,1,0,0,2020,-0.4224593136259309,-0.8980615806838037,0.011130390325630141,-0.3490719137044929,-0.2132726519248417,0.03159564272506563,True,False,False,False,False,False
P100000120704,-0.674205930081047,-0.6106033147588055,1,0,0,2021,-0.4036611078532555,-0.8729129672889147,0.011130390325630141,-0.3490719137044929,-0.2132726519248417,0.03159564272506563,True,False,False,False,False,False
P100000120704,-0.674205930081047,-0.6106033147588055,1,0,0,2022,-0.435557771875696,-0.8477643538940257,0.011130390325630141,-0.3490719137044929,-0.2132726519248417,0.03159564272506563,True,False,False,False,False,False
P100000120704,-0.674205930081047,-0.6106033147588055,1,0,0,2023,-0.4281590611488412,-0.8226157404991367,0.011130390325630141,-0.3490719137044929,-0.2132726519248417,0.03159564272506563,True,False,False,False,False,False
P100000120705,-0.3320191441706616,-0.6679883096187231,0,0,0,2019,-0.4081003342893683,-0.5208323797604687,-0.37776192099116684,-1.634596365135462,-0.3036561848576128,-0.17936015674135355,True,False,False,False,False,False
P100000120705,-0.3320191441706616,-0.6679883096187231,0,0,0,2020,-0.4156634608101532,-0.4956837663655797,-0.37776192099116684,-1.634596365135462,-0.3036561848576128,-0.17936015674135355,True,False,False,False,False,False
P100000120705,-0.3320191441706616,-0.6679883096187231,0,0,0,2021,-0.40070162356251354,-0.4705351529706907,-0.37776192099116684,-1.634596365135462,-0.3036561848576128,-0.17936015674135355,True,False,False,False,False,False
P100000120705,-0.3320191441706616,-0.6679883096187231,0,0,0,2022,-0.4097444922286694,-0.4453865395758017,-0.37776192099116684,-1.634596365135462,-0.3036561848576128,-0.17936015674135355,True,False,False,False,False,False
P100000120705,-0.3320191441706616,-0.6679883096187231,0,0,0,2023,-0.41763645033731445,-0.4202379261809127,-0.37776192099116684,-1.634596365135462,-0.3036561848576128,-0.17936015674135355,True,False,False,False,False,False
P100000120706,-0.3320191441706616,-0.5532183198988878,0,1,0,2019,-0.44229881942683036,-0.14360317883713375,-0.3323395667117474,-0.3490719137044929,-0.21433175367145837,-0.26734120848370974,True,False,False,False,False,False
P100000120706,-0.3320191441706616,-0.5532183198988878,0,1,0,2020,-0.4467380458629432,-0.11845456544224474,-0.3323395667117474,-0.3490719137044929,-0.21433175367145837,-0.26734120848370974,True,False,False,False,False,False
P100000120706,-0.3320191441706616,-0.5532183198988878,0,1,0,2021,-0.4393393351360884,-0.09330595204735574,-0.3323395667117474,-0.3490719137044929,-0.21433175367145837,-0.26734120848370974,True,False,False,False,False,False
P100000120706,-0.3320191441706616,-0.5532183198988878,0,1,0,2022,-0.44279206680862065,-0.06815733865246675,-0.3323395667117474,-0.3490719137044929,-0.21433175367145837,-0.26734120848370974,True,False,False,False,False,False
P100000120706,-0.3320191441706616,-0.5532183198988878,0,1,0,2023,-0.44279206680862065,-0.04300872525757775,-0.3323395667117474,-0.3490719137044929,-0.21433175367145837,-0.26734120848370974,True,False,False,False,False,False
P100000120710,1.9556099339943707,0.8240215567391362,1,0,0,2019,0.029738924946503605,0.30907186227086825,-0.35696497163894697,-0.3490719137044929,-0.4049454933049708,-0.20380827640806318,False,False,True,False,False,False
P100000120710,1.9556099339943707,0.8240215567391362,1,0,0,2020,-0.0031442338395175676,0.33422047566575724,-0.35696497163894697,-0.3490719137044929,-0.4049454933049708,-0.20380827640806318,False,False,True,False,False,False
P100000120710,1.9556099339943707,0.8240215567391362,1,0,0,2021,0.029738924946503605,0.35936908906064624,-0.35696497163894697,-0.3490719137044929,-0.4049454933049708,-0.20380827640806318,False,False,True,False,False,False
P100000120710,1.9556099339943707,0.8240215567391362,1,0,0,2022,0.029738924946503605,0.38451770245553524,-0.35696497163894697,-0.3490719137044929,-0.4049454933049708,-0.20380827640806318,False,False,True,False,False,False
P100000120710,1.9556099339943707,0.8240215567391362,1,0,0,2023,-0.05246897201854933,0.40966631585042423,-0.35696497163894697,-0.3490719137044929,-0.4049454933049708,-0.20380827640806318,False,False,True,False,False,False
P100000120714,-0.6435244192941079,-0.5101795737539495,1,1,1,2019,-0.3262212689121756,1.9185831195437641,0.03378083104975839,2.221976989157445,-0.32902258486404834,-0.09121830719134894,False,False,False,True,False,False
P100000120714,-0.6435244192941079,-0.5101795737539495,1,1,1,2020,-0.35071922220776136,1.9437317329386532,0.03378083104975839,2.221976989157445,-0.32902258486404834,-0.09121830719134894,False,False,False,True,False,False
P100000120714,-0.6435244192941079,-0.5101795737539495,1,1,1,2021,-0.3319758216997293,1.968880346333542,0.03378083104975839,2.221976989157445,-0.32902258486404834,-0.09121830719134894,False,False,False,True,False,False
P100000120714,-0.6435244192941079,-0.5101795737539495,1,1,1,2022,-0.3155342423067187,1.994028959728431,0.03378083104975839,2.221976989157445,-0.32902258486404834,-0.09121830719134894,False,False,False,True,False,False
P100000120714,-0.6435244192941079,-0.5101795737539495,1,1,1,2023,-0.3484174010927399,2.01917757312332,0.03378083104975839,2.221976989157445,-0.32902258486404834,-0.09121830719134894,False,False,False,True,False,False
P100000120718,-0.4676431472670679,-0.5532183198988878,1,0,0,2019,-0.45569870663213397,-0.06815733865246675,-0.27323372820565295,-0.3490719137044929,-0.21047089301218522,-0.3130178255167835,False,False,False,False,False,False
P100000120718,-0.4676431472670679,-0.5532183198988878,1,0,0,2020,-0.45569870663213397,-0.04300872525757775,-0.27323372820565295,-0.3490719137044929,-0.21047089301218522,-0.3130178255167835,False,False,False,False,False,False
P100000120718,-0.4676431472670679,-0.5532183198988878,1,0,0,2021,-0.45331467762014743,-0.017860111862688748,-0.27323372820565295,-0.3490719137044929,-0.21047089301218522,-0.3130178255167835,False,False,False,False,False,False
P100000120718,-0.4676431472670679,-0.5532183198988878,1,0,0,2022,-0.4580827356441205,0.00728850153220025,-0.27323372820565295,-0.3490719137044929,-0.21047089301218522,-0.3130178255167835,False,False,False,False,False,False
P100000120718,-0.4676431472670679,-0.5532183198988878,1,0,0,2023,-0.45569870663213397,0.03243711492708925,-0.27323372820565295,-0.3490719137044929,-0.21047089301218522,-0.3130178255167835,False,False,False,False,False,False
P100000120719,-0.6132337557783398,-0.6679883096187231,1,0,0,2019,-0.4470668774508034,-0.8226157404991367,-0.22486655769740194,-0.3490719137044929,0.05088073810303636,-0.17695055454285571,False,False,False,False,False,False
P100000120719,-0.6132337557783398,-0.6679883096187231,1,0,0,2020,-0.4470668774508034,-0.7974671271042477,-0.22486655769740194,-0.3490719137044929,0.05088073810303636,-0.17695055454285571,False,False,False,False,False,False
P100000120719,-0.6132337557783398,-0.6679883096187231,1,0,0,2021,-0.4306252980577928,-0.7723185137093587,-0.22486655769740194,-0.3490719137044929,0.05088073810303636,-0.17695055454285571,False,False,False,False,False,False
P100000120719,-0.6132337557783398,-0.6679883096187231,1,0,0,2022,-0.4306252980577928,-0.7471699003144697,-0.22486655769740194,-0.3490719137044929,0.05088073810303636,-0.17695055454285571,False,False,False,False,False,False
P100000120719,-0.6132337557783398,-0.6679883096187231,1,0,0,2023,-0.4306252980577928,-0.7220212869195807,-0.22486655769740194,-0.3490719137044929,0.05088073810303636,-0.17695055454285571,False,False,False,False,False,False
P100000120722,-0.590173766779239,-0.7397195531936203,1,1,0,2019,-0.48997939966656107,0.13303156850664524,-0.32135744045868125,0.9364525377264761,0.43006379224957036,0.7296737507720109,False,False,False,True,False,False
P100000120722,-0.590173766779239,-0.7397195531936203,1,1,0,2020,-0.4996799315084373,0.15818018190153424,-0.32135744045868125,0.9364525377264761,0.43006379224957036,0.7296737507720109,False,False,False,True,False,False
P100000120722,-0.590173766779239,-0.7397195531936203,1,1,0,2021,-0.477483799327873,0.18332879529642324,-0.32135744045868125,0.9364525377264761,0.43006379224957036,0.7296737507720109,False,False,False,True,False,False
P100000120722,-0.590173766779239,-0.7397195531936203,1,1,0,2022,-0.4886640733151202,0.20847740869131223,-0.32135744045868125,0.9364525377264761,0.43006379224957036,0.7296737507720109,False,False,False,True,False,False
P100000120722,-0.590173766779239,-0.7397195531936203,1,1,0,2023,-0.480607699412545,0.23362602208620123,-0.32135744045868125,0.9364525377264761,0.43006379224957036,0.7296737507720109,False,False,False,True,False,False
P100000120725,0.7830681204807715,0.9674840438889304,1,0,0,2019,0.07906366312553537,-0.09330595204735574,-0.2569526530936236,-0.3490719137044929,-0.1777373194292214,-0.3602581029388064,False,False,False,False,False,True
P100000120725,0.7830681204807715,0.9674840438889304,1,0,0,2020,0.06262208373252479,-0.06815733865246675,-0.2569526530936236,-0.3490719137044929,-0.1777373194292214,-0.3602581029388064,False,False,False,False,False,True
P100000120725,0.7830681204807715,0.9674840438889304,1,0,0,2021,0.07906366312553537,-0.04300872525757775,-0.2569526530936236,-0.3490719137044929,-0.1777373194292214,-0.3602581029388064,False,False,False,False,False,True
P100000120725,0.7830681204807715,0.9674840438889304,1,0,0,2022,0.07906366312553537,-0.017860111862688748,-0.2569526530936236,-0.3490719137044929,-0.1777373194292214,-0.3602581029388064,False,False,False,False,False,True
P100000120725,0.7830681204807715,0.9674840438889304,1,0,0,2023,0.09550524251854596,0.00728850153220025,-0.2569526530936236,-0.3490719137044929,-0.1777373194292214,-0.3602581029388064,False,False,False,False,False,True
P100000120726,-0.6826091464112278,-0.2376008481693406,1,0,0,2019,-0.15037857730392737,-0.6465754467349137,0.7296804986953573,-0.3490719137044929,-0.23443977999224233,-0.37738519891791283,False,False,False,False,False,True
P100000120726,-0.6826091464112278,-0.2376008481693406,1,0,0,2020,-0.15037857730392737,-0.6214268333400247,0.7296804986953573,-0.3490719137044929,-0.23443977999224233,-0.37738519891791283,False,False,False,False,False,True
P100000120726,-0.6826091464112278,-0.2376008481693406,1,0,0,2021,-0.15037857730392737,-0.5962782199451357,0.7296804986953573,-0.3490719137044929,-0.23443977999224233,-0.37738519891791283,False,False,False,False,False,True
P100000120726,-0.6826091464112278,-0.2376008481693406,1,0,0,2022,-0.14454181661940863,-0.5711296065502467,0.7296804986953573,-0.3490719137044929,-0.23443977999224233,-0.37738519891791283,False,False,False,False,False,True
P100000120726,-0.6826091464112278,-0.2376008481693406,1,0,0,2023,-0.15621533798844614,-0.5459809931553578,0.7296804986953573,-0.3490719137044929,-0.23443977999224233,-0.37738519891791283,False,False,False,False,False,True
P100000120727,-0.5602739505346422,-0.6106033147588055,1,0,0,2019,-0.4487110353901045,-1.0741018744480266,-0.23725920344656848,-0.3490719137044929,0.35371363624610835,-0.22326176052353316,False,False,False,False,False,True
P100000120727,-0.5602739505346422,-0.6106033147588055,1,0,0,2020,-0.4322694559970939,-1.0489532610531376,-0.23725920344656848,-0.3490719137044929,0.35371363624610835,-0.22326176052353316,False,False,False,False,False,True
P100000120727,-0.5602739505346422,-0.6106033147588055,1,0,0,2021,-0.4191161924826854,-1.0238046476582487,-0.23725920344656848,-0.3490719137044929,0.35371363624610835,-0.22326176052353316,False,False,False,False,False,True
P100000120727,-0.5602739505346422,-0.6106033147588055,1,0,0,2022,-0.41747203454338433,-0.9986560342633597,-0.23725920344656848,-0.3490719137044929,0.35371363624610835,-0.22326176052353316,False,False,False,False,False,True
P100000120727,-0.5602739505346422,-0.6106033147588055,1,0,0,2023,-0.4092512448468791,-0.9735074208684706,-0.23725920344656848,-0.3490719137044929,0.35371363624610835,-0.22326176052353316,False,False,False,False,False,True
P100000120728,-0.6679523737423078,-0.5159180732399413,1,0,0,2019,-0.41747203454338433,0.08273434171686725,0.13393472416127333,-0.3490719137044929,-0.16833920813537742,-0.13831732895628762,False,False,False,False,False,True
P100000120728,-0.6679523737423078,-0.5159180732399413,1,0,0,2020,-0.4063739684531022,0.10788295511175625,0.13393472416127333,-0.3490719137044929,-0.16833920813537742,-0.13831732895628762,False,False,False,False,False,True
P100000120728,-0.6679523737423078,-0.5159180732399413,1,0,0,2021,-0.3928096654538685,0.13303156850664524,0.13393472416127333,-0.3490719137044929,-0.16833920813537742,-0.13831732895628762,False,False,False,False,False,True
P100000120728,-0.6679523737423078,-0.5159180732399413,1,0,0,2022,-0.3993862972110727,0.15818018190153424,0.13393472416127333,-0.3490719137044929,-0.16833920813537742,-0.13831732895628762,False,False,False,False,False,True
P100000120728,-0.6679523737423078,-0.5159180732399413,1,0,0,2023,-0.4158278766040833,0.18332879529642324,0.13393472416127333,-0.3490719137044929,-0.16833920813537742,-0.13831732895628762,False,False,False,False,False,True
P100000120729,-0.3320191441706616,-0.20890835073938177,1,1,0,2019,-0.17989121231438138,0.7365982899839812,-0.19607250387348926,0.9364525377264761,-0.26280610896220674,-0.3830790225587912,False,False,False,False,False,True
P100000120729,-0.3320191441706616,-0.20890835073938177,1,1,0,2020,-0.18482368613228456,0.7617469033788702,-0.19607250387348926,0.9364525377264761,-0.26280610896220674,-0.3830790225587912,False,False,False,False,False,True
P100000120729,-0.3320191441706616,-0.20890835073938177,1,1,0,2021,-0.18482368613228456,0.7868955167737592,-0.19607250387348926,0.9364525377264761,-0.26280610896220674,-0.3830790225587912,False,False,False,False,False,True
P100000120729,-0.3320191441706616,-0.20890835073938177,1,1,0,2022,-0.18202861763547276,0.8120441301686482,-0.19607250387348926,0.9364525377264761,-0.26280610896220674,-0.3830790225587912,False,False,False,False,False,True
P100000120729,-0.3320191441706616,-0.20890835073938177,1,1,0,2023,-0.19255122844699954,0.8371927435635372,-0.19607250387348926,0.9364525377264761,-0.26280610896220674,-0.3830790225587912,False,False,False,False,False,True
P100000120730,-0.6826091464112278,-0.26629334559929946,1,0,0,2019,-0.33690829551763246,-0.3447920859962457,0.6775810583368634,-0.3490719137044929,-0.21461119967635964,-0.4249127834234746,False,False,False,False,False,True
P100000120730,-0.6826091464112278,-0.26629334559929946,1,0,0,2020,-0.33690829551763246,-0.3196434726013567,0.6775810583368634,-0.3490719137044929,-0.21461119967635964,-0.4249127834234746,False,False,False,False,False,True
P100000120730,-0.6826091464112278,-0.26629334559929946,1,0,0,2021,-0.33690829551763246,-0.29449485920646773,0.6775810583368634,-0.3490719137044929,-0.21461119967635964,-0.4249127834234746,False,False,False,False,False,True
P100000120730,-0.6826091464112278,-0.26629334559929946,1,0,0,2022,-0.33690829551763246,-0.26934624581157873,0.6775810583368634,-0.3490719137044929,-0.21461119967635964,-0.4249127834234746,False,False,False,False,False,True
P100000120730,-0.6826091464112278,-0.26629334559929946,1,0,0,2023,-0.33690829551763246,-0.24419763241668974,0.6775810583368634,-0.3490719137044929,-0.21461119967635964,-0.4249127834234746,False,False,False,False,False,True
P100000120731,0.6853563026879715,-0.5446105706699002,1,0,0,2019,-0.40645617635006726,0.4599635426402022,-0.42588508845604056,-0.3490719137044929,0.016341241357122612,-0.204045524394986,False,False,False,False,False,True
P100000120731,0.6853563026879715,-0.5446105706699002,1,0,0,2020,-0.3882882311207906,0.4851121560350912,-0.42588508845604056,-0.3490719137044929,0.016341241357122612,-0.204045524394986,False,False,False,False,False,True
P100000120731,0.6853563026879715,-0.5446105706699002,1,0,0,2021,-0.38590420210880405,0.5102607694299802,-0.42588508845604056,-0.3490719137044929,0.016341241357122612,-0.204045524394986,False,False,False,False,False,True
P100000120731,0.6853563026879715,-0.5446105706699002,1,0,0,2022,-0.37554600709120733,0.5354093828248692,-0.42588508845604056,-0.3490719137044929,0.016341241357122612,-0.204045524394986,False,False,False,False,False,True
P100000120731,0.6853563026879715,-0.5446105706699002,1,0,0,2023,-0.3852465389330836,0.5605579962197582,-0.42588508845604056,-0.3490719137044929,0.016341241357122612,-0.204045524394986,False,False,False,False,False,True
P100000120732,-0.33084660235714797,-0.424102081464073,0,0,0,2019,-0.36436573310396014,-0.5208323797604687,-0.2817282021771466,-1.634596365135462,0.05131539804320621,-0.1843080936093945,False,False,False,False,False,True
P100000120732,-0.33084660235714797,-0.424102081464073,0,0,0,2020,-0.3364972560328072,-0.4956837663655797,-0.2817282021771466,-1.634596365135462,0.05131539804320621,-0.1843080936093945,False,False,False,False,False,True
P100000120732,-0.33084660235714797,-0.424102081464073,0,0,0,2021,-0.3323046532875895,-0.4705351529706907,-0.2817282021771466,-1.634596365135462,0.05131539804320621,-0.1843080936093945,False,False,False,False,False,True
P100000120732,-0.33084660235714797,-0.424102081464073,0,0,0,2022,-0.3180004792156703,-0.4453865395758017,-0.2817282021771466,-1.634596365135462,0.05131539804320621,-0.1843080936093945,False,False,False,False,False,True
P100000120732,-0.33084660235714797,-0.424102081464073,0,0,0,2023,-0.33131815852400887,-0.4202379261809127,-0.2817282021771466,-1.634596365135462,0.05131539804320621,-0.1843080936093945,False,False,False,False,False,True
P100000120733,-0.6605262755900551,-0.5704338183568631,0,0,0,2019,-0.5087228001745931,-1.1495477146326936,0.015841673946594817,-1.634596365135462,4.171049313535107,2.4562437093591196,False,False,False,False,False,True
P100000120733,-0.6605262755900551,-0.5704338183568631,0,0,0,2020,-0.48097763494888773,-1.1243991012378047,0.015841673946594817,-1.634596365135462,4.171049313535107,2.4562437093591196,False,False,False,False,False,True
P100000120733,-0.6605262755900551,-0.5704338183568631,0,0,0,2021,-0.4487110353901045,-1.0992504878429157,0.015841673946594817,-1.634596365135462,4.171049313535107,2.4562437093591196,False,False,False,False,False,True
P100000120733,-0.6605262755900551,-0.5704338183568631,0,0,0,2022,-0.5062565632656415,-1.0741018744480266,0.015841673946594817,-1.634596365135462,4.171049313535107,2.4562437093591196,False,False,False,False,False,True
P100000120733,-0.6605262755900551,-0.5704338183568631,0,0,0,2023,-0.46022014096521185,-1.0489532610531376,0.015841673946594817,-1.634596365135462,4.171049313535107,2.4562437093591196,False,False,False,False,False,True
P100000120734,-0.7312696316720422,-0.7253733044786408,1,0,0,2019,-0.4441073931600615,-0.5208323797604687,0.1540958448543057,-0.3490719137044929,-0.22926763711594556,-0.3758832074095672,False,False,False,False,False,True
P100000120734,-0.7312696316720422,-0.7253733044786408,1,0,0,2020,-0.443888172101488,-0.4956837663655797,0.1540958448543057,-0.3490719137044929,-0.22926763711594556,-0.3758832074095672,False,False,False,False,False,True
P100000120734,-0.7312696316720422,-0.7253733044786408,1,0,0,2021,-0.443888172101488,-0.4705351529706907,0.1540958448543057,-0.3490719137044929,-0.22926763711594556,-0.3758832074095672,False,False,False,False,False,True
P100000120734,-0.7312696316720422,-0.7253733044786408,1,0,0,2022,-0.4424632352207604,-0.4453865395758017,0.1540958448543057,-0.3490719137044929,-0.22926763711594556,-0.3758832074095672,False,False,False,False,False,True
P100000120734,-0.7312696316720422,-0.7253733044786408,1,0,0,2023,-0.44509388792364213,-0.4202379261809127,0.1540958448543057,-0.3490719137044929,-0.22926763711594556,-0.3758832074095672,False,False,False,False,False,True
P100000120735,-0.6704928810049205,-0.7540658019085996,1,0,0,2019,-0.4672078122072414,-0.29449485920646773,-0.23684755322218515,-0.3490719137044929,-0.35079618947620106,-0.08347886042953488,False,False,False,False,False,True
P100000120735,-0.6704928810049205,-0.7540658019085996,1,0,0,2020,-0.4700850886010182,-0.26934624581157873,-0.23684755322218515,-0.3490719137044929,-0.35079618947620106,-0.08347886042953488,False,False,False,False,False,True
P100000120735,-0.6704928810049205,-0.7540658019085996,1,0,0,2021,-0.4618642989045129,-0.24419763241668974,-0.23684755322218515,-0.3490719137044929,-0.35079618947620106,-0.08347886042953488,False,False,False,False,False,True
P100000120735,-0.6704928810049205,-0.7540658019085996,1,0,0,2022,-0.4618642989045129,-0.21904901902180074,-0.23684755322218515,-0.3490719137044929,-0.35079618947620106,-0.08347886042953488,False,False,False,False,False,True
P100000120735,-0.6704928810049205,-0.7540658019085996,1,0,0,2023,-0.4750175624189214,-0.19390040562691174,-0.23684755322218515,-0.3490719137044929,-0.35079618947620106,-0.08347886042953488,False,False,False,False,False,True
P100000120736,-0.34061778413642796,-0.6895076826911922,0,0,0,2019,-0.43280380732736673,-0.7974671271042477,-0.38466864230576525,-1.634596365135462,-0.402778293568357,0.0047628398221084365,False,False,False,False,False,True
P100000120736,-0.34061778413642796,-0.6895076826911922,0,0,0,2020,-0.432433871791024,-0.7723185137093587,-0.38466864230576525,-1.634596365135462,-0.402778293568357,0.0047628398221084365,False,False,False,False,False,True
P100000120736,-0.34061778413642796,-0.6895076826911922,0,0,0,2021,-0.4299676348820724,-0.7471699003144697,-0.38466864230576525,-1.634596365135462,-0.402778293568357,0.0047628398221084365,False,False,False,False,False,True
P100000120736,-0.34061778413642796,-0.6895076826911922,0,0,0,2022,-0.4186229451008951,-0.7220212869195807,-0.38466864230576525,-1.634596365135462,-0.402778293568357,0.0047628398221084365,False,False,False,False,False,True
P100000120736,-0.34061778413642796,-0.6895076826911922,0,0,0,2023,-0.45019077753547543,-0.6968726735246917,-0.38466864230576525,-1.634596365135462,-0.402778293568357,0.0047628398221084365,False,False,False,False,False,True
P100000120737,-0.6605262755900551,-0.6633975100299297,1,0,0,2019,-0.4263915913640926,-0.5208323797604687,-0.12184363336296532,-0.3490719137044929,0.016800743581359787,0.09814970092559658,False,False,False,False,False,True
P100000120737,-0.6605262755900551,-0.6633975100299297,1,0,0,2020,-0.4255284084459595,-0.4956837663655797,-0.12184363336296532,-0.3490719137044929,0.016800743581359787,0.09814970092559658,False,False,False,False,False,True
P100000120737,-0.6605262755900551,-0.6633975100299297,1,0,0,2021,-0.423062171537008,-0.4705351529706907,-0.12184363336296532,-0.3490719137044929,0.016800743581359787,0.09814970092559658,False,False,False,False,False,True
P100000120737,-0.6605262755900551,-0.6633975100299297,1,0,0,2022,-0.44262765101469054,-0.4453865395758017,-0.12184363336296532,-0.3490719137044929,0.016800743581359787,0.09814970092559658,False,False,False,False,False,True
P100000120737,-0.6605262755900551,-0.6633975100299297,1,0,0,2023,-0.4143481344587123,-0.4202379261809127,-0.12184363336296532,-0.3490719137044929,0.016800743581359787,0.09814970092559658,False,False,False,False,False,True
P100000120746,-0.7086004899441126,-0.6679883096187231,0,1,0,2019,-0.4010304551503738,-0.6465754467349137,0.09923468225919384,-0.3490719137044929,-0.21461119967635964,-0.4249127834234746,True,False,False,False,False,False
P100000120746,-0.7086004899441126,-0.6679883096187231,0,1,0,2020,-0.4010304551503738,-0.6214268333400247,0.09923468225919384,-0.3490719137044929,-0.21461119967635964,-0.4249127834234746,True,False,False,False,False,False
P100000120746,-0.7086004899441126,-0.6679883096187231,0,1,0,2021,-0.4010304551503738,-0.5962782199451357,0.09923468225919384,-0.3490719137044929,-0.21461119967635964,-0.4249127834234746,True,False,False,False,False,False
P100000120746,-0.7086004899441126,-0.6679883096187231,0,1,0,2022,-0.4010304551503738,-0.5711296065502467,0.09923468225919384,-0.3490719137044929,-0.21461119967635964,-0.4249127834234746,True,False,False,False,False,False
P100000120746,-0.7086004899441126,-0.6679883096187231,0,1,0,2023,-0.4010304551503738,-0.5459809931553578,0.09923468225919384,-0.3490719137044929,-0.21461119967635964,-0.4249127834234746,True,False,False,False,False,False
P100000120760,-0.7130952335625814,-0.6765960588477108,1,1,0,2019,-0.4239938610359452,0.6611524497993142,0.11448303725290739,0.9364525377264761,-0.05927594252196677,0.05713201947881983,False,False,False,True,False,False
P100000120760,-0.7130952335625814,-0.6765960588477108,1,1,0,2020,-0.4239938610359452,0.6863010631942033,0.11448303725290739,0.9364525377264761,-0.05927594252196677,0.05713201947881983,False,False,False,True,False,False
P100000120760,-0.7130952335625814,-0.6765960588477108,1,1,0,2021,-0.4408190772814594,0.7114496765890922,0.11448303725290739,0.9364525377264761,-0.05927594252196677,0.05713201947881983,False,False,False,True,False,False
P100000120760,-0.7130952335625814,-0.6765960588477108,1,1,0,2022,-0.41418371866478226,0.7365982899839812,0.11448303725290739,0.9364525377264761,-0.05927594252196677,0.05713201947881983,False,False,False,True,False,False
P100000120760,-0.7130952335625814,-0.6765960588477108,1,1,0,2023,-0.41697878716159403,0.7617469033788702,0.11448303725290739,0.9364525377264761,-0.05927594252196677,0.05713201947881983,False,False,False,True,False,False
P100000120768,-0.6396159465823958,-0.5388720711839083,1,0,0,2019,-0.4219112609794972,-0.3699406993911347,-0.016354543104744802,-0.3490719137044929,1.3158680543185826,1.5206095460196323,False,True,False,False,False,False
P100000120768,-0.6396159465823958,-0.5388720711839083,1,0,0,2020,-0.46548144637097527,-0.3447920859962457,-0.016354543104744802,-0.3490719137044929,1.3158680543185826,1.5206095460196323,False,True,False,False,False,False
P100000120768,-0.6396159465823958,-0.5388720711839083,1,0,0,2021,-0.3771901650305084,-0.3196434726013567,-0.016354543104744802,-0.3490719137044929,1.3158680543185826,1.5206095460196323,False,True,False,False,False,False
P100000120768,-0.6396159465823958,-0.5388720711839083,1,0,0,2022,-0.3327979006693798,-0.29449485920646773,-0.016354543104744802,-0.3490719137044929,1.3158680543185826,1.5206095460196323,False,True,False,False,False,False
P100000120768,-0.6396159465823958,-0.5388720711839083,1,0,0,2023,-0.35581611181959466,-0.26934624581157873,-0.016354543104744802,-0.3490719137044929,1.3158680543185826,1.5206095460196323,False,True,False,False,False,False
P100000120769,-0.6290630702607735,-0.6823345583337025,1,0,0,2019,-0.43440686131818523,0.35936908906064624,-0.21618686037125542,-0.3490719137044929,-0.04167520331794472,0.6633339515281752,False,True,False,False,False,False
P100000120769,-0.6290630702607735,-0.6823345583337025,1,0,0,2020,-0.47288015709783005,0.38451770245553524,-0.21618686037125542,-0.3490719137044929,-0.04167520331794472,0.6633339515281752,False,True,False,False,False,False
P100000120769,-0.6290630702607735,-0.6823345583337025,1,0,0,2021,-0.43703751402106694,0.40966631585042423,-0.21618686037125542,-0.3490719137044929,-0.04167520331794472,0.6633339515281752,False,True,False,False,False,False
P100000120769,-0.6290630702607735,-0.6823345583337025,1,0,0,2022,-0.435557771875696,0.43481492924531323,-0.21618686037125542,-0.3490719137044929,-0.04167520331794472,0.6633339515281752,False,True,False,False,False,False
P100000120769,-0.6290630702607735,-0.6823345583337025,1,0,0,2023,-0.446409214275083,0.4599635426402022,-0.21618686037125542,-0.3490719137044929,-0.04167520331794472,0.6633339515281752,False,True,False,False,False,False
P100000120782,-0.3320191441706616,-0.7684120506235791,0,0,0,2019,-0.49918668412664696,-0.9986560342633597,-0.41750648098565885,-1.634596365135462,-1.5055658010847413,0.23198098751827564,True,False,False,False,False,False
P100000120782,-0.3320191441706616,-0.7684120506235791,0,0,0,2020,-0.4996799315084373,-0.9735074208684706,-0.41750648098565885,-1.634596365135462,-1.5055658010847413,0.23198098751827564,True,False,False,False,False,False
P100000120782,-0.3320191441706616,-0.7684120506235791,0,0,0,2021,-0.5014885052416684,-0.9483588074735817,-0.41750648098565885,-1.634596365135462,-1.5055658010847413,0.23198098751827564,True,False,False,False,False,False
P100000120782,-0.3320191441706616,-0.7684120506235791,0,0,0,2022,-0.5098737107321039,-0.9232101940786926,-0.41750648098565885,-1.634596365135462,-1.5055658010847413,0.23198098751827564,True,False,False,False,False,False
P100000120782,-0.3320191441706616,-0.7684120506235791,0,0,0,2023,-0.5213828163072113,-0.8980615806838037,-0.41750648098565885,-1.634596365135462,-1.5055658010847413,0.23198098751827564,True,False,False,False,False,False
P100000120785,0.9394070289492513,0.5373835074138475,1,1,1,2019,0.06262208373252479,-0.09330595204735574,-0.32056725384953483,2.221976989157445,-0.37963681254460696,-0.12117553311626963,False,False,False,True,False,False
P100000120785,0.9394070289492513,0.5373835074138475,1,1,1,2020,0.05029089918776684,-0.06815733865246675,-0.32056725384953483,2.221976989157445,-0.37963681254460696,-0.12117553311626963,False,False,False,True,False,False
P100000120785,0.9394070289492513,0.5373835074138475,1,1,1,2021,0.12838840130456713,-0.04300872525757775,-0.32056725384953483,2.221976989157445,-0.37963681254460696,-0.12117553311626963,False,False,False,True,False,False
P100000120785,0.9394070289492513,0.5373835074138475,1,1,1,2022,0.029738924946503605,-0.017860111862688748,-0.32056725384953483,2.221976989157445,-0.37963681254460696,-0.12117553311626963,False,False,False,True,False,False
P100000120785,0.9394070289492513,0.5373835074138475,1,1,1,2023,-0.019585813232528154,0.00728850153220025,-0.32056725384953483,2.221976989157445,-0.37963681254460696,-0.12117553311626963,False,False,False,True,False,False
P100000120788,-0.42777672560760555,-0.6392958121887643,1,0,0,2019,-0.3385524534569335,4.005918031319551,-0.3386468282122988,-0.3490719137044929,-0.14220430755470628,-0.3002542860445084,False,False,False,True,False,False
P100000120788,-0.42777672560760555,-0.6392958121887643,1,0,0,2020,-0.3385524534569335,4.03106664471444,-0.3386468282122988,-0.3490719137044929,-0.14220430755470628,-0.3002542860445084,False,False,False,True,False,False
P100000120788,-0.42777672560760555,-0.6392958121887643,1,0,0,2021,-0.3484174010927399,4.056215258109329,-0.3386468282122988,-0.3490719137044929,-0.14220430755470628,-0.3002542860445084,False,False,False,True,False,False
P100000120788,-0.42777672560760555,-0.6392958121887643,1,0,0,2022,-0.3385524534569335,4.081363871504218,-0.3386468282122988,-0.3490719137044929,-0.14220430755470628,-0.3002542860445084,False,False,False,True,False,False
P100000120788,-0.42777672560760555,-0.6392958121887643,1,0,0,2023,-0.3286875058211272,4.106512484899107,-0.3386468282122988,-0.3490719137044929,-0.14220430755470628,-0.3002542860445084,False,False,False,True,False,False
P100000120789,-0.5946685103977079,-0.6565113106467396,1,1,0,2019,-0.4596446856864565,1.76769143917443,-0.23827226164929513,0.9364525377264761,-0.05304453212926955,0.24499060387765534,False,False,False,True,False,False
P100000120789,-0.5946685103977079,-0.6565113106467396,1,1,0,2020,-0.4596446856864565,1.792840052569319,-0.23827226164929513,0.9364525377264761,-0.05304453212926955,0.24499060387765534,False,False,False,True,False,False
P100000120789,-0.5946685103977079,-0.6565113106467396,1,1,0,2021,-0.44542271951150236,1.8179886659642082,-0.23827226164929513,0.9364525377264761,-0.05304453212926955,0.24499060387765534,False,False,False,True,False,False
P100000120789,-0.5946685103977079,-0.6565113106467396,1,1,0,2022,-0.4738666518614107,1.8431372793590972,-0.23827226164929513,0.9364525377264761,-0.05304453212926955,0.24499060387765534,False,False,False,True,False,False
P100000120789,-0.5946685103977079,-0.6565113106467396,1,1,0,2023,-0.4596446856864565,1.868285892753986,-0.23827226164929513,0.9364525377264761,-0.05304453212926955,0.24499060387765534,False,False,False,True,False,False
P100000120790,-0.6757693191657318,-0.6823345583337025,1,1,1,2019,-0.44487466686506866,0.38451770245553524,-0.1034236363829913,2.221976989157445,-0.23432246834894227,-0.12413839050142063,False,False,False,True,False,False
P100000120790,-0.6757693191657318,-0.6823345583337025,1,1,1,2020,-0.44487466686506866,0.40966631585042423,-0.1034236363829913,2.221976989157445,-0.23432246834894227,-0.12413839050142063,False,False,False,True,False,False
P100000120790,-0.6757693191657318,-0.6823345583337025,1,1,1,2021,-0.43522894028783576,0.43481492924531323,-0.1034236363829913,2.221976989157445,-0.23432246834894227,-0.12413839050142063,False,False,False,True,False,False
P100000120790,-0.6757693191657318,-0.6823345583337025,1,1,1,2022,-0.45134168809298614,0.4599635426402022,-0.1034236363829913,2.221976989157445,-0.23432246834894227,-0.12413839050142063,False,False,False,True,False,False
P100000120790,-0.6757693191657318,-0.6823345583337025,1,1,1,2023,-0.44805337221438407,0.4851121560350912,-0.1034236363829913,2.221976989157445,-0.23432246834894227,-0.12413839050142063,False,False,False,True,False,False
P100000120795,-0.5708268268562646,-0.1589834052112534,1,0,0,2019,-0.10869917354264554,-0.14360317883713375,0.156878256097213,-0.3490719137044929,0.2511521714649416,1.1570297950485955,False,False,False,False,True,False
P100000120795,-0.5708268268562646,-0.1589834052112534,1,0,0,2020,-0.3303316637604282,-0.11845456544224474,0.156878256097213,-0.3490719137044929,0.2511521714649416,1.1570297950485955,False,False,False,False,True,False
P100000120795,-0.5708268268562646,-0.1589834052112534,1,0,0,2021,-0.24697285623786458,-0.09330595204735574,0.156878256097213,-0.3490719137044929,0.2511521714649416,1.1570297950485955,False,False,False,False,True,False
P100000120795,-0.5708268268562646,-0.1589834052112534,1,0,0,2022,-0.3484174010927399,-0.06815733865246675,0.156878256097213,-0.3490719137044929,0.2511521714649416,1.1570297950485955,False,False,False,False,True,False
P100000120795,-0.5708268268562646,-0.1589834052112534,1,0,0,2023,-0.2004431865556446,-0.04300872525757775,0.156878256097213,-0.3490719137044929,0.2511521714649416,1.1570297950485955,False,False,False,False,True,False
P100000120797,-0.6665844082932086,-0.6679883096187231,1,1,0,2019,-0.4963916156298352,2.220366480282432,-0.11053487450880944,0.9364525377264761,0.4491186447721305,1.1351486951176788,False,False,False,True,False,False
P100000120797,-0.6665844082932086,-0.6679883096187231,1,1,0,2020,-0.4963916156298352,2.245515093677321,-0.11053487450880944,0.9364525377264761,0.4491186447721305,1.1351486951176788,False,False,False,True,False,False
P100000120797,-0.6665844082932086,-0.6679883096187231,1,1,0,2021,-0.4963916156298352,2.27066370707221,-0.11053487450880944,0.9364525377264761,0.4491186447721305,1.1351486951176788,False,False,False,True,False,False
P100000120797,-0.6665844082932086,-0.6679883096187231,1,1,0,2022,-0.5128331950228457,2.2958123204670993,-0.11053487450880944,0.9364525377264761,0.4491186447721305,1.1351486951176788,False,False,False,True,False,False
P100000120797,-0.6665844082932086,-0.6679883096187231,1,1,0,2023,-0.4963916156298352,2.320960933861988,-0.11053487450880944,0.9364525377264761,0.4491186447721305,1.1351486951176788,False,False,False,True,False,False
P100000120798,-0.6372708629553686,-0.7540658019085996,1,1,0,2019,-0.4894861522847707,5.062159793904889,-0.2906713824240014,0.9364525377264761,-0.20923620639543053,0.030422418867199135,False,False,False,True,False,False
P100000120798,-0.6372708629553686,-0.7540658019085996,1,1,0,2020,-0.4942542103087438,5.087308407299778,-0.2906713824240014,0.9364525377264761,-0.20923620639543053,0.030422418867199135,False,False,False,True,False,False
P100000120798,-0.6372708629553686,-0.7540658019085996,1,1,0,2021,-0.486855499581889,5.1124570206946665,-0.2906713824240014,0.9364525377264761,-0.20923620639543053,0.030422418867199135,False,False,False,True,False,False
P100000120798,-0.6372708629553686,-0.7540658019085996,1,1,0,2022,-0.494583041896604,5.137605634089556,-0.2906713824240014,0.9364525377264761,-0.20923620639543053,0.030422418867199135,False,False,False,True,False,False
P100000120798,-0.6372708629553686,-0.7540658019085996,1,1,0,2023,-0.4912947260180019,5.162754247484445,-0.2906713824240014,0.9364525377264761,-0.20923620639543053,0.030422418867199135,False,False,False,True,False,False
P100000120800,0.23588194084109174,-0.266580270573599,1,1,0,2019,-0.3484174010927399,0.20847740869131223,-0.35844637056122836,0.9364525377264761,-0.21461119967635964,-0.4249127834234746,False,False,False,True,False,False
P100000120800,0.23588194084109174,-0.266580270573599,1,1,0,2020,-0.3484174010927399,0.23362602208620123,-0.35844637056122836,0.9364525377264761,-0.21461119967635964,-0.4249127834234746,False,False,False,True,False,False
P100000120800,0.23588194084109174,-0.266580270573599,1,1,0,2021,-0.3484174010927399,0.25877463548109025,-0.35844637056122836,0.9364525377264761,-0.21461119967635964,-0.4249127834234746,False,False,False,True,False,False
P100000120800,0.23588194084109174,-0.266580270573599,1,1,0,2022,-0.3484174010927399,0.28392324887597925,-0.35844637056122836,0.9364525377264761,-0.21461119967635964,-0.4249127834234746,False,False,False,True,False,False
P100000120800,0.23588194084109174,-0.266580270573599,1,1,0,2023,-0.3484174010927399,0.30907186227086825,-0.35844637056122836,0.9364525377264761,-0.21461119967635964,-0.4249127834234746,False,False,False,True,False,False
P100000120802,0.0990853959311718,-0.45279457889403185,1,0,0,2019,-0.28265108352069757,-1.0489532610531376,-0.3788798155992659,-0.3490719137044929,-0.19643764441169867,-0.18233186834209622,False,False,True,False,False,False
P100000120802,0.0990853959311718,-0.45279457889403185,1,0,0,2020,-0.2990926629137081,-1.0238046476582487,-0.3788798155992659,-0.3490719137044929,-0.19643764441169867,-0.18233186834209622,False,False,True,False,False,False
P100000120802,0.0990853959311718,-0.45279457889403185,1,0,0,2021,-0.26620950412768696,-0.9986560342633597,-0.3788798155992659,-0.3490719137044929,-0.19643764441169867,-0.18233186834209622,False,False,True,False,False,False
P100000120802,0.0990853959311718,-0.45279457889403185,1,0,0,2022,-0.28265108352069757,-0.9735074208684706,-0.3788798155992659,-0.3490719137044929,-0.19643764441169867,-0.18233186834209622,False,False,True,False,False,False
P100000120802,0.0990853959311718,-0.45279457889403185,1,0,0,2023,-0.28265108352069757,-0.9483588074735817,-0.3788798155992659,-0.3490719137044929,-0.19643764441169867,-0.18233186834209622,False,False,True,False,False,False
P100000120803,-0.20714344103146323,-0.5675645686138672,0,0,0,2019,-0.3768613334426482,0.7617469033788702,-0.3664682790347173,-1.634596365135462,-0.006339445727622709,0.24869679348308343,False,False,True,False,False,False
P100000120803,-0.20714344103146323,-0.5675645686138672,0,0,0,2020,-0.4181296977191048,0.7868955167737592,-0.3664682790347173,-1.634596365135462,-0.006339445727622709,0.24869679348308343,False,False,True,False,False,False
P100000120803,-0.20714344103146323,-0.5675645686138672,0,0,0,2021,-0.39293297729931603,0.8120441301686482,-0.3664682790347173,-1.634596365135462,-0.006339445727622709,0.24869679348308343,False,False,True,False,False,False
P100000120803,-0.20714344103146323,-0.5675645686138672,0,0,0,2022,-0.4069494237318576,0.8371927435635372,-0.3664682790347173,-1.634596365135462,-0.006339445727622709,0.24869679348308343,False,False,True,False,False,False
P100000120803,-0.20714344103146323,-0.5675645686138672,0,0,0,2023,-0.3697914543036537,0.8623413569584262,-0.3664682790347173,-1.634596365135462,-0.006339445727622709,0.24869679348308343,False,False,True,False,False,False
P100000120805,2.1893366021547482,0.766349636904919,1,0,0,2019,0.013297345553493019,0.7365982899839812,-0.36919735913709867,-0.3490719137044929,-0.21461119967635964,-0.4249127834234746,False,False,True,False,False,False
P100000120805,2.1893366021547482,0.766349636904919,1,0,0,2020,0.013297345553493019,0.7617469033788702,-0.36919735913709867,-0.3490719137044929,-0.21461119967635964,-0.4249127834234746,False,False,True,False,False,False
P100000120805,2.1893366021547482,0.766349636904919,1,0,0,2021,0.013297345553493019,0.7868955167737592,-0.36919735913709867,-0.3490719137044929,-0.21461119967635964,-0.4249127834234746,False,False,True,False,False,False
P100000120805,2.1893366021547482,0.766349636904919,1,0,0,2022,0.013297345553493019,0.8120441301686482,-0.36919735913709867,-0.3490719137044929,-0.21461119967635964,-0.4249127834234746,False,False,True,False,False,False
P100000120805,2.1893366021547482,0.766349636904919,1,0,0,2023,0.013297345553493019,0.8371927435635372,-0.36919735913709867,-0.3490719137044929,-0.21461119967635964,-0.4249127834234746,False,False,True,False,False,False
P100000120806,0.5196370597113827,-0.3236783404592171,1,0,0,2019,-0.2701554831820095,0.9377871971430932,-0.3902851617831775,-0.3490719137044929,-0.05615535421248274,-0.23445390347008002,False,False,True,False,False,False
P100000120806,0.5196370597113827,-0.3236783404592171,1,0,0,2020,-0.28265108352069757,0.9629358105379822,-0.3902851617831775,-0.3490719137044929,-0.05615535421248274,-0.23445390347008002,False,False,True,False,False,False
P100000120806,0.5196370597113827,-0.3236783404592171,1,0,0,2021,-0.2875835573386007,0.9880844239328712,-0.3902851617831775,-0.3490719137044929,-0.05615535421248274,-0.23445390347008002,False,False,True,False,False,False
P100000120806,0.5196370597113827,-0.3236783404592171,1,0,0,2022,-0.2701554831820095,1.0132330373277603,-0.3902851617831775,-0.3490719137044929,-0.05615535421248274,-0.23445390347008002,False,False,True,False,False,False
P100000120806,0.5196370597113827,-0.3236783404592171,1,0,0,2023,-0.24023180868673022,1.038381650722649,-0.3902851617831775,-0.3490719137044929,-0.05615535421248274,-0.23445390347008002,False,False,True,False,False,False
P100000120807,2.4134875121714314,3.2628838382856373,1,1,0,2019,1.4669384836380417,1.0132330373277603,-0.23748569545034104,0.9364525377264761,-0.0957273140149064,0.030294982610363116,False,False,True,False,False,False
P100000120807,2.4134875121714314,3.2628838382856373,1,1,0,2020,1.3736736245311891,1.038381650722649,-0.23748569545034104,0.9364525377264761,-0.0957273140149064,0.030294982610363116,False,False,True,False,False,False
P100000120807,2.4134875121714314,3.2628838382856373,1,1,0,2021,1.7054646966821427,1.0635302641175381,-0.23748569545034104,0.9364525377264761,-0.0957273140149064,0.030294982610363116,False,False,True,False,False,False
P100000120807,2.4134875121714314,3.2628838382856373,1,1,0,2022,1.2454293052657064,1.0886788775124272,-0.23748569545034104,0.9364525377264761,-0.0957273140149064,0.030294982610363116,False,False,True,False,False,False
P100000120807,2.4134875121714314,3.2628838382856373,1,1,0,2023,1.5431863080731283,1.1138274909073163,-0.23748569545034104,0.9364525377264761,-0.0957273140149064,0.030294982610363116,False,False,True,False,False,False
P100000120808,4.49611719660717,3.2341913408556784,1,1,0,2019,1.5961829989832654,0.9629358105379822,-0.3296747885940215,0.9364525377264761,-0.20782868544828978,-0.2779138961568112,False,False,True,False,False,False
P100000120808,4.49611719660717,3.2341913408556784,1,1,0,2020,1.4936971541001665,0.9880844239328712,-0.3296747885940215,0.9364525377264761,-0.20782868544828978,-0.2779138961568112,False,False,True,False,False,False
P100000120808,4.49611719660717,3.2341913408556784,1,1,0,2021,1.6702797167811,1.0132330373277603,-0.3296747885940215,0.9364525377264761,-0.20782868544828978,-0.2779138961568112,False,False,True,False,False,False
P100000120808,4.49611719660717,3.2341913408556784,1,1,0,2022,1.6245721260685306,1.038381650722649,-0.3296747885940215,0.9364525377264761,-0.20782868544828978,-0.2779138961568112,False,False,True,False,False,False
P100000120808,4.49611719660717,3.2341913408556784,1,1,0,2023,1.5961829989832654,1.0635302641175381,-0.3296747885940215,0.9364525377264761,-0.20782868544828978,-0.2779138961568112,False,False,True,False,False,False
P100000120809,-0.5458126015013078,-0.46714082760901127,1,1,0,2019,-0.3276188031605815,-1.0238046476582487,-0.14298512730941784,0.9364525377264761,-0.21426215431225779,-0.3921843048864632,False,False,True,False,False,False
P100000120809,-0.5458126015013078,-0.46714082760901127,1,1,0,2020,-0.32572802153038527,-0.9986560342633597,-0.14298512730941784,0.9364525377264761,-0.21426215431225779,-0.3921843048864632,False,False,True,False,False,False
P100000120809,-0.5458126015013078,-0.46714082760901127,1,1,0,2021,-0.32950958479077774,-0.9735074208684706,-0.14298512730941784,0.9364525377264761,-0.21426215431225779,-0.3921843048864632,False,False,True,False,False,False
P100000120809,-0.5458126015013078,-0.46714082760901127,1,1,0,2022,-0.3276188031605815,-0.9483588074735817,-0.14298512730941784,0.9364525377264761,-0.21426215431225779,-0.3921843048864632,False,False,True,False,False,False
P100000120809,-0.5458126015013078,-0.46714082760901127,1,1,0,2023,-0.3276188031605815,-0.9232101940786926,-0.14298512730941784,0.9364525377264761,-0.21426215431225779,-0.3921843048864632,False,False,True,False,False,False
P100000120810,-0.4969566926049079,-0.3236783404592171,1,1,0,2019,-0.24590415357731887,-0.8226157404991367,-0.1093001443190122,0.9364525377264761,-0.1782320231730461,-0.07807938745171947,False,False,True,False,False,False
P100000120810,-0.4969566926049079,-0.3236783404592171,1,1,0,2020,-0.27245730429703097,-0.7974671271042477,-0.1093001443190122,0.9364525377264761,-0.1782320231730461,-0.07807938745171947,False,False,True,False,False,False
P100000120810,-0.4969566926049079,-0.3236783404592171,1,1,0,2021,-0.21935100285760678,-0.7723185137093587,-0.1093001443190122,0.9364525377264761,-0.1782320231730461,-0.07807938745171947,False,False,True,False,False,False
P100000120810,-0.4969566926049079,-0.3236783404592171,1,1,0,2022,-0.24590415357731887,-0.7471699003144697,-0.1093001443190122,0.9364525377264761,-0.1782320231730461,-0.07807938745171947,False,False,True,False,False,False
P100000120810,-0.4969566926049079,-0.3236783404592171,1,1,0,2023,-0.24590415357731887,-0.7220212869195807,-0.1093001443190122,0.9364525377264761,-0.1782320231730461,-0.07807938745171947,False,False,True,False,False,False
P100000120811,1.8623928598200397,0.3649415978597949,1,1,0,2019,0.17771313948359888,0.8120441301686482,-0.3838482410351148,0.9364525377264761,-0.191930661788977,-0.39014268991575807,False,False,True,False,False,False
P100000120811,1.8623928598200397,0.3649415978597949,1,1,0,2020,0.19415471887660948,0.8371927435635372,-0.3838482410351148,0.9364525377264761,-0.191930661788977,-0.39014268991575807,False,False,True,False,False,False
P100000120811,1.8623928598200397,0.3649415978597949,1,1,0,2021,0.19711420316735137,0.8623413569584262,-0.3838482410351148,0.9364525377264761,-0.191930661788977,-0.39014268991575807,False,False,True,False,False,False
P100000120811,1.8623928598200397,0.3649415978597949,1,1,0,2022,0.1896606871758533,0.8874899703533152,-0.3838482410351148,0.9364525377264761,-0.191930661788977,-0.39014268991575807,False,False,True,False,False,False
P100000120811,1.8623928598200397,0.3649415978597949,1,1,0,2023,0.1896606871758533,0.9126385837482042,-0.3838482410351148,0.9364525377264761,-0.191930661788977,-0.39014268991575807,False,False,True,False,False,False
P100000120812,0.9978386959893456,0.1067091209901654,1,1,0,2019,0.03943945678837985,-0.29449485920646773,-0.3684043868559023,0.9364525377264761,-0.2371594159816821,-0.3978133485059413,False,False,True,False,False,False
P100000120812,0.9978386959893456,0.1067091209901654,1,1,0,2020,0.04141244631554112,-0.26934624581157873,-0.3684043868559023,0.9364525377264761,-0.2371594159816821,-0.3978133485059413,False,False,True,False,False,False
P100000120812,0.9978386959893456,0.1067091209901654,1,1,0,2021,0.029738924946503605,-0.24419763241668974,-0.3684043868559023,0.9364525377264761,-0.2371594159816821,-0.3978133485059413,False,False,True,False,False,False
P100000120812,0.9978386959893456,0.1067091209901654,1,1,0,2022,0.029738924946503605,-0.21904901902180074,-0.3684043868559023,0.9364525377264761,-0.2371594159816821,-0.3978133485059413,False,False,True,False,False,False
P100000120812,0.9978386959893456,0.1067091209901654,1,1,0,2023,0.029738924946503605,-0.19390040562691174,-0.3684043868559023,0.9364525377264761,-0.2371594159816821,-0.3978133485059413,False,False,True,False,False,False
P100000120813,0.07954303237261182,-0.680613008487905,1,0,0,2019,-0.4215002214946719,1.9185831195437641,-0.42384847396929937,-0.3490719137044929,-0.20118431388169403,-0.39374488647348355,False,False,True,False,False,False
P100000120813,0.07954303237261182,-0.680613008487905,1,0,0,2020,-0.4215002214946719,1.9437317329386532,-0.42384847396929937,-0.3490719137044929,-0.20118431388169403,-0.39374488647348355,False,False,True,False,False,False
P100000120813,0.07954303237261182,-0.680613008487905,1,0,0,2021,-0.4215002214946719,1.968880346333542,-0.42384847396929937,-0.3490719137044929,-0.20118431388169403,-0.39374488647348355,False,False,True,False,False,False
P100000120813,0.07954303237261182,-0.680613008487905,1,0,0,2022,-0.42256892415521763,1.994028959728431,-0.42384847396929937,-0.3490719137044929,-0.20118431388169403,-0.39374488647348355,False,False,True,False,False,False
P100000120813,0.07954303237261182,-0.680613008487905,1,0,0,2023,-0.42043151883412627,2.01917757312332,-0.42384847396929937,-0.3490719137044929,-0.20118431388169403,-0.39374488647348355,False,False,True,False,False,False
P100000120815,0.39222084930957163,-0.6249495634737848,1,1,0,2019,-0.36765404898256226,5.866915422541337,-0.42736123926619785,0.9364525377264761,-0.20916592679126636,-0.41224338910710767,False,False,True,False,False,False
P100000120815,0.39222084930957163,-0.6249495634737848,1,1,0,2020,-0.36633872263112144,5.892064035936226,-0.42736123926619785,0.9364525377264761,-0.20916592679126636,-0.41224338910710767,False,False,True,False,False,False
P100000120815,0.39222084930957163,-0.6249495634737848,1,1,0,2021,-0.36699638580684185,5.917212649331115,-0.42736123926619785,0.9364525377264761,-0.20916592679126636,-0.41224338910710767,False,False,True,False,False,False
P100000120815,0.39222084930957163,-0.6249495634737848,1,1,0,2022,-0.36699638580684185,5.942361262726004,-0.42736123926619785,0.9364525377264761,-0.20916592679126636,-0.41224338910710767,False,False,True,False,False,False
P100000120815,0.39222084930957163,-0.6249495634737848,1,1,0,2023,-0.36699638580684185,5.967509876120893,-0.42736123926619785,0.9364525377264761,-0.20916592679126636,-0.41224338910710767,False,False,True,False,False,False
P100000120816,0.39222084930957163,-0.6249495634737848,1,1,0,2019,-0.42470632947630904,1.9185831195437641,-0.42736123926619785,0.9364525377264761,-0.25265279358639203,-0.32758626592475215,False,False,True,False,False,False
P100000120816,0.39222084930957163,-0.6249495634737848,1,1,0,2020,-0.43111854543958317,1.9437317329386532,-0.42736123926619785,0.9364525377264761,-0.25265279358639203,-0.32758626592475215,False,False,True,False,False,False
P100000120816,0.39222084930957163,-0.6249495634737848,1,1,0,2021,-0.4279124374579461,1.968880346333542,-0.42736123926619785,0.9364525377264761,-0.25265279358639203,-0.32758626592475215,False,False,True,False,False,False
P100000120816,0.39222084930957163,-0.6249495634737848,1,1,0,2022,-0.4279124374579461,1.994028959728431,-0.42736123926619785,0.9364525377264761,-0.25265279358639203,-0.32758626592475215,False,False,True,False,False,False
P100000120816,0.39222084930957163,-0.6249495634737848,1,1,0,2023,-0.4279124374579461,2.01917757312332,-0.42736123926619785,0.9364525377264761,-0.25265279358639203,-0.32758626592475215,False,False,True,False,False,False
P100000120817,-0.272219511681468,-0.5388720711839083,1,0,0,2019,-0.3648589804857505,-1.0238046476582487,-0.3433675902267026,-0.3490719137044929,-0.21461119967635964,-0.4249127834234746,False,False,True,False,False,False
P100000120817,-0.272219511681468,-0.5388720711839083,1,0,0,2020,-0.3648589804857505,-0.9986560342633597,-0.3433675902267026,-0.3490719137044929,-0.21461119967635964,-0.4249127834234746,False,False,True,False,False,False
P100000120817,-0.272219511681468,-0.5388720711839083,1,0,0,2021,-0.3648589804857505,-0.9735074208684706,-0.3433675902267026,-0.3490719137044929,-0.21461119967635964,-0.4249127834234746,False,False,True,False,False,False
P100000120817,-0.272219511681468,-0.5388720711839083,1,0,0,2022,-0.3648589804857505,-0.9483588074735817,-0.3433675902267026,-0.3490719137044929,-0.21461119967635964,-0.4249127834234746,False,False,True,False,False,False
P100000120817,-0.272219511681468,-0.5388720711839083,1,0,0,2023,-0.3648589804857505,-0.9232101940786926,-0.3433675902267026,-0.3490719137044929,-0.21461119967635964,-0.4249127834234746,False,False,True,False,False,False
P100000120818,4.9536039275130594,2.545858327510966,1,0,0,2019,0.8879482653131737,0.43481492924531323,-0.3620585596576559,-0.3490719137044929,9.948633852208697,10.0207595205959,False,False,True,False,False,False
P100000120818,4.9536039275130594,2.545858327510966,1,0,0,2020,1.3309255181093615,0.4599635426402022,-0.3620585596576559,-0.3490719137044929,9.948633852208697,10.0207595205959,False,False,True,False,False,False
P100000120818,4.9536039275130594,2.545858327510966,1,0,0,2021,-0.337730374487283,0.4851121560350912,-0.3620585596576559,-0.3490719137044929,9.948633852208697,10.0207595205959,False,False,True,False,False,False
P100000120818,4.9536039275130594,2.545858327510966,1,0,0,2022,1.2299742206362765,0.5102607694299802,-0.3620585596576559,-0.3490719137044929,9.948633852208697,10.0207595205959,False,False,True,False,False,False
P100000120818,4.9536039275130594,2.545858327510966,1,0,0,2023,1.32862369699434,0.5354093828248692,-0.3620585596576559,-0.3490719137044929,9.948633852208697,10.0207595205959,False,False,True,False,False,False
P100000120819,0.9784917560663713,-0.3093320917442377,1,1,0,2019,-0.2977773365622673,0.43481492924531323,-0.4092711558083874,0.9364525377264761,-0.12256452962628382,-0.2743411786481613,False,False,True,False,False,False
P100000120819,0.9784917560663713,-0.3093320917442377,1,1,0,2020,-0.283308746696418,0.4599635426402022,-0.4092711558083874,0.9364525377264761,-0.12256452962628382,-0.2743411786481613,False,False,True,False,False,False
P100000120819,0.9784917560663713,-0.3093320917442377,1,1,0,2021,-0.28265108352069757,0.4851121560350912,-0.4092711558083874,0.9364525377264761,-0.12256452962628382,-0.2743411786481613,False,False,True,False,False,False
P100000120819,0.9784917560663713,-0.3093320917442377,1,1,0,2022,-0.26620950412768696,0.5102607694299802,-0.4092711558083874,0.9364525377264761,-0.12256452962628382,-0.2743411786481613,False,False,True,False,False,False
P100000120819,0.9784917560663713,-0.3093320917442377,1,1,0,2023,-0.28265108352069757,0.5354093828248692,-0.4092711558083874,0.9364525377264761,-0.12256452962628382,-0.2743411786481613,False,False,True,False,False,False
P100000120820,0.0013735781383718507,-0.7537788769343,1,0,0,2019,-0.5013240894477383,1.868285892753986,-0.4359793550254987,-0.3490719137044929,-0.012834394161612922,-0.05052062023119918,False,False,True,False,False,False
P100000120820,0.0013735781383718507,-0.7537788769343,1,0,0,2020,-0.4942542103087438,1.893434506148875,-0.4359793550254987,-0.3490719137044929,-0.012834394161612922,-0.05052062023119918,False,False,True,False,False,False
P100000120820,0.0013735781383718507,-0.7537788769343,1,0,0,2021,-0.4977891498782411,1.9185831195437641,-0.4359793550254987,-0.3490719137044929,-0.012834394161612922,-0.05052062023119918,False,False,True,False,False,False
P100000120820,0.0013735781383718507,-0.7537788769343,1,0,0,2022,-0.4977891498782411,1.9437317329386532,-0.4359793550254987,-0.3490719137044929,-0.012834394161612922,-0.05052062023119918,False,False,True,False,False,False
P100000120820,0.0013735781383718507,-0.7537788769343,1,0,0,2023,-0.4977891498782411,1.968880346333542,-0.4359793550254987,-0.3490719137044929,-0.012834394161612922,-0.05052062023119918,False,False,True,False,False,False
P100000120822,3.6180788019210692,1.615934485806,1,1,0,2019,-0.28265108352069757,1.0132330373277603,-0.3672179288034806,0.9364525377264761,4.795178060631696,4.74500640727723,False,False,True,False,False,False
P100000120822,3.6180788019210692,1.615934485806,1,1,0,2020,0.7202852594529483,1.038381650722649,-0.3672179288034806,0.9364525377264761,4.795178060631696,4.74500640727723,False,False,True,False,False,False
P100000120822,3.6180788019210692,1.615934485806,1,1,0,2021,0.6663568790438735,1.0635302641175381,-0.3672179288034806,0.9364525377264761,4.795178060631696,4.74500640727723,False,False,True,False,False,False
P100000120822,3.6180788019210692,1.615934485806,1,1,0,2022,0.3679970183253747,1.0886788775124272,-0.3672179288034806,0.9364525377264761,4.795178060631696,4.74500640727723,False,False,True,False,False,False
P100000120822,3.6180788019210692,1.615934485806,1,1,0,2023,0.3679970183253747,1.1138274909073163,-0.3672179288034806,0.9364525377264761,4.795178060631696,4.74500640727723,False,False,True,False,False,False
P100000120825,0.012121878095579845,-0.6106033147588055,0,0,0,2019,-0.41895177668875533,1.8179886659642082,-0.40436564267146796,-1.634596365135462,-0.2815204944627873,-0.2162932605664873,False,False,True,False,False,False
P100000120825,0.012121878095579845,-0.6106033147588055,0,0,0,2020,-0.43029646646993264,1.8431372793590972,-0.40436564267146796,-1.634596365135462,-0.2815204944627873,-0.2162932605664873,False,False,True,False,False,False
P100000120825,0.012121878095579845,-0.6106033147588055,0,0,0,2021,-0.4205959346280564,1.868285892753986,-0.40436564267146796,-1.634596365135462,-0.2815204944627873,-0.2162932605664873,False,False,True,False,False,False
P100000120825,0.012121878095579845,-0.6106033147588055,0,0,0,2022,-0.4250351610641692,1.893434506148875,-0.40436564267146796,-1.634596365135462,-0.2815204944627873,-0.2162932605664873,False,False,True,False,False,False
P100000120825,0.012121878095579845,-0.6106033147588055,0,0,0,2023,-0.4255284084459595,1.9185831195437641,-0.40436564267146796,-1.634596365135462,-0.2815204944627873,-0.2162932605664873,False,False,True,False,False,False
P100000120831,2.3763570214101675,-0.4958333250389701,1,1,0,2019,-0.33066049534828845,5.414240381433335,-0.446029022758112,0.9364525377264761,-0.1907591226702983,-0.37114909778739835,False,False,True,False,False,False
P100000120831,2.3763570214101675,-0.4958333250389701,1,1,0,2020,-0.32375503200322403,5.4393889948282235,-0.446029022758112,0.9364525377264761,-0.1907591226702983,-0.37114909778739835,False,False,True,False,False,False
P100000120831,2.3763570214101675,-0.4958333250389701,1,1,0,2021,-0.3272077636757562,5.464537608223113,-0.446029022758112,0.9364525377264761,-0.1907591226702983,-0.37114909778739835,False,False,True,False,False,False
P100000120831,2.3763570214101675,-0.4958333250389701,1,1,0,2022,-0.3272077636757562,5.489686221618002,-0.446029022758112,0.9364525377264761,-0.1907591226702983,-0.37114909778739835,False,False,True,False,False,False
P100000120831,2.3763570214101675,-0.4958333250389701,1,1,0,2023,-0.3272077636757562,5.51483483501289,-0.446029022758112,0.9364525377264761,-0.1907591226702983,-0.37114909778739835,False,False,True,False,False,False
P100000120833,-0.3320191441706616,0.8240215567391362,1,0,0,2019,0.21881708796612537,-0.16875179223202275,0.21272868464128525,-0.3490719137044929,-0.2141284742493308,-0.3861613319887571,False,False,False,False,True,False
P100000120833,-0.3320191441706616,0.8240215567391362,1,0,0,2020,0.21059629826962006,-0.14360317883713375,0.21272868464128525,-0.3490719137044929,-0.2141284742493308,-0.3861613319887571,False,False,False,False,True,False
P100000120833,-0.3320191441706616,0.8240215567391362,1,0,0,2021,0.22703787766263064,-0.11845456544224474,0.21272868464128525,-0.3490719137044929,-0.2141284742493308,-0.3861613319887571,False,False,False,False,True,False
P100000120833,-0.3320191441706616,0.8240215567391362,1,0,0,2022,0.21881708796612537,-0.09330595204735574,0.21272868464128525,-0.3490719137044929,-0.2141284742493308,-0.3861613319887571,False,False,False,False,True,False
P100000120833,-0.3320191441706616,0.8240215567391362,1,0,0,2023,0.21881708796612537,-0.06815733865246675,0.21272868464128525,-0.3490719137044929,-0.2141284742493308,-0.3861613319887571,False,False,False,False,True,False
P100000120845,-0.5458126015013078,-0.8937982643924992,1,1,0,2019,-0.20545786827051285,0.7868955167737592,-0.46578457653058725,0.9364525377264761,-0.16895985607041933,-0.3218403972065754,False,False,False,True,False,False
P100000120845,-0.5458126015013078,-0.8937982643924992,1,1,0,2020,-0.20545786827051285,0.8120441301686482,-0.46578457653058725,0.9364525377264761,-0.16895985607041933,-0.3218403972065754,False,False,False,True,False,False
P100000120845,-0.5458126015013078,-0.8937982643924992,1,1,0,2021,-0.20545786827051285,0.8371927435635372,-0.46578457653058725,0.9364525377264761,-0.16895985607041933,-0.3218403972065754,False,False,False,True,False,False
P100000120845,-0.5458126015013078,-0.8937982643924992,1,1,0,2022,-0.21589827118507457,0.8623413569584262,-0.46578457653058725,0.9364525377264761,-0.16895985607041933,-0.3218403972065754,False,False,False,True,False,False
P100000120845,-0.5458126015013078,-0.8937982643924992,1,1,0,2023,-0.1950174653559511,0.8874899703533152,-0.46578457653058725,0.9364525377264761,-0.16895985607041933,-0.3218403972065754,False,False,False,True,False,False
P100000120852,-0.5848973286184278,-0.6909423075626902,1,1,0,2019,-0.4388460877542981,0.28392324887597925,-0.2810486442594271,0.9364525377264761,-0.3065302802196156,0.22512241837948366,True,False,False,False,False,False
P100000120852,-0.5848973286184278,-0.6909423075626902,1,1,0,2020,-0.46038455675914197,0.30907186227086825,-0.2810486442594271,0.9364525377264761,-0.3065302802196156,0.22512241837948366,True,False,False,False,False,False
P100000120852,-0.5848973286184278,-0.6909423075626902,1,1,0,2021,-0.43588660346355623,0.33422047566575724,-0.2810486442594271,0.9364525377264761,-0.3065302802196156,0.22512241837948366,True,False,False,False,False,False
P100000120852,-0.5848973286184278,-0.6909423075626902,1,1,0,2022,-0.43917491934215835,0.35936908906064624,-0.2810486442594271,0.9364525377264761,-0.3065302802196156,0.22512241837948366,True,False,False,False,False,False
P100000120852,-0.5848973286184278,-0.6909423075626902,1,1,0,2023,-0.45282143023835714,0.38451770245553524,-0.2810486442594271,0.9364525377264761,-0.3065302802196156,0.22512241837948366,True,False,False,False,False,False
P100000120854,0.7267861134321186,0.39363409528975374,1,1,0,2019,0.08716114097659308,0.18332879529642324,-0.3166048909522209,0.9364525377264761,0.05429805659768469,0.3720970208050664,False,False,False,True,False,False
P100000120854,0.7267861134321186,0.39363409528975374,1,1,0,2020,-0.027148939753313023,0.20847740869131223,-0.3166048909522209,0.9364525377264761,0.05429805659768469,0.3720970208050664,False,False,False,True,False,False
P100000120854,0.7267861134321186,0.39363409528975374,1,1,0,2021,0.2061570718335072,0.23362602208620123,-0.3166048909522209,0.9364525377264761,0.05429805659768469,0.3720970208050664,False,False,False,True,False,False
P100000120854,0.7267861134321186,0.39363409528975374,1,1,0,2022,0.043385435842702394,0.25877463548109025,-0.3166048909522209,0.9364525377264761,0.05429805659768469,0.3720970208050664,False,False,False,True,False,False
P100000120854,0.7267861134321186,0.39363409528975374,1,1,0,2023,0.12625099598347575,0.28392324887597925,-0.3166048909522209,0.9364525377264761,0.05429805659768469,0.3720970208050664,False,False,False,True,False,False
P100000120858,-0.6509505174463606,-0.3810633353191348,0,1,0,2019,-0.4732089886856902,-0.6717240601298027,0.23969391913042704,-0.3490719137044929,0.39795669359868285,0.5378336321238829,True,False,False,False,False,False
P100000120858,-0.6509505174463606,-0.3810633353191348,0,1,0,2020,-0.4349001086999756,-0.6465754467349137,0.23969391913042704,-0.3490719137044929,0.39795669359868285,0.5378336321238829,True,False,False,False,False,False
P100000120858,-0.6509505174463606,-0.3810633353191348,0,1,0,2021,-0.43161179282137346,-0.6214268333400247,0.23969391913042704,-0.3490719137044929,0.39795669359868285,0.5378336321238829,True,False,False,False,False,False
P100000120858,-0.6509505174463606,-0.3810633353191348,0,1,0,2022,-0.448752139338587,-0.5962782199451357,0.23969391913042704,-0.3490719137044929,0.39795669359868285,0.5378336321238829,True,False,False,False,False,False
P100000120858,-0.6509505174463606,-0.3810633353191348,0,1,0,2023,-0.45528766714730873,-0.5711296065502467,0.23969391913042704,-0.3490719137044929,0.39795669359868285,0.5378336321238829,True,False,False,False,False,False
P100000120859,-0.6232003611932054,-0.46714082760901127,1,1,0,2019,-0.44213440363290024,-0.5711296065502467,0.01739561260012541,0.9364525377264761,-0.21461119967635964,-0.4249127834234746,True,False,False,False,False,False
P100000120859,-0.6232003611932054,-0.46714082760901127,1,1,0,2020,-0.44213440363290024,-0.5459809931553578,0.01739561260012541,0.9364525377264761,-0.21461119967635964,-0.4249127834234746,True,False,False,False,False,False
P100000120859,-0.6232003611932054,-0.46714082760901127,1,1,0,2021,-0.44213440363290024,-0.5208323797604687,0.01739561260012541,0.9364525377264761,-0.21461119967635964,-0.4249127834234746,True,False,False,False,False,False
P100000120859,-0.6232003611932054,-0.46714082760901127,1,1,0,2022,-0.44213440363290024,-0.4956837663655797,0.01739561260012541,0.9364525377264761,-0.21461119967635964,-0.4249127834234746,True,False,False,False,False,False
P100000120859,-0.6232003611932054,-0.46714082760901127,1,1,0,2023,-0.44213440363290024,-0.4705351529706907,0.01739561260012541,0.9364525377264761,-0.21461119967635964,-0.4249127834234746,True,False,False,False,False,False
P100000120862,-0.7086004899441126,-0.6679883096187231,1,0,0,2019,-0.4279946453549111,-0.3950893127860237,0.09923468225919384,-0.3490719137044929,-0.21461119967635964,-0.4249127834234746,True,False,False,False,False,False
P100000120862,-0.7086004899441126,-0.6679883096187231,1,0,0,2020,-0.4279946453549111,-0.3699406993911347,0.09923468225919384,-0.3490719137044929,-0.21461119967635964,-0.4249127834234746,True,False,False,False,False,False
P100000120862,-0.7086004899441126,-0.6679883096187231,1,0,0,2021,-0.4279946453549111,-0.3447920859962457,0.09923468225919384,-0.3490719137044929,-0.21461119967635964,-0.4249127834234746,True,False,False,False,False,False
P100000120862,-0.7086004899441126,-0.6679883096187231,1,0,0,2022,-0.4279946453549111,-0.3196434726013567,0.09923468225919384,-0.3490719137044929,-0.21461119967635964,-0.4249127834234746,True,False,False,False,False,False
P100000120862,-0.7086004899441126,-0.6679883096187231,1,0,0,2023,-0.4279946453549111,-0.29449485920646773,0.09923468225919384,-0.3490719137044929,-0.21461119967635964,-0.4249127834234746,True,False,False,False,False,False
P100000120863,-0.7086004899441126,-0.7397195531936203,1,1,0,2019,-0.45956247778949144,-0.4202379261809127,-0.07821572768118105,0.9364525377264761,-0.21461119967635964,-0.4249127834234746,True,False,False,False,False,False
P100000120863,-0.7086004899441126,-0.7397195531936203,1,1,0,2020,-0.45956247778949144,-0.3950893127860237,-0.07821572768118105,0.9364525377264761,-0.21461119967635964,-0.4249127834234746,True,False,False,False,False,False
P100000120863,-0.7086004899441126,-0.7397195531936203,1,1,0,2021,-0.45956247778949144,-0.3699406993911347,-0.07821572768118105,0.9364525377264761,-0.21461119967635964,-0.4249127834234746,True,False,False,False,False,False
P100000120863,-0.7086004899441126,-0.7397195531936203,1,1,0,2022,-0.45956247778949144,-0.3447920859962457,-0.07821572768118105,0.9364525377264761,-0.21461119967635964,-0.4249127834234746,True,False,False,False,False,False
P100000120863,-0.7086004899441126,-0.7397195531936203,1,1,0,2023,-0.45956247778949144,-0.3196434726013567,-0.07821572768118105,0.9364525377264761,-0.21461119967635964,-0.4249127834234746,True,False,False,False,False,False
P100000120865,-0.683977111860327,-0.6679883096187231,0,1,0,2019,-0.39982473932821966,-0.6465754467349137,-0.04589311751354279,-0.3490719137044929,-0.20188802755832097,-0.22359930473404774,True,False,False,False,False,False
P100000120865,-0.683977111860327,-0.6679883096187231,0,1,0,2020,-0.40514084999862643,-0.6214268333400247,-0.04589311751354279,-0.3490719137044929,-0.20188802755832097,-0.22359930473404774,True,False,False,False,False,False
P100000120865,-0.683977111860327,-0.6679883096187231,0,1,0,2021,-0.4043187710289759,-0.5962782199451357,-0.04589311751354279,-0.3490719137044929,-0.20188802755832097,-0.22359930473404774,True,False,False,False,False,False
P100000120865,-0.683977111860327,-0.6679883096187231,0,1,0,2022,-0.3900145969570567,-0.5711296065502467,-0.04589311751354279,-0.3490719137044929,-0.20188802755832097,-0.22359930473404774,True,False,False,False,False,False
P100000120865,-0.683977111860327,-0.6679883096187231,0,1,0,2023,-0.39982473932821966,-0.5459809931553578,-0.04589311751354279,-0.3490719137044929,-0.20188802755832097,-0.22359930473404774,True,False,False,False,False,False
P100000120871,0.3140513950753317,0.1930735382543415,0,0,0,2019,-0.009556449802791696,0.18332879529642324,-0.2917941538333665,-1.634596365135462,0.9265299497667028,0.7034728107085818,False,False,False,True,False,False
P100000120871,0.3140513950753317,0.1930735382543415,0,0,0,2020,0.37180598421808886,0.20847740869131223,-0.2917941538333665,-1.634596365135462,0.9265299497667028,0.7034728107085818,False,False,False,True,False,False
P100000120871,0.3140513950753317,0.1930735382543415,0,0,0,2021,0.37180598421808886,0.23362602208620123,-0.2917941538333665,-1.634596365135462,0.9265299497667028,0.7034728107085818,False,False,False,True,False,False
P100000120871,0.3140513950753317,0.1930735382543415,0,0,0,2022,0.7531684182389694,0.25877463548109025,-0.2917941538333665,-1.634596365135462,0.9265299497667028,0.7034728107085818,False,False,False,True,False,False
P100000120871,0.3140513950753317,0.1930735382543415,0,0,0,2023,0.37180598421808886,0.28392324887597925,-0.2917941538333665,-1.634596365135462,0.9265299497667028,0.7034728107085818,False,False,False,True,False,False
P100000120873,0.14872299936991418,0.5373835074138475,1,1,0,2019,0.014393450846360368,0.057585728321978245,-0.19457497070184754,0.9364525377264761,-0.19889705104585392,-0.20756422257272972,False,False,False,True,False,False
P100000120873,0.14872299936991418,0.5373835074138475,1,1,0,2020,0.006720713796288785,0.08273434171686725,-0.19457497070184754,0.9364525377264761,-0.19889705104585392,-0.20756422257272972,False,False,False,True,False,False
P100000120873,0.14872299936991418,0.5373835074138475,1,1,0,2021,0.05111297815741737,0.10788295511175625,-0.19457497070184754,0.9364525377264761,-0.19889705104585392,-0.20756422257272972,False,False,False,True,False,False
P100000120873,0.14872299936991418,0.5373835074138475,1,1,0,2022,-0.014653339414624978,0.13303156850664524,-0.19457497070184754,0.9364525377264761,-0.19889705104585392,-0.20756422257272972,False,False,False,True,False,False
P100000120873,0.14872299936991418,0.5373835074138475,1,1,0,2023,0.014393450846360368,0.15818018190153424,-0.19457497070184754,0.9364525377264761,-0.19889705104585392,-0.20756422257272972,False,False,False,True,False,False
P100000120875,0.17002417564874456,0.7666365618792186,1,1,0,2019,0.39572848223491924,-0.11845456544224474,-0.15791697904695662,0.9364525377264761,-0.21461119967635964,-0.4249127834234746,False,False,False,True,False,False
P100000120875,0.17002417564874456,0.7666365618792186,1,1,0,2020,0.39572848223491924,-0.09330595204735574,-0.15791697904695662,0.9364525377264761,-0.21461119967635964,-0.4249127834234746,False,False,False,True,False,False
P100000120875,0.17002417564874456,0.7666365618792186,1,1,0,2021,0.39572848223491924,-0.06815733865246675,-0.15791697904695662,0.9364525377264761,-0.21461119967635964,-0.4249127834234746,False,False,False,True,False,False
P100000120875,0.17002417564874456,0.7666365618792186,1,1,0,2022,0.39572848223491924,-0.04300872525757775,-0.15791697904695662,0.9364525377264761,-0.21461119967635964,-0.4249127834234746,False,False,False,True,False,False
P100000120875,0.17002417564874456,0.7666365618792186,1,1,0,2023,0.39572848223491924,-0.017860111862688748,-0.15791697904695662,0.9364525377264761,-0.21461119967635964,-0.4249127834234746,False,False,False,True,False,False
P100000120877,0.03576813800143743,0.10699604596446499,1,1,0,2019,-0.1502963694069623,0.8371927435635372,-0.25021565649554245,0.9364525377264761,-0.23860976477452803,-0.38015085916878444,False,False,False,True,False,False
P100000120877,0.03576813800143743,0.10699604596446499,1,1,0,2020,-0.15728404064899182,0.8623413569584262,-0.25021565649554245,0.9364525377264761,-0.23860976477452803,-0.38015085916878444,False,False,False,True,False,False
P100000120877,0.03576813800143743,0.10699604596446499,1,1,0,2021,-0.15728404064899182,0.8874899703533152,-0.25021565649554245,0.9364525377264761,-0.23860976477452803,-0.38015085916878444,False,False,False,True,False,False
P100000120877,0.03576813800143743,0.10699604596446499,1,1,0,2022,-0.16427171189102133,0.9126385837482042,-0.25021565649554245,0.9364525377264761,-0.23860976477452803,-0.38015085916878444,False,False,False,True,False,False
P100000120877,0.03576813800143743,0.10699604596446499,1,1,0,2023,-0.15728404064899182,0.9377871971430932,-0.25021565649554245,0.9364525377264761,-0.23860976477452803,-0.38015085916878444,False,False,False,True,False,False
P100000120897,2.626694698595321,1.9717214539374897,1,1,0,2019,0.9180774595508656,0.03243711492708925,-0.3191875623293619,0.9364525377264761,-0.21461119967635964,-0.4249127834234746,True,False,False,False,False,False
P100000120897,2.626694698595321,1.9717214539374897,1,1,0,2020,0.9180774595508656,0.057585728321978245,-0.3191875623293619,0.9364525377264761,-0.21461119967635964,-0.4249127834234746,True,False,False,False,False,False
P100000120897,2.626694698595321,1.9717214539374897,1,1,0,2021,0.9180774595508656,0.08273434171686725,-0.3191875623293619,0.9364525377264761,-0.21461119967635964,-0.4249127834234746,True,False,False,False,False,False
P100000120897,2.626694698595321,1.9717214539374897,1,1,0,2022,0.9180774595508656,0.10788295511175625,-0.3191875623293619,0.9364525377264761,-0.21461119967635964,-0.4249127834234746,True,False,False,False,False,False
P100000120897,2.626694698595321,1.9717214539374897,1,1,0,2023,0.9180774595508656,0.13303156850664524,-0.3191875623293619,0.9364525377264761,-0.21461119967635964,-0.4249127834234746,True,False,False,False,False,False
P100000120898,-0.15027516307605368,0.847262479657403,1,1,0,2019,0.31927513805742,-0.5208323797604687,0.022734401498385008,0.9364525377264761,-0.21461119967635964,-0.4249127834234746,True,False,False,False,False,False
P100000120898,-0.15027516307605368,0.847262479657403,1,1,0,2020,0.31927513805742,-0.4956837663655797,0.022734401498385008,0.9364525377264761,-0.21461119967635964,-0.4249127834234746,True,False,False,False,False,False
P100000120898,-0.15027516307605368,0.847262479657403,1,1,0,2021,0.31927513805742,-0.4705351529706907,0.022734401498385008,0.9364525377264761,-0.21461119967635964,-0.4249127834234746,True,False,False,False,False,False
P100000120898,-0.15027516307605368,0.847262479657403,1,1,0,2022,0.31927513805742,-0.4453865395758017,0.022734401498385008,0.9364525377264761,-0.21461119967635964,-0.4249127834234746,True,False,False,False,False,False
P100000120898,-0.15027516307605368,0.847262479657403,1,1,0,2023,0.31927513805742,-0.4202379261809127,0.022734401498385008,0.9364525377264761,-0.21461119967635964,-0.4249127834234746,True,False,False,False,False,False
P100000120899,-0.6056122339905015,-0.409468907774794,1,0,0,2019,-0.2821578361389072,0.03243711492708925,0.027037375202781707,-0.3490719137044929,-0.09351080155307007,-0.18799777925583885,True,False,False,False,False,False
P100000120899,-0.6056122339905015,-0.409468907774794,1,0,0,2020,-0.25996170395834295,0.057585728321978245,0.027037375202781707,-0.3490719137044929,-0.09351080155307007,-0.18799777925583885,True,False,False,False,False,False
P100000120899,-0.6056122339905015,-0.409468907774794,1,0,0,2021,-0.23036686105092388,0.08273434171686725,0.027037375202781707,-0.3490719137044929,-0.09351080155307007,-0.18799777925583885,True,False,False,False,False,False
P100000120899,-0.6056122339905015,-0.409468907774794,1,0,0,2022,-0.2589752091947623,0.10788295511175625,0.027037375202781707,-0.3490719137044929,-0.09351080155307007,-0.18799777925583885,True,False,False,False,False,False
P100000120899,-0.6056122339905015,-0.409468907774794,1,0,0,2023,-0.26242794086729454,0.13303156850664524,0.027037375202781707,-0.3490719137044929,-0.09351080155307007,-0.18799777925583885,True,False,False,False,False,False
P100000120900,-0.1252609377210969,-0.6106033147588055,1,1,0,2019,-0.47222249392210963,-0.3950893127860237,-0.39089266720141663,0.9364525377264761,-0.2945452319151828,-0.2193561904605069,True,False,False,False,False,False
P100000120900,-0.1252609377210969,-0.6106033147588055,1,1,0,2020,-0.47222249392210963,-0.3699406993911347,-0.39089266720141663,0.9364525377264761,-0.2945452319151828,-0.2193561904605069,True,False,False,False,False,False
P100000120900,-0.1252609377210969,-0.6106033147588055,1,1,0,2021,-0.47222249392210963,-0.3447920859962457,-0.39089266720141663,0.9364525377264761,-0.2945452319151828,-0.2193561904605069,True,False,False,False,False,False
P100000120900,-0.1252609377210969,-0.6106033147588055,1,1,0,2022,-0.46827651486778704,-0.3196434726013567,-0.39089266720141663,0.9364525377264761,-0.2945452319151828,-0.2193561904605069,True,False,False,False,False,False
P100000120900,-0.1252609377210969,-0.6106033147588055,1,1,0,2023,-0.47616847297643217,-0.29449485920646773,-0.39089266720141663,0.9364525377264761,-0.2945452319151828,-0.2193561904605069,True,False,False,False,False,False
P100000120905,-0.7412362370869078,0.6725251703089536,0,0,0,2019,-0.407607086907578,1.9185831195437641,6.65859681149198,-1.634596365135462,-0.21461119967635964,-0.4249127834234746,False,False,False,True,False,False
P100000120905,-0.7412362370869078,0.6725251703089536,0,0,0,2020,-0.407607086907578,1.9437317329386532,6.65859681149198,-1.634596365135462,-0.21461119967635964,-0.4249127834234746,False,False,False,True,False,False
P100000120905,-0.7412362370869078,0.6725251703089536,0,0,0,2021,-0.407607086907578,1.968880346333542,6.65859681149198,-1.634596365135462,-0.21461119967635964,-0.4249127834234746,False,False,False,True,False,False
P100000120905,-0.7412362370869078,0.6725251703089536,0,0,0,2022,-0.407607086907578,1.994028959728431,6.65859681149198,-1.634596365135462,-0.21461119967635964,-0.4249127834234746,False,False,False,True,False,False
P100000120905,-0.7412362370869078,0.6725251703089536,0,0,0,2023,-0.407607086907578,2.01917757312332,6.65859681149198,-1.634596365135462,-0.21461119967635964,-0.4249127834234746,False,False,False,True,False,False
P100000120906,3.51899901867917,-0.5867885418919396,1,0,0,2019,-0.043426103352393504,0.9629358105379822,-0.4557830627526763,-0.3490719137044929,-0.5935095881563914,0.9556853149616125,False,False,False,True,False,False
P100000120906,3.51899901867917,-0.5867885418919396,1,0,0,2020,0.24347945705564122,0.9880844239328712,-0.4557830627526763,-0.3490719137044929,-0.5935095881563914,0.9556853149616125,False,False,False,True,False,False
P100000120906,3.51899901867917,-0.5867885418919396,1,0,0,2021,0.2796509317202645,1.0132330373277603,-0.4557830627526763,-0.3490719137044929,-0.5935095881563914,0.9556853149616125,False,False,False,True,False,False
P100000120906,3.51899901867917,-0.5867885418919396,1,0,0,2022,-0.3319758216997293,1.038381650722649,-0.4557830627526763,-0.3490719137044929,-0.5935095881563914,0.9556853149616125,False,False,False,True,False,False
P100000120906,3.51899901867917,-0.5867885418919396,1,0,0,2023,-0.3648589804857505,1.0635302641175381,-0.4557830627526763,-0.3490719137044929,-0.5935095881563914,0.9556853149616125,False,False,False,True,False,False
P100000120909,0.9784917560663713,0.1067091209901654,1,0,0,2019,-0.1641072960970912,2.144920640097765,-0.3673021621862672,-0.3490719137044929,0.4330744942583975,0.9415243798690219,False,False,False,True,False,False
P100000120909,0.9784917560663713,0.1067091209901654,1,0,0,2020,-0.10837034195478533,2.1700692534926542,-0.3673021621862672,-0.3490719137044929,0.4330744942583975,0.9415243798690219,False,False,False,True,False,False
P100000120909,0.9784917560663713,0.1067091209901654,1,0,0,2021,-0.37587483867906757,2.195217866887543,-0.3673021621862672,-0.3490719137044929,0.4330744942583975,0.9415243798690219,False,False,False,True,False,False
P100000120909,0.9784917560663713,0.1067091209901654,1,0,0,2022,-0.27229288850310085,2.220366480282432,-0.3673021621862672,-0.3490719137044929,0.4330744942583975,0.9415243798690219,False,False,False,True,False,False
P100000120909,0.9784917560663713,0.1067091209901654,1,0,0,2023,-0.19633279170739196,2.245515093677321,-0.3673021621862672,-0.3490719137044929,0.4330744942583975,0.9415243798690219,False,False,False,True,False,False
P100000120912,0.19679721372397174,-0.26629334559929946,0,0,0,2019,-0.2915295363929233,1.9437317329386532,-0.3539878607613188,-1.634596365135462,-0.16664353761360015,0.6886751174710594,False,False,False,True,False,False
P100000120912,0.19679721372397174,-0.26629334559929946,0,0,0,2020,-0.4179652819251747,1.968880346333542,-0.3539878607613188,-1.634596365135462,-0.16664353761360015,0.6886751174710594,False,False,False,True,False,False
P100000120912,0.19679721372397174,-0.26629334559929946,0,0,0,2021,-0.35474740915904895,1.994028959728431,-0.3539878607613188,-1.634596365135462,-0.16664353761360015,0.6886751174710594,False,False,False,True,False,False
P100000120912,0.19679721372397174,-0.26629334559929946,0,0,0,2022,-0.35474740915904895,2.01917757312332,-0.3539878607613188,-1.634596365135462,-0.16664353761360015,0.6886751174710594,False,False,False,True,False,False
P100000120912,0.19679721372397174,-0.26629334559929946,0,0,0,2023,-0.35474740915904895,2.044326186518209,-0.3539878607613188,-1.634596365135462,-0.16664353761360015,0.6886751174710594,False,False,False,True,False,False
P100000120915,-0.6718608464540198,-0.5187873229829372,0,1,0,2019,-0.3886992706056158,-0.9986560342633597,0.15095428282127496,-0.3490719137044929,-0.31727471652642875,0.3043427282657198,False,False,False,True,False,False
P100000120915,-0.6718608464540198,-0.5187873229829372,0,1,0,2020,-0.404483186822906,-0.9735074208684706,0.15095428282127496,-0.3490719137044929,-0.31727471652642875,0.3043427282657198,False,False,False,True,False,False
P100000120915,-0.6718608464540198,-0.5187873229829372,0,1,0,2021,-0.36962703850972356,-0.9483588074735817,0.15095428282127496,-0.3490719137044929,-0.31727471652642875,0.3043427282657198,False,False,False,True,False,False
P100000120915,-0.6718608464540198,-0.5187873229829372,0,1,0,2022,-0.43144737702744335,-0.9232101940786926,0.15095428282127496,-0.3490719137044929,-0.31727471652642875,0.3043427282657198,False,False,False,True,False,False
P100000120915,-0.6718608464540198,-0.5187873229829372,0,1,0,2023,-0.41747203454338433,-0.8980615806838037,0.15095428282127496,-0.3490719137044929,-0.31727471652642875,0.3043427282657198,False,False,False,True,False,False
P100000120916,0.7830681204807715,-0.05683811436059995,0,0,0,2019,0.12838840130456713,0.9880844239328712,-0.3731995293935134,-1.634596365135462,-0.22345167715619474,0.8525689028555611,False,False,False,True,False,False
P100000120916,0.7830681204807715,-0.05683811436059995,0,0,0,2020,0.09287458981566427,1.0132330373277603,-0.3731995293935134,-1.634596365135462,-0.22345167715619474,0.8525689028555611,False,False,False,True,False,False
P100000120916,0.7830681204807715,-0.05683811436059995,0,0,0,2021,0.09550524251854596,1.038381650722649,-0.3731995293935134,-1.634596365135462,-0.22345167715619474,0.8525689028555611,False,False,False,True,False,False
P100000120916,0.7830681204807715,-0.05683811436059995,0,0,0,2022,-0.2842952414599986,1.0635302641175381,-0.3731995293935134,-1.634596365135462,-0.22345167715619474,0.8525689028555611,False,False,False,True,False,False
P100000120916,0.7830681204807715,-0.05683811436059995,0,0,0,2023,-0.12481192134779591,1.0886788775124272,-0.3731995293935134,-1.634596365135462,-0.22345167715619474,0.8525689028555611,False,False,False,True,False,False
P100000120919,-0.5262702379427479,-0.6370004123943676,1,0,0,2019,-0.40226357360484954,1.6167997588050962,-0.286659353221111,-0.3490719137044929,-0.12229194087481986,-0.2237639155179116,False,False,False,False,False,True
P100000120919,-0.5262702379427479,-0.6370004123943676,1,0,0,2020,-0.40226357360484954,1.641948372199985,-0.286659353221111,-0.3490719137044929,-0.12229194087481986,-0.2237639155179116,False,False,False,False,False,True
P100000120919,-0.5262702379427479,-0.6370004123943676,1,0,0,2021,-0.40226357360484954,1.667096985594874,-0.286659353221111,-0.3490719137044929,-0.12229194087481986,-0.2237639155179116,False,False,False,False,False,True
P100000120919,-0.5262702379427479,-0.6370004123943676,1,0,0,2022,-0.4100733238165296,1.6922455989897631,-0.286659353221111,-0.3490719137044929,-0.12229194087481986,-0.2237639155179116,False,False,False,False,False,True
P100000120919,-0.5262702379427479,-0.6370004123943676,1,0,0,2023,-0.39445382339316953,1.7173942123846522,-0.286659353221111,-0.3490719137044929,-0.12229194087481986,-0.2237639155179116,False,False,False,False,False,True
P100000120920,-0.5495256505774343,-0.036753366159628764,1,0,0,2019,-0.16454573821423812,1.3150163980664282,0.19311361209047764,-0.3490719137044929,-0.056694514212188483,-0.18577811246591464,False,False,False,False,False,True
P100000120920,-0.5495256505774343,-0.036753366159628764,1,0,0,2020,-0.16454573821423812,1.340165011461317,0.19311361209047764,-0.3490719137044929,-0.056694514212188483,-0.18577811246591464,False,False,False,False,False,True
P100000120920,-0.5495256505774343,-0.036753366159628764,1,0,0,2021,-0.1974837022649027,1.365313624856206,0.19311361209047764,-0.3490719137044929,-0.056694514212188483,-0.18577811246591464,False,False,False,False,False,True
P100000120920,-0.5495256505774343,-0.036753366159628764,1,0,0,2022,-0.17150600682394598,1.3904622382510952,0.19311361209047764,-0.3490719137044929,-0.056694514212188483,-0.18577811246591464,False,False,False,False,False,True
P100000120920,-0.5495256505774343,-0.036753366159628764,1,0,0,2023,-0.1246475055538658,1.4156108516459842,0.19311361209047764,-0.3490719137044929,-0.056694514212188483,-0.18577811246591464,False,False,False,False,False,True
P100000120921,-0.3185349133152552,-0.11651850901491433,1,0,0,2019,-0.15855826305195014,1.792840052569319,-0.16853325533117194,-0.3490719137044929,-0.20297184824770265,0.24297406830307616,False,False,False,False,False,True
P100000120921,-0.3185349133152552,-0.11651850901491433,1,0,0,2020,-0.036027392625538744,1.8179886659642082,-0.16853325533117194,-0.3490719137044929,-0.20297184824770265,0.24297406830307616,False,False,False,False,False,True
P100000120921,-0.3185349133152552,-0.11651850901491433,1,0,0,2021,-0.1974837022649027,1.8431372793590972,-0.16853325533117194,-0.3490719137044929,-0.20297184824770265,0.24297406830307616,False,False,False,False,False,True
P100000120921,-0.3185349133152552,-0.11651850901491433,1,0,0,2022,-0.20488241299175747,1.868285892753986,-0.16853325533117194,-0.3490719137044929,-0.20297184824770265,0.24297406830307616,False,False,False,False,False,True
P100000120921,-0.3185349133152552,-0.11651850901491433,1,0,0,2023,-0.19583954432560163,1.893434506148875,-0.16853325533117194,-0.3490719137044929,-0.20297184824770265,0.24297406830307616,False,False,False,False,False,True
P100000120923,0.008995099926210247,0.5373835074138475,1,0,0,2019,0.1612715600905883,0.20847740869131223,-0.1460647859837408,-0.3490719137044929,-0.21435455799414513,-0.11172065976152767,False,False,False,False,False,True
P100000120923,0.008995099926210247,0.5373835074138475,1,0,0,2020,0.06262208373252479,0.23362602208620123,-0.1460647859837408,-0.3490719137044929,-0.21435455799414513,-0.11172065976152767,False,False,False,False,False,True
P100000120923,0.008995099926210247,0.5373835074138475,1,0,0,2021,0.023819956365019795,0.25877463548109025,-0.1460647859837408,-0.3490719137044929,-0.21435455799414513,-0.11172065976152767,False,False,False,False,False,True
P100000120923,0.008995099926210247,0.5373835074138475,1,0,0,2022,0.06689689437470753,0.28392324887597925,-0.1460647859837408,-0.3490719137044929,-0.21435455799414513,-0.11172065976152767,False,False,False,False,False,True
P100000120923,0.008995099926210247,0.5373835074138475,1,0,0,2023,0.14482998069757771,0.30907186227086825,-0.1460647859837408,-0.3490719137044929,-0.21435455799414513,-0.11172065976152767,False,False,False,False,False,True
P100000120924,-0.6329715429724854,-0.6679883096187231,1,0,0,2019,-0.4799500362368246,4.081363871504218,-0.19221702552616451,-0.3490719137044929,0.8059536265719096,2.1982322587882224,False,False,False,False,False,True
P100000120924,-0.6329715429724854,-0.6679883096187231,1,0,0,2020,-0.4963916156298352,4.106512484899107,-0.19221702552616451,-0.3490719137044929,0.8059536265719096,2.1982322587882224,False,False,False,False,False,True
P100000120924,-0.6329715429724854,-0.6679883096187231,1,0,0,2021,-0.4408190772814594,4.131661098293996,-0.19221702552616451,-0.3490719137044929,0.8059536265719096,2.1982322587882224,False,False,False,False,False,True
P100000120924,-0.6329715429724854,-0.6679883096187231,1,0,0,2022,-0.5046124053263404,4.156809711688885,-0.19221702552616451,-0.3490719137044929,0.8059536265719096,2.1982322587882224,False,False,False,False,False,True
P100000120924,-0.6329715429724854,-0.6679883096187231,1,0,0,2023,-0.5013240894477383,4.181958325083774,-0.19221702552616451,-0.3490719137044929,0.8059536265719096,2.1982322587882224,False,False,False,False,False,True
P100000120926,-0.10982247050983449,1.0535615361788069,1,0,0,2019,0.23044950538668035,1.792840052569319,0.04768045065658067,-0.3490719137044929,0.17064632579648117,0.20138679317518116,False,False,False,False,False,True
P100000120926,-0.10982247050983449,1.0535615361788069,1,0,0,2020,0.029738924946503605,1.8179886659642082,0.04768045065658067,-0.3490719137044929,0.17064632579648117,0.20138679317518116,False,False,False,False,False,True
P100000120926,-0.10982247050983449,1.0535615361788069,1,0,0,2021,0.222927482814378,1.8431372793590972,0.04768045065658067,-0.3490719137044929,0.17064632579648117,0.20138679317518116,False,False,False,False,False,True
P100000120926,-0.10982247050983449,1.0535615361788069,1,0,0,2022,0.2814595054534957,1.868285892753986,0.04768045065658067,-0.3490719137044929,0.17064632579648117,0.20138679317518116,False,False,False,False,False,True
P100000120926,-0.10982247050983449,1.0535615361788069,1,0,0,2023,0.38767210833234406,1.893434506148875,0.04768045065658067,-0.3490719137044929,0.17064632579648117,0.20138679317518116,False,False,False,False,False,True
P100000120927,-0.36993132947426793,0.2788641055699184,1,0,0,2019,-0.036027392625538744,1.4910566918306511,0.039983145378150516,-0.3490719137044929,0.12318211982232988,0.3075363136990835,False,False,False,False,False,True
P100000120927,-0.36993132947426793,0.2788641055699184,1,0,0,2020,-0.2004431865556446,1.5162053052255402,0.039983145378150516,-0.3490719137044929,0.12318211982232988,0.3075363136990835,False,False,False,False,False,True
P100000120927,-0.36993132947426793,0.2788641055699184,1,0,0,2021,-0.07581601475662436,1.541353918620429,0.039983145378150516,-0.3490719137044929,0.12318211982232988,0.3075363136990835,False,False,False,False,False,True
P100000120927,-0.36993132947426793,0.2788641055699184,1,0,0,2022,-0.0404666190616516,1.566502532015318,0.039983145378150516,-0.3490719137044929,0.12318211982232988,0.3075363136990835,False,False,False,False,False,True
P100000120927,-0.36993132947426793,0.2788641055699184,1,0,0,2023,0.023491124777159582,1.5916511454102071,0.039983145378150516,-0.3490719137044929,0.12318211982232988,0.3075363136990835,False,False,False,False,False,True
P100000120928,-0.6347303556927558,0.8303339061737273,1,0,1,2019,-0.1747943227025481,-1.0992504878429157,1.6370499465496664,0.9364525377264761,-0.07837532815207694,-0.14728186899758247,False,False,False,False,False,True
P100000120928,-0.6347303556927558,0.8303339061737273,1,0,1,2020,-0.1747943227025481,-1.0741018744480266,1.6370499465496664,0.9364525377264761,-0.07837532815207694,-0.14728186899758247,False,False,False,False,False,True
P100000120928,-0.6347303556927558,0.8303339061737273,1,0,1,2021,-0.21458294483363372,-1.0489532610531376,1.6370499465496664,0.9364525377264761,-0.07837532815207694,-0.14728186899758247,False,False,False,False,False,True
P100000120928,-0.6347303556927558,0.8303339061737273,1,0,1,2022,-0.16575145403639227,-1.0238046476582487,1.6370499465496664,0.9364525377264761,-0.07837532815207694,-0.14728186899758247,False,False,False,False,False,True
P100000120928,-0.6347303556927558,0.8303339061737273,1,0,1,2023,-0.1440485692376183,-0.9986560342633597,1.6370499465496664,0.9364525377264761,-0.07837532815207694,-0.14728186899758247,False,False,False,False,False,True
P100000120933,-0.6435244192941079,-0.5388720711839083,1,0,0,2019,-0.3894391416783013,-0.7220212869195807,-0.003433054920594482,-0.3490719137044929,-0.42180848234787216,0.14913711417207118,False,False,False,False,False,True
P100000120933,-0.6435244192941079,-0.5388720711839083,1,0,0,2020,-0.3554872802317344,-0.6968726735246917,-0.003433054920594482,-0.3490719137044929,-0.42180848234787216,0.14913711417207118,False,False,False,False,False,True
P100000120933,-0.6435244192941079,-0.5388720711839083,1,0,0,2021,-0.3642013173100301,-0.6717240601298027,-0.003433054920594482,-0.3490719137044929,-0.42180848234787216,0.14913711417207118,False,False,False,False,False,True
P100000120933,-0.6435244192941079,-0.5388720711839083,1,0,0,2022,-0.41763645033731445,-0.6465754467349137,-0.003433054920594482,-0.3490719137044929,-0.42180848234787216,0.14913711417207118,False,False,False,False,False,True
P100000120933,-0.6435244192941079,-0.5388720711839083,1,0,0,2023,-0.42043151883412627,-0.6214268333400247,-0.003433054920594482,-0.3490719137044929,-0.42180848234787216,0.14913711417207118,False,False,False,False,False,True
P100000120934,-0.6826091464112278,-0.5532183198988878,1,0,0,2019,-0.3619406001434911,-0.6214268333400247,0.1565866547519229,-0.3490719137044929,-0.009642799718183782,-0.11334120721929451,False,False,False,False,False,True
P100000120934,-0.6826091464112278,-0.5532183198988878,1,0,0,2020,-0.3742306807397665,-0.5962782199451357,0.1565866547519229,-0.3490719137044929,-0.009642799718183782,-0.11334120721929451,False,False,False,False,False,True
P100000120934,-0.6826091464112278,-0.5532183198988878,1,0,0,2021,-0.38195822305448146,-0.5711296065502467,0.1565866547519229,-0.3490719137044929,-0.009642799718183782,-0.11334120721929451,False,False,False,False,False,True
P100000120934,-0.6826091464112278,-0.5532183198988878,1,0,0,2022,-0.3528566275288528,-0.5459809931553578,0.1565866547519229,-0.3490719137044929,-0.009642799718183782,-0.11334120721929451,False,False,False,False,False,True
P100000120934,-0.6826091464112278,-0.5532183198988878,1,0,0,2023,-0.33871686925086364,-0.5208323797604687,0.1565866547519229,-0.3490719137044929,-0.009642799718183782,-0.11334120721929451,False,False,False,False,False,True
P100000120935,-0.7490531825103317,-0.46714082760901127,0,0,0,2019,-0.3709423648611644,-1.1495477146326936,1.9735546372544028,-1.634596365135462,-0.21461119967635964,-0.4249127834234746,False,False,False,False,False,True
P100000120935,-0.7490531825103317,-0.46714082760901127,0,0,0,2020,-0.3709423648611644,-1.1243991012378047,1.9735546372544028,-1.634596365135462,-0.21461119967635964,-0.4249127834234746,False,False,False,False,False,True
P100000120935,-0.7490531825103317,-0.46714082760901127,0,0,0,2021,-0.3709423648611644,-1.0992504878429157,1.9735546372544028,-1.634596365135462,-0.21461119967635964,-0.4249127834234746,False,False,False,False,False,True
P100000120935,-0.7490531825103317,-0.46714082760901127,0,0,0,2022,-0.3709423648611644,-1.0741018744480266,1.9735546372544028,-1.634596365135462,-0.21461119967635964,-0.4249127834234746,False,False,False,False,False,True
P100000120935,-0.7490531825103317,-0.46714082760901127,0,0,0,2023,-0.3709423648611644,-1.0489532610531376,1.9735546372544028,-1.634596365135462,-0.21461119967635964,-0.4249127834234746,False,False,False,False,False,True
P100000120936,-0.4539634927760759,-0.43844833017905244,1,0,0,2019,-0.3771901650305084,-0.4453865395758017,-0.21902847214404614,-0.3490719137044929,-0.31410803345827115,-0.1618417936933535,False,False,False,False,False,True
P100000120936,-0.4539634927760759,-0.43844833017905244,1,0,0,2020,-0.3771901650305084,-0.4202379261809127,-0.21902847214404614,-0.3490719137044929,-0.31410803345827115,-0.1618417936933535,False,False,False,False,False,True
P100000120936,-0.4539634927760759,-0.43844833017905244,1,0,0,2021,-0.3771901650305084,-0.3950893127860237,-0.21902847214404614,-0.3490719137044929,-0.31410803345827115,-0.1618417936933535,False,False,False,False,False,True
P100000120936,-0.4539634927760759,-0.43844833017905244,1,0,0,2022,-0.3635436541343096,-0.3699406993911347,-0.21902847214404614,-0.3490719137044929,-0.31410803345827115,-0.1618417936933535,False,False,False,False,False,True
P100000120936,-0.4539634927760759,-0.43844833017905244,1,0,0,2023,-0.3908366759267072,-0.3447920859962457,-0.21902847214404614,-0.3490719137044929,-0.31410803345827115,-0.1618417936933535,False,False,False,False,False,True
P100000120938,-0.5897829195080678,-0.049378065028810654,1,0,0,2019,-0.15013195361303222,-0.5962782199451357,0.32116745096131954,-0.3490719137044929,-0.21461119967635964,-0.4249127834234746,False,False,False,False,False,True
P100000120938,-0.5897829195080678,-0.049378065028810654,1,0,0,2020,-0.15013195361303222,-0.5711296065502467,0.32116745096131954,-0.3490719137044929,-0.21461119967635964,-0.4249127834234746,False,False,False,False,False,True
P100000120938,-0.5897829195080678,-0.049378065028810654,1,0,0,2021,-0.15013195361303222,-0.5459809931553578,0.32116745096131954,-0.3490719137044929,-0.21461119967635964,-0.4249127834234746,False,False,False,False,False,True
P100000120938,-0.5897829195080678,-0.049378065028810654,1,0,0,2022,-0.15013195361303222,-0.5208323797604687,0.32116745096131954,-0.3490719137044929,-0.21461119967635964,-0.4249127834234746,False,False,False,False,False,True
P100000120938,-0.5897829195080678,-0.049378065028810654,1,0,0,2023,-0.15013195361303222,-0.4956837663655797,0.32116745096131954,-0.3490719137044929,-0.21461119967635964,-0.4249127834234746,False,False,False,False,False,True
P100000120939,-0.6142108739562678,-0.23645314827214226,1,0,0,2019,-0.2338195927234561,-0.4202379261809127,0.23749402095570188,-0.3490719137044929,-0.21461119967635964,-0.4249127834234746,False,False,False,False,False,True
P100000120939,-0.6142108739562678,-0.23645314827214226,1,0,0,2020,-0.2338195927234561,-0.3950893127860237,0.23749402095570188,-0.3490719137044929,-0.21461119967635964,-0.4249127834234746,False,False,False,False,False,True
P100000120939,-0.6142108739562678,-0.23645314827214226,1,0,0,2021,-0.2338195927234561,-0.3699406993911347,0.23749402095570188,-0.3490719137044929,-0.21461119967635964,-0.4249127834234746,False,False,False,False,False,True
P100000120939,-0.6142108739562678,-0.23645314827214226,1,0,0,2022,-0.2338195927234561,-0.3447920859962457,0.23749402095570188,-0.3490719137044929,-0.21461119967635964,-0.4249127834234746,False,False,False,False,False,True
P100000120939,-0.6142108739562678,-0.23645314827214226,1,0,0,2023,-0.2338195927234561,-0.3196434726013567,0.23749402095570188,-0.3490719137044929,-0.21461119967635964,-0.4249127834234746,False,False,False,False,False,True
P100000120941,-0.6826091464112278,-0.4550899786884286,1,0,0,2019,-0.331482574317939,-0.6968726735246917,0.3347667407779726,-0.3490719137044929,-0.21461119967635964,-0.4249127834234746,False,False,False,False,False,True
P100000120941,-0.6826091464112278,-0.4550899786884286,1,0,0,2020,-0.331482574317939,-0.6717240601298027,0.3347667407779726,-0.3490719137044929,-0.21461119967635964,-0.4249127834234746,False,False,False,False,False,True
P100000120941,-0.6826091464112278,-0.4550899786884286,1,0,0,2021,-0.331482574317939,-0.6465754467349137,0.3347667407779726,-0.3490719137044929,-0.21461119967635964,-0.4249127834234746,False,False,False,False,False,True
P100000120941,-0.6826091464112278,-0.4550899786884286,1,0,0,2022,-0.331482574317939,-0.6214268333400247,0.3347667407779726,-0.3490719137044929,-0.21461119967635964,-0.4249127834234746,False,False,False,False,False,True
P100000120941,-0.6826091464112278,-0.4550899786884286,1,0,0,2023,-0.331482574317939,-0.5962782199451357,0.3347667407779726,-0.3490719137044929,-0.21461119967635964,-0.4249127834234746,False,False,False,False,False,True
P100000120942,-0.5993586776517622,-0.19456210202440236,1,0,0,2019,-0.21507619221542404,-0.4956837663655797,0.22061382875620614,-0.3490719137044929,-0.21461119967635964,-0.4249127834234746,False,False,False,False,False,True
P100000120942,-0.5993586776517622,-0.19456210202440236,1,0,0,2020,-0.21507619221542404,-0.4705351529706907,0.22061382875620614,-0.3490719137044929,-0.21461119967635964,-0.4249127834234746,False,False,False,False,False,True
P100000120942,-0.5993586776517622,-0.19456210202440236,1,0,0,2021,-0.21507619221542404,-0.4453865395758017,0.22061382875620614,-0.3490719137044929,-0.21461119967635964,-0.4249127834234746,False,False,False,False,False,True
P100000120942,-0.5993586776517622,-0.19456210202440236,1,0,0,2022,-0.21507619221542404,-0.4202379261809127,0.22061382875620614,-0.3490719137044929,-0.21461119967635964,-0.4249127834234746,False,False,False,False,False,True
P100000120942,-0.5993586776517622,-0.19456210202440236,1,0,0,2023,-0.21507619221542404,-0.3950893127860237,0.22061382875620614,-0.3490719137044929,-0.21461119967635964,-0.4249127834234746,False,False,False,False,False,True
P100000120943,-0.6826091464112278,-0.5853539170204417,1,0,0,2019,-0.38376679678771264,-0.16875179223202275,0.09823528155040963,-0.3490719137044929,-0.21461119967635964,-0.4249127834234746,False,False,False,False,False,True
P100000120943,-0.6826091464112278,-0.5853539170204417,1,0,0,2020,-0.38376679678771264,-0.14360317883713375,0.09823528155040963,-0.3490719137044929,-0.21461119967635964,-0.4249127834234746,False,False,False,False,False,True
P100000120943,-0.6826091464112278,-0.5853539170204417,1,0,0,2021,-0.38376679678771264,-0.11845456544224474,0.09823528155040963,-0.3490719137044929,-0.21461119967635964,-0.4249127834234746,False,False,False,False,False,True
P100000120943,-0.6826091464112278,-0.5853539170204417,1,0,0,2022,-0.38376679678771264,-0.09330595204735574,0.09823528155040963,-0.3490719137044929,-0.21461119967635964,-0.4249127834234746,False,False,False,False,False,True
P100000120943,-0.6826091464112278,-0.5853539170204417,1,0,0,2023,-0.38376679678771264,-0.06815733865246675,0.09823528155040963,-0.3490719137044929,-0.21461119967635964,-0.4249127834234746,False,False,False,False,False,True
P100000120944,-0.6923803281905078,-0.6418781369574605,1,0,0,2019,-0.40349669205932537,-0.8980615806838037,0.04717782999908542,-0.3490719137044929,-0.21461119967635964,-0.4249127834234746,False,False,False,False,False,True
P100000120944,-0.6923803281905078,-0.6418781369574605,1,0,0,2020,-0.40349669205932537,-0.8729129672889147,0.04717782999908542,-0.3490719137044929,-0.21461119967635964,-0.4249127834234746,False,False,False,False,False,True
P100000120944,-0.6923803281905078,-0.6418781369574605,1,0,0,2021,-0.40349669205932537,-0.8477643538940257,0.04717782999908542,-0.3490719137044929,-0.21461119967635964,-0.4249127834234746,False,False,False,False,False,True
P100000120944,-0.6923803281905078,-0.6418781369574605,1,0,0,2022,-0.40349669205932537,-0.8226157404991367,0.04717782999908542,-0.3490719137044929,-0.21461119967635964,-0.4249127834234746,False,False,False,False,False,True
P100000120944,-0.6923803281905078,-0.6418781369574605,1,0,0,2023,-0.40349669205932537,-0.7974671271042477,0.04717782999908542,-0.3490719137044929,-0.21461119967635964,-0.4249127834234746,False,False,False,False,False,True
P100000120945,-0.6443061138364502,-0.008060868729669933,1,0,0,2019,-0.13171738469286035,-0.6214268333400247,0.6916538956750772,-0.3490719137044929,-0.21461119967635964,-0.4249127834234746,False,False,False,False,False,True
P100000120945,-0.6443061138364502,-0.008060868729669933,1,0,0,2020,-0.13171738469286035,-0.5962782199451357,0.6916538956750772,-0.3490719137044929,-0.21461119967635964,-0.4249127834234746,False,False,False,False,False,True
P100000120945,-0.6443061138364502,-0.008060868729669933,1,0,0,2021,-0.13171738469286035,-0.5711296065502467,0.6916538956750772,-0.3490719137044929,-0.21461119967635964,-0.4249127834234746,False,False,False,False,False,True
P100000120945,-0.6443061138364502,-0.008060868729669933,1,0,0,2022,-0.13171738469286035,-0.5459809931553578,0.6916538956750772,-0.3490719137044929,-0.21461119967635964,-0.4249127834234746,False,False,False,False,False,True
P100000120945,-0.6443061138364502,-0.008060868729669933,1,0,0,2023,-0.13171738469286035,-0.5208323797604687,0.6916538956750772,-0.3490719137044929,-0.21461119967635964,-0.4249127834234746,False,False,False,False,False,True
P100000120946,-0.6435244192941079,-0.11651850901491433,1,0,0,2019,-0.18022004390224158,-0.5711296065502467,0.544355346563,-0.3490719137044929,-0.21461119967635964,-0.4249127834234746,False,False,False,False,False,True
P100000120946,-0.6435244192941079,-0.11651850901491433,1,0,0,2020,-0.18022004390224158,-0.5459809931553578,0.544355346563,-0.3490719137044929,-0.21461119967635964,-0.4249127834234746,False,False,False,False,False,True
P100000120946,-0.6435244192941079,-0.11651850901491433,1,0,0,2021,-0.18022004390224158,-0.5208323797604687,0.544355346563,-0.3490719137044929,-0.21461119967635964,-0.4249127834234746,False,False,False,False,False,True
P100000120946,-0.6435244192941079,-0.11651850901491433,1,0,0,2022,-0.18022004390224158,-0.4956837663655797,0.544355346563,-0.3490719137044929,-0.21461119967635964,-0.4249127834234746,False,False,False,False,False,True
P100000120946,-0.6435244192941079,-0.11651850901491433,1,0,0,2023,-0.18022004390224158,-0.4705351529706907,0.544355346563,-0.3490719137044929,-0.21461119967635964,-0.4249127834234746,False,False,False,False,False,True
P100000120947,-0.7119226917490677,-0.6697098594645207,1,0,0,2019,-0.4275013979731208,0.28392324887597925,0.12234987965919829,-0.3490719137044929,-0.21461119967635964,-0.4249127834234746,False,False,False,False,False,True
P100000120947,-0.7119226917490677,-0.6697098594645207,1,0,0,2020,-0.4275013979731208,0.30907186227086825,0.12234987965919829,-0.3490719137044929,-0.21461119967635964,-0.4249127834234746,False,False,False,False,False,True
P100000120947,-0.7119226917490677,-0.6697098594645207,1,0,0,2021,-0.4275013979731208,0.33422047566575724,0.12234987965919829,-0.3490719137044929,-0.21461119967635964,-0.4249127834234746,False,False,False,False,False,True
P100000120947,-0.7119226917490677,-0.6697098594645207,1,0,0,2022,-0.4275013979731208,0.35936908906064624,0.12234987965919829,-0.3490719137044929,-0.21461119967635964,-0.4249127834234746,False,False,False,False,False,True
P100000120947,-0.7119226917490677,-0.6697098594645207,1,0,0,2023,-0.4275013979731208,0.38451770245553524,0.12234987965919829,-0.3490719137044929,-0.21461119967635964,-0.4249127834234746,False,False,False,False,False,True
P100000120948,-0.7021515099697878,-0.6372873373686672,1,0,0,2019,-0.4130328081072715,-0.06815733865246675,0.12207077551442064,-0.3490719137044929,-0.21461119967635964,-0.4249127834234746,False,False,False,False,False,True
P100000120948,-0.7021515099697878,-0.6372873373686672,1,0,0,2020,-0.4130328081072715,-0.04300872525757775,0.12207077551442064,-0.3490719137044929,-0.21461119967635964,-0.4249127834234746,False,False,False,False,False,True
P100000120948,-0.7021515099697878,-0.6372873373686672,1,0,0,2021,-0.4130328081072715,-0.017860111862688748,0.12207077551442064,-0.3490719137044929,-0.21461119967635964,-0.4249127834234746,False,False,False,False,False,True
P100000120948,-0.7021515099697878,-0.6372873373686672,1,0,0,2022,-0.4130328081072715,0.00728850153220025,0.12207077551442064,-0.3490719137044929,-0.21461119967635964,-0.4249127834234746,False,False,False,False,False,True
P100000120948,-0.7021515099697878,-0.6372873373686672,1,0,0,2023,-0.4130328081072715,0.03243711492708925,0.12207077551442064,-0.3490719137044929,-0.21461119967635964,-0.4249127834234746,False,False,False,False,False,True
P100000120949,-0.6337532375148278,0.013171579368499605,1,0,0,2019,-0.15868157489739773,-0.3950893127860237,0.6338175284357284,-0.3490719137044929,-0.21461119967635964,-0.4249127834234746,False,False,False,False,False,True
P100000120949,-0.6337532375148278,0.013171579368499605,1,0,0,2020,-0.15868157489739773,-0.3699406993911347,0.6338175284357284,-0.3490719137044929,-0.21461119967635964,-0.4249127834234746,False,False,False,False,False,True
P100000120949,-0.6337532375148278,0.013171579368499605,1,0,0,2021,-0.15868157489739773,-0.3447920859962457,0.6338175284357284,-0.3490719137044929,-0.21461119967635964,-0.4249127834234746,False,False,False,False,False,True
P100000120949,-0.6337532375148278,0.013171579368499605,1,0,0,2022,-0.15868157489739773,-0.3196434726013567,0.6338175284357284,-0.3490719137044929,-0.21461119967635964,-0.4249127834234746,False,False,False,False,False,True
P100000120949,-0.6337532375148278,0.013171579368499605,1,0,0,2023,-0.15868157489739773,-0.29449485920646773,0.6338175284357284,-0.3490719137044929,-0.21461119967635964,-0.4249127834234746,False,False,False,False,False,True
P100000120950,-0.7128998099269958,-0.5532183198988878,1,0,0,2019,-0.3753815912972773,-0.3196434726013567,0.43747059407597777,-0.3490719137044929,-0.21461119967635964,-0.4249127834234746,False,False,False,False,False,True
P100000120950,-0.7128998099269958,-0.5532183198988878,1,0,0,2020,-0.3753815912972773,-0.29449485920646773,0.43747059407597777,-0.3490719137044929,-0.21461119967635964,-0.4249127834234746,False,False,False,False,False,True
P100000120950,-0.7128998099269958,-0.5532183198988878,1,0,0,2021,-0.3753815912972773,-0.26934624581157873,0.43747059407597777,-0.3490719137044929,-0.21461119967635964,-0.4249127834234746,False,False,False,False,False,True
P100000120950,-0.7128998099269958,-0.5532183198988878,1,0,0,2022,-0.3753815912972773,-0.24419763241668974,0.43747059407597777,-0.3490719137044929,-0.21461119967635964,-0.4249127834234746,False,False,False,False,False,True
P100000120950,-0.7128998099269958,-0.5532183198988878,1,0,0,2023,-0.3753815912972773,-0.21904901902180074,0.43747059407597777,-0.3490719137044929,-0.21461119967635964,-0.4249127834234746,False,False,False,False,False,True
P100000120951,-0.7607786006454678,-0.6370004123943676,1,0,0,2019,-0.4128683923133414,-0.21904901902180074,1.896707962725624,-0.3490719137044929,-0.21461119967635964,-0.4249127834234746,False,False,False,False,False,True
P100000120951,-0.7607786006454678,-0.6370004123943676,1,0,0,2020,-0.4128683923133414,-0.19390040562691174,1.896707962725624,-0.3490719137044929,-0.21461119967635964,-0.4249127834234746,False,False,False,False,False,True
P100000120951,-0.7607786006454678,-0.6370004123943676,1,0,0,2021,-0.4128683923133414,-0.16875179223202275,1.896707962725624,-0.3490719137044929,-0.21461119967635964,-0.4249127834234746,False,False,False,False,False,True
P100000120951,-0.7607786006454678,-0.6370004123943676,1,0,0,2022,-0.4128683923133414,-0.14360317883713375,1.896707962725624,-0.3490719137044929,-0.21461119967635964,-0.4249127834234746,False,False,False,False,False,True
P100000120951,-0.7607786006454678,-0.6370004123943676,1,0,0,2023,-0.4128683923133414,-0.11845456544224474,1.896707962725624,-0.3490719137044929,-0.21461119967635964,-0.4249127834234746,False,False,False,False,False,True
P100000120952,-0.7177854008166358,-0.6522074360322457,1,0,0,2019,-0.41960943986447574,1.7173942123846522,0.22740933148925077,-0.3490719137044929,-0.21461119967635964,-0.4249127834234746,False,False,False,False,False,True
P100000120952,-0.7177854008166358,-0.6522074360322457,1,0,0,2020,-0.41960943986447574,1.7425428257795412,0.22740933148925077,-0.3490719137044929,-0.21461119967635964,-0.4249127834234746,False,False,False,False,False,True
P100000120952,-0.7177854008166358,-0.6522074360322457,1,0,0,2021,-0.41960943986447574,1.76769143917443,0.22740933148925077,-0.3490719137044929,-0.21461119967635964,-0.4249127834234746,False,False,False,False,False,True
P100000120952,-0.7177854008166358,-0.6522074360322457,1,0,0,2022,-0.41960943986447574,1.792840052569319,0.22740933148925077,-0.3490719137044929,-0.21461119967635964,-0.4249127834234746,False,False,False,False,False,True
P100000120952,-0.7177854008166358,-0.6522074360322457,1,0,0,2023,-0.41960943986447574,1.8179886659642082,0.22740933148925077,-0.3490719137044929,-0.21461119967635964,-0.4249127834234746,False,False,False,False,False,True
P100000120953,-0.7021515099697878,-0.4814870763239907,0,0,0,2019,-0.3753815912972773,-1.2501421682122495,0.47569572694769896,-1.634596365135462,-0.21461119967635964,-0.4249127834234746,False,False,False,False,False,True
P100000120953,-0.7021515099697878,-0.4814870763239907,0,0,0,2020,-0.3753815912972773,-1.2249935548173607,0.47569572694769896,-1.634596365135462,-0.21461119967635964,-0.4249127834234746,False,False,False,False,False,True
P100000120953,-0.7021515099697878,-0.4814870763239907,0,0,0,2021,-0.3753815912972773,-1.1998449414224717,0.47569572694769896,-1.634596365135462,-0.21461119967635964,-0.4249127834234746,False,False,False,False,False,True
P100000120953,-0.7021515099697878,-0.4814870763239907,0,0,0,2022,-0.3753815912972773,-1.1746963280275826,0.47569572694769896,-1.634596365135462,-0.21461119967635964,-0.4249127834234746,False,False,False,False,False,True
P100000120953,-0.7021515099697878,-0.4814870763239907,0,0,0,2023,-0.3753815912972773,-1.1495477146326936,0.47569572694769896,-1.634596365135462,-0.21461119967635964,-0.4249127834234746,False,False,False,False,False,True
P100000120957,-0.16473651210938806,-0.06544586358958761,1,0,0,2019,-0.056798587925375475,-0.5962782199451357,-0.22878380885217592,-0.3490719137044929,-0.0879514998709623,-0.23065117825492795,False,False,False,False,False,True
P100000120957,-0.16473651210938806,-0.06544586358958761,1,0,0,2020,-0.056798587925375475,-0.5711296065502467,-0.22878380885217592,-0.3490719137044929,-0.0879514998709623,-0.23065117825492795,False,False,False,False,False,True
P100000120957,-0.16473651210938806,-0.06544586358958761,1,0,0,2021,-0.08041965698666732,-0.5459809931553578,-0.22878380885217592,-0.3490719137044929,-0.0879514998709623,-0.23065117825492795,False,False,False,False,False,True
P100000120957,-0.16473651210938806,-0.06544586358958761,1,0,0,2022,-0.07548718316876415,-0.5208323797604687,-0.22878380885217592,-0.3490719137044929,-0.0879514998709623,-0.23065117825492795,False,False,False,False,False,True
P100000120957,-0.16473651210938806,-0.06544586358958761,1,0,0,2023,-0.014488923620694873,-0.4956837663655797,-0.22878380885217592,-0.3490719137044929,-0.0879514998709623,-0.23065117825492795,False,False,False,False,False,True
P100000120958,-0.16473651210938806,-0.3236783404592171,0,0,0,2019,-0.22724296096625188,-0.7471699003144697,-0.3032115807928817,-1.634596365135462,-0.20437243270931305,-0.40333077364015957,False,False,False,False,False,True
P100000120958,-0.16473651210938806,-0.3236783404592171,0,0,0,2020,-0.22724296096625188,-0.7220212869195807,-0.3032115807928817,-1.634596365135462,-0.20437243270931305,-0.40333077364015957,False,False,False,False,False,True
P100000120958,-0.16473651210938806,-0.3236783404592171,0,0,0,2021,-0.23003802946306368,-0.6968726735246917,-0.3032115807928817,-1.634596365135462,-0.20437243270931305,-0.40333077364015957,False,False,False,False,False,True
P100000120958,-0.16473651210938806,-0.3236783404592171,0,0,0,2022,-0.22674971358446155,-0.6717240601298027,-0.3032115807928817,-1.634596365135462,-0.20437243270931305,-0.40333077364015957,False,False,False,False,False,True
P100000120958,-0.16473651210938806,-0.3236783404592171,0,0,0,2023,-0.22494113985123038,-0.6465754467349137,-0.3032115807928817,-1.634596365135462,-0.20437243270931305,-0.40333077364015957,False,False,False,False,False,True
P100000120959,-0.6435244192941079,0.07801662356020657,1,0,0,2019,-0.007528655010987033,-0.8729129672889147,0.7966654934419924,-0.3490719137044929,-0.16106567448040768,-0.342764284680278,False,False,False,False,False,True
P100000120959,-0.6435244192941079,0.07801662356020657,1,0,0,2020,-0.007528655010987033,-0.8477643538940257,0.7966654934419924,-0.3490719137044929,-0.16106567448040768,-0.342764284680278,False,False,False,False,False,True
P100000120959,-0.6435244192941079,0.07801662356020657,1,0,0,2021,-0.02057230799610879,-0.8226157404991367,0.7966654934419924,-0.3490719137044929,-0.16106567448040768,-0.342764284680278,False,False,False,False,False,True
P100000120959,-0.6435244192941079,0.07801662356020657,1,0,0,2022,-0.01498217100248519,-0.7974671271042477,0.7966654934419924,-0.3490719137044929,-0.16106567448040768,-0.342764284680278,False,False,False,False,False,True
P100000120959,-0.6435244192941079,0.07801662356020657,1,0,0,2023,0.012968513965632807,-0.7723185137093587,0.7966654934419924,-0.3490719137044929,-0.16106567448040768,-0.342764284680278,False,False,False,False,False,True
P100000120960,-0.6435244192941079,-0.11651850901491433,0,0,0,2019,-0.08206381492596838,-1.2501421682122495,0.544355346563,-1.634596365135462,-0.09100851167335107,-0.16131258492494288,False,False,False,False,False,True
P100000120960,-0.6435244192941079,-0.11651850901491433,0,0,0,2020,-0.08206381492596838,-1.2249935548173607,0.544355346563,-1.634596365135462,-0.09100851167335107,-0.16131258492494288,False,False,False,False,False,True
P100000120960,-0.6435244192941079,-0.11651850901491433,0,0,0,2021,-0.08206381492596838,-1.1998449414224717,0.544355346563,-1.634596365135462,-0.09100851167335107,-0.16131258492494288,False,False,False,False,False,True
P100000120960,-0.6435244192941079,-0.11651850901491433,0,0,0,2022,-0.11757762641487125,-1.1746963280275826,0.544355346563,-1.634596365135462,-0.09100851167335107,-0.16131258492494288,False,False,False,False,False,True
P100000120960,-0.6435244192941079,-0.11651850901491433,0,0,0,2023,-0.046550003437065515,-1.1495477146326936,0.544355346563,-1.634596365135462,-0.09100851167335107,-0.16131258492494288,False,False,False,False,False,True
P100000120961,-0.7295108189517717,-0.5847800670718425,1,0,0,2019,-0.45463000397158826,-0.7723185137093587,0.6234777933491965,-0.3490719137044929,-0.21461119967635964,-0.4249127834234746,False,False,False,False,False,True
P100000120961,-0.7295108189517717,-0.5847800670718425,1,0,0,2020,-0.45463000397158826,-0.7471699003144697,0.6234777933491965,-0.3490719137044929,-0.21461119967635964,-0.4249127834234746,False,False,False,False,False,True
P100000120961,-0.7295108189517717,-0.5847800670718425,1,0,0,2021,-0.45463000397158826,-0.7220212869195807,0.6234777933491965,-0.3490719137044929,-0.21461119967635964,-0.4249127834234746,False,False,False,False,False,True
P100000120961,-0.7295108189517717,-0.5847800670718425,1,0,0,2022,-0.45463000397158826,-0.6968726735246917,0.6234777933491965,-0.3490719137044929,-0.21461119967635964,-0.4249127834234746,False,False,False,False,False,True
P100000120961,-0.7295108189517717,-0.5847800670718425,1,0,0,2023,-0.45463000397158826,-0.6717240601298027,0.6234777933491965,-0.3490719137044929,-0.21461119967635964,-0.4249127834234746,False,False,False,False,False,True
P100000120962,-0.7119226917490677,-0.5853539170204417,1,0,0,2019,-0.4630152094620237,1.3904622382510952,0.34116752916487325,-0.3490719137044929,1.6185038803178424,1.794651196479156,False,False,False,False,False,True
P100000120962,-0.7119226917490677,-0.5853539170204417,1,0,0,2020,-0.4802788678246848,1.4156108516459842,0.34116752916487325,-0.3490719137044929,1.6185038803178424,1.794651196479156,False,False,False,False,False,True
P100000120962,-0.7119226917490677,-0.5853539170204417,1,0,0,2021,-0.3985642182414222,1.440759465040873,0.34116752916487325,-0.3490719137044929,1.6185038803178424,1.794651196479156,False,False,False,False,False,True
P100000120962,-0.7119226917490677,-0.5853539170204417,1,0,0,2022,-0.41648553977980374,1.465908078435762,0.34116752916487325,-0.3490719137044929,1.6185038803178424,1.794651196479156,False,False,False,False,False,True
P100000120962,-0.7119226917490677,-0.5853539170204417,1,0,0,2023,-0.40398993944111566,1.4910566918306511,0.34116752916487325,-0.3490719137044929,1.6185038803178424,1.794651196479156,False,False,False,False,False,True
P100000120964,-0.6532956010733878,-0.1515233558794641,1,0,0,2019,-0.21776165018294907,2.446704000836433,0.5733821776198752,-0.3490719137044929,-0.07837532815207694,-0.14728186899758247,False,False,False,False,False,True
P100000120964,-0.6532956010733878,-0.1515233558794641,1,0,0,2020,-0.21776165018294907,2.471852614231322,0.5733821776198752,-0.3490719137044929,-0.07837532815207694,-0.14728186899758247,False,False,False,False,False,True
P100000120964,-0.6532956010733878,-0.1515233558794641,1,0,0,2021,-0.2527274090254183,2.4970012276262112,0.5733821776198752,-0.3490719137044929,-0.07837532815207694,-0.14728186899758247,False,False,False,False,False,True
P100000120964,-0.6532956010733878,-0.1515233558794641,1,0,0,2022,-0.20981488680966065,2.5221498410211,0.5733821776198752,-0.3490719137044929,-0.07837532815207694,-0.14728186899758247,False,False,False,False,False,True
P100000120964,-0.6532956010733878,-0.1515233558794641,1,0,0,2023,-0.19074265471376836,2.547298454415989,0.5733821776198752,-0.3490719137044929,-0.07837532815207694,-0.14728186899758247,False,False,False,False,False,True
P100000120965,-0.6337532375148278,-0.43844833017905244,0,0,0,2019,-0.35740546449425237,-1.1998449414224717,0.08712073427393086,-1.634596365135462,-0.0783753281520768,-0.14728186899758258,False,False,False,False,False,True
P100000120965,-0.6337532375148278,-0.43844833017905244,0,0,0,2020,-0.35740546449425237,-1.1746963280275826,0.08712073427393086,-1.634596365135462,-0.0783753281520768,-0.14728186899758258,False,False,False,False,False,True
P100000120965,-0.6337532375148278,-0.43844833017905244,0,0,0,2021,-0.3766969176487181,-1.1495477146326936,0.08712073427393086,-1.634596365135462,-0.0783753281520768,-0.14728186899758258,False,False,False,False,False,True
P100000120965,-0.6337532375148278,-0.43844833017905244,0,0,0,2022,-0.35302104332278283,-1.1243991012378047,0.08712073427393086,-1.634596365135462,-0.0783753281520768,-0.14728186899758258,False,False,False,False,False,True
P100000120965,-0.6337532375148278,-0.43844833017905244,0,0,0,2023,-0.34249843251125606,-1.0992504878429157,0.08712073427393086,-1.634596365135462,-0.0783753281520768,-0.14728186899758258,False,False,False,False,False,True
P100000120966,-0.34139947867877035,1.3404865104783954,1,0,0,2019,0.29691459008292564,1.6167997588050962,0.4360586304594635,-0.3490719137044929,-0.1158287328471773,-0.1648740265244097,False,False,False,False,False,True
P100000120966,-0.34139947867877035,1.3404865104783954,1,0,0,2020,0.29691459008292564,1.641948372199985,0.4360586304594635,-0.3490719137044929,-0.1158287328471773,-0.1648740265244097,False,False,False,False,False,True
P100000120966,-0.34139947867877035,1.3404865104783954,1,0,0,2021,0.2145422773239426,1.667096985594874,0.4360586304594635,-0.3490719137044929,-0.1158287328471773,-0.1648740265244097,False,False,False,False,False,True
P100000120966,-0.34139947867877035,1.3404865104783954,1,0,0,2022,0.3299621646628769,1.6922455989897631,0.4360586304594635,-0.3490719137044929,-0.1158287328471773,-0.1648740265244097,False,False,False,False,False,True
P100000120966,-0.34139947867877035,1.3404865104783954,1,0,0,2023,0.3462393282619574,1.7173942123846522,0.4360586304594635,-0.3490719137044929,-0.1158287328471773,-0.1648740265244097,False,False,False,False,False,True
P100000120971,-0.699611002707175,-0.7408672530908186,1,0,0,2019,-0.46098741467021903,1.2144219444868722,-0.1242204983667399,-0.3490719137044929,-0.1056519511169119,-0.23887442125168928,False,False,False,False,False,True
P100000120971,-0.699611002707175,-0.7408672530908186,1,0,0,2020,-0.46098741467021903,1.239570557881761,-0.1242204983667399,-0.3490719137044929,-0.1056519511169119,-0.23887442125168928,False,False,False,False,False,True
P100000120971,-0.699611002707175,-0.7408672530908186,1,0,0,2021,-0.46285079366809356,1.2647191712766501,-0.1242204983667399,-0.3490719137044929,-0.1056519511169119,-0.23887442125168928,False,False,False,False,False,True
P100000120971,-0.699611002707175,-0.7408672530908186,1,0,0,2022,-0.4643305358134645,1.2898677846715392,-0.1242204983667399,-0.3490719137044929,-0.1056519511169119,-0.23887442125168928,False,False,False,False,False,True
P100000120971,-0.699611002707175,-0.7408672530908186,1,0,0,2023,-0.455780914529099,1.3150163980664282,-0.1242204983667399,-0.3490719137044929,-0.1056519511169119,-0.23887442125168928,False,False,False,False,False,True
P100000120972,-0.16473651210938806,-0.7282425542216366,0,0,0,2019,-0.4409834930753895,0.43481492924531323,-0.4198150901666541,-1.634596365135462,-0.22911537356658862,-0.39033472481292164,False,False,False,False,False,True
P100000120972,-0.16473651210938806,-0.7282425542216366,0,0,0,2020,-0.4409834930753895,0.4599635426402022,-0.4198150901666541,-1.634596365135462,-0.22911537356658862,-0.39033472481292164,False,False,False,False,False,True
P100000120972,-0.16473651210938806,-0.7282425542216366,0,0,0,2021,-0.4409834930753895,0.4851121560350912,-0.4198150901666541,-1.634596365135462,-0.22911537356658862,-0.39033472481292164,False,False,False,False,False,True
P100000120972,-0.16473651210938806,-0.7282425542216366,0,0,0,2022,-0.4399969983118089,0.5102607694299802,-0.4198150901666541,-1.634596365135462,-0.22911537356658862,-0.39033472481292164,False,False,False,False,False,True
P100000120972,-0.16473651210938806,-0.7282425542216366,0,0,0,2023,-0.4419699878389701,0.5354093828248692,-0.4198150901666541,-1.634596365135462,-0.22911537356658862,-0.39033472481292164,False,False,False,False,False,True
P100000120973,-0.19111870291344404,-0.6249495634737848,0,0,0,2019,-0.4091416343175924,-0.7974671271042477,-0.3865262508757613,-1.634596365135462,0.06514071675083409,-0.0039021250329746605,False,False,False,False,False,True
P100000120973,-0.19111870291344404,-0.6249495634737848,0,0,0,2020,-0.4091416343175924,-0.7723185137093587,-0.3865262508757613,-1.634596365135462,0.06514071675083409,-0.0039021250329746605,False,False,False,False,False,True
P100000120973,-0.19111870291344404,-0.6249495634737848,0,0,0,2021,-0.42076035042198645,-0.7471699003144697,-0.3865262508757613,-1.634596365135462,0.06514071675083409,-0.0039021250329746605,False,False,False,False,False,True
P100000120973,-0.19111870291344404,-0.6249495634737848,0,0,0,2022,-0.41960943986447574,-0.7220212869195807,-0.3865262508757613,-1.634596365135462,0.06514071675083409,-0.0039021250329746605,False,False,False,False,False,True
P100000120973,-0.19111870291344404,-0.6249495634737848,0,0,0,2023,-0.38705511266631476,-0.6968726735246917,-0.3865262508757613,-1.634596365135462,0.06514071675083409,-0.0039021250329746605,False,False,False,False,False,True
P100000120974,-0.7295108189517717,-0.6895076826911922,1,0,0,2019,-0.44772454062652384,-0.3196434726013567,0.2577797985251517,-0.3490719137044929,-0.21461119967635964,-0.4249127834234746,False,False,False,False,False,True
P100000120974,-0.7295108189517717,-0.6895076826911922,1,0,0,2020,-0.44772454062652384,-0.29449485920646773,0.2577797985251517,-0.3490719137044929,-0.21461119967635964,-0.4249127834234746,False,False,False,False,False,True
P100000120974,-0.7295108189517717,-0.6895076826911922,1,0,0,2021,-0.44772454062652384,-0.26934624581157873,0.2577797985251517,-0.3490719137044929,-0.21461119967635964,-0.4249127834234746,False,False,False,False,False,True
P100000120974,-0.7295108189517717,-0.6895076826911922,1,0,0,2022,-0.44772454062652384,-0.24419763241668974,0.2577797985251517,-0.3490719137044929,-0.21461119967635964,-0.4249127834234746,False,False,False,False,False,True
P100000120974,-0.7295108189517717,-0.6895076826911922,1,0,0,2023,-0.44772454062652384,-0.21904901902180074,0.2577797985251517,-0.3490719137044929,-0.21461119967635964,-0.4249127834234746,False,False,False,False,False,True
P100000120976,-0.5653549650598678,-0.6765960588477108,1,1,0,2019,-0.41418371866478226,-0.4956837663655797,-0.2862585882952765,0.9364525377264761,-0.24621738274533536,-0.10379837369787207,False,False,False,False,False,True
P100000120976,-0.5653549650598678,-0.6765960588477108,1,1,0,2020,-0.4306252980577928,-0.4705351529706907,-0.2862585882952765,0.9364525377264761,-0.24621738274533536,-0.10379837369787207,False,False,False,False,False,True
P100000120976,-0.5653549650598678,-0.6765960588477108,1,1,0,2021,-0.41418371866478226,-0.4453865395758017,-0.2862585882952765,0.9364525377264761,-0.24621738274533536,-0.10379837369787207,False,False,False,False,False,True
P100000120976,-0.5653549650598678,-0.6765960588477108,1,1,0,2022,-0.41966424512911915,-0.4202379261809127,-0.2862585882952765,0.9364525377264761,-0.24621738274533536,-0.10379837369787207,False,False,False,False,False,True
P100000120976,-0.5653549650598678,-0.6765960588477108,1,1,0,2023,-0.41966424512911915,-0.3950893127860237,-0.2862585882952765,0.9364525377264761,-0.24621738274533536,-0.10379837369787207,False,False,False,False,False,True
P100000121001,1.3232190492393694,-0.5819108173288466,0,1,0,2019,-0.37307977018225574,0.7114496765890922,-0.4419857709498833,-0.3490719137044929,-0.2837088982919982,-0.34305824407230273,False,False,True,False,False,False
P100000121001,1.3232190492393694,-0.5819108173288466,0,1,0,2020,-0.3729153543883257,0.7365982899839812,-0.4419857709498833,-0.3490719137044929,-0.2837088982919982,-0.34305824407230273,False,False,True,False,False,False
P100000121001,1.3232190492393694,-0.5819108173288466,0,1,0,2021,-0.36880495954007303,0.7617469033788702,-0.4419857709498833,-0.3490719137044929,-0.2837088982919982,-0.34305824407230273,False,False,True,False,False,False
P100000121001,1.3232190492393694,-0.5819108173288466,0,1,0,2022,-0.3740251609973539,0.7868955167737592,-0.4419857709498833,-0.3490719137044929,-0.2837088982919982,-0.34305824407230273,False,False,True,False,False,False
P100000121001,1.3232190492393694,-0.5819108173288466,0,1,0,2023,-0.38130055987876105,0.8120441301686482,-0.4419857709498833,-0.3490719137044929,-0.2837088982919982,-0.34305824407230273,False,False,True,False,False,False
P100000121004,1.6968690404790365,-0.6048648152728137,0,0,0,2019,-0.5049823408626832,0.25877463548109025,-0.4476451948838397,-1.634596365135462,10.622343395255108,11.105789070440153,False,True,False,False,False,False
P100000121004,1.6968690404790365,-0.6048648152728137,0,0,0,2020,-0.5264797059190446,0.28392324887597925,-0.4476451948838397,-1.634596365135462,10.622343395255108,11.105789070440153,False,True,False,False,False,False
P100000121004,1.6968690404790365,-0.6048648152728137,0,0,0,2021,-0.5014885052416684,0.30907186227086825,-0.4476451948838397,-1.634596365135462,10.622343395255108,11.105789070440153,False,True,False,False,False,False
P100000121004,1.6968690404790365,-0.6048648152728137,0,0,0,2022,-0.4824162731457762,0.33422047566575724,-0.4476451948838397,-1.634596365135462,10.622343395255108,11.105789070440153,False,True,False,False,False,False
P100000121004,1.6968690404790365,-0.6048648152728137,0,0,0,2023,-0.5095448791442436,0.35936908906064624,-0.4476451948838397,-1.634596365135462,10.622343395255108,11.105789070440153,False,True,False,False,False,False
P100000121011,0.6853563026879715,1.2544090181885188,0,0,0,2019,0.5394278861298318,-0.8980615806838037,-0.2081094277575354,-1.634596365135462,-0.23689507826801962,-0.2611270452515186,True,False,False,False,False,False
P100000121011,0.6853563026879715,1.2544090181885188,0,0,0,2020,0.45721998916477885,-0.8729129672889147,-0.2081094277575354,-1.634596365135462,-0.23689507826801962,-0.2611270452515186,True,False,False,False,False,False
P100000121011,0.6853563026879715,1.2544090181885188,0,0,0,2021,0.5394278861298318,-0.8477643538940257,-0.2081094277575354,-1.634596365135462,-0.23689507826801962,-0.2611270452515186,True,False,False,False,False,False
P100000121011,0.6853563026879715,1.2544090181885188,0,0,0,2022,0.5229863067368212,-0.8226157404991367,-0.2081094277575354,-1.634596365135462,-0.23689507826801962,-0.2611270452515186,True,False,False,False,False,False
P100000121011,0.6853563026879715,1.2544090181885188,0,0,0,2023,0.5147655170403159,-0.7974671271042477,-0.2081094277575354,-1.634596365135462,-0.23689507826801962,-0.2611270452515186,True,False,False,False,False,False
P100000121013,-0.3320191441706616,-0.6106033147588055,0,0,0,2019,-0.39774213927177166,-0.9986560342633597,-0.3550507438514572,-1.634596365135462,-0.21461119967635964,-0.4249127834234746,True,False,False,False,False,False
P100000121013,-0.3320191441706616,-0.6106033147588055,0,0,0,2020,-0.39774213927177166,-0.9735074208684706,-0.3550507438514572,-1.634596365135462,-0.21461119967635964,-0.4249127834234746,True,False,False,False,False,False
P100000121013,-0.3320191441706616,-0.6106033147588055,0,0,0,2021,-0.39774213927177166,-0.9483588074735817,-0.3550507438514572,-1.634596365135462,-0.21461119967635964,-0.4249127834234746,True,False,False,False,False,False
P100000121013,-0.3320191441706616,-0.6106033147588055,0,0,0,2022,-0.39774213927177166,-0.9232101940786926,-0.3550507438514572,-1.634596365135462,-0.21461119967635964,-0.4249127834234746,True,False,False,False,False,False
P100000121013,-0.3320191441706616,-0.6106033147588055,0,0,0,2023,-0.39774213927177166,-0.8980615806838037,-0.3550507438514572,-1.634596365135462,-0.21461119967635964,-0.4249127834234746,True,False,False,False,False,False
P100000121015,1.9059723305556284,2.430801412816831,1,0,0,2019,0.27036143936321355,-1.1243991012378047,-0.24877776727787887,-0.3490719137044929,-0.2720556104650517,-0.2813548129224732,True,False,False,False,False,False
P100000121015,1.9059723305556284,2.430801412816831,1,0,0,2020,0.27036143936321355,-1.0992504878429157,-0.24877776727787887,-0.3490719137044929,-0.2720556104650517,-0.2813548129224732,True,False,False,False,False,False
P100000121015,1.9059723305556284,2.430801412816831,1,0,0,2021,0.27036143936321355,-1.0741018744480266,-0.24877776727787887,-0.3490719137044929,-0.2720556104650517,-0.2813548129224732,True,False,False,False,False,False
P100000121015,1.9059723305556284,2.430801412816831,1,0,0,2022,0.30842369565803307,-1.0489532610531376,-0.24877776727787887,-0.3490719137044929,-0.2720556104650517,-0.2813548129224732,True,False,False,False,False,False
P100000121015,1.9059723305556284,2.430801412816831,1,0,0,2023,0.23229918306839403,-1.0238046476582487,-0.24877776727787887,-0.3490719137044929,-0.2720556104650517,-0.2813548129224732,True,False,False,False,False,False
P100000121019,0.2923593715253301,-0.17304272895193323,1,0,0,2019,-0.17224587789663146,-0.8729129672889147,-0.3487750692428482,-0.3490719137044929,-0.2721248577578766,-0.2811697768102697,True,False,False,False,False,False
P100000121019,0.2923593715253301,-0.17304272895193323,1,0,0,2020,-0.17224587789663146,-0.8477643538940257,-0.3487750692428482,-0.3490719137044929,-0.2721248577578766,-0.2811697768102697,True,False,False,False,False,False
P100000121019,0.2923593715253301,-0.17304272895193323,1,0,0,2021,-0.17224587789663146,-0.8226157404991367,-0.3487750692428482,-0.3490719137044929,-0.2721248577578766,-0.2811697768102697,True,False,False,False,False,False
P100000121019,0.2923593715253301,-0.17304272895193323,1,0,0,2022,-0.1552288432248655,-0.7974671271042477,-0.3487750692428482,-0.3490719137044929,-0.2721248577578766,-0.2811697768102697,True,False,False,False,False,False
P100000121019,0.2923593715253301,-0.17304272895193323,1,0,0,2023,-0.18926291256839742,-0.7723185137093587,-0.3487750692428482,-0.3490719137044929,-0.2721248577578766,-0.2811697768102697,True,False,False,False,False,False
P100000121028,0.0990853959311718,0.06653962458822303,1,0,0,2019,-0.2168847659486552,0.6360038364044251,-0.2741020522116278,-0.3490719137044929,-0.061404385957798444,0.42457106642067316,False,False,False,False,False,False
P100000121028,0.0990853959311718,0.06653962458822303,1,0,0,2020,-0.2990926629137081,0.6611524497993142,-0.2741020522116278,-0.3490719137044929,-0.061404385957798444,0.42457106642067316,False,False,False,False,False,False
P100000121028,0.0990853959311718,0.06653962458822303,1,0,0,2021,-0.2004431865556446,0.6863010631942033,-0.2741020522116278,-0.3490719137044929,-0.061404385957798444,0.42457106642067316,False,False,False,False,False,False
P100000121028,0.0990853959311718,0.06653962458822303,1,0,0,2022,-0.28265108352069757,0.7114496765890922,-0.2741020522116278,-0.3490719137044929,-0.061404385957798444,0.42457106642067316,False,False,False,False,False,False
P100000121028,0.0990853959311718,0.06653962458822303,1,0,0,2023,-0.23332634534166577,0.7365982899839812,-0.2741020522116278,-0.3490719137044929,-0.061404385957798444,0.42457106642067316,False,False,False,False,False,False
P100000121029,-0.541317857882839,-0.6536420609037437,0,0,0,2019,-0.4470668774508034,0.15818018190153424,-0.2875578793262937,-1.634596365135462,-0.27030359067784626,-0.286025239770617,False,False,False,False,False,False
P100000121029,-0.541317857882839,-0.6536420609037437,0,0,0,2020,-0.4470668774508034,0.18332879529642324,-0.2875578793262937,-1.634596365135462,-0.27030359067784626,-0.286025239770617,False,False,False,False,False,False
P100000121029,-0.541317857882839,-0.6536420609037437,0,0,0,2021,-0.4470668774508034,0.20847740869131223,-0.2875578793262937,-1.634596365135462,-0.27030359067784626,-0.286025239770617,False,False,False,False,False,False
P100000121029,-0.541317857882839,-0.6536420609037437,0,0,0,2022,-0.44328531419041095,0.23362602208620123,-0.2875578793262937,-1.634596365135462,-0.27030359067784626,-0.286025239770617,False,False,False,False,False,False
P100000121029,-0.541317857882839,-0.6536420609037437,0,0,0,2023,-0.45084844071119584,0.25877463548109025,-0.2875578793262937,-1.634596365135462,-0.27030359067784626,-0.286025239770617,False,False,False,False,False,False
P100000121052,-0.34081320777201357,0.1067091209901654,1,1,0,2019,0.031054251297944452,-0.9986560342633597,-0.06320858318555661,0.9364525377264761,-0.21461119967635964,-0.4249127834234746,True,False,False,False,False,False
P100000121052,-0.34081320777201357,0.1067091209901654,1,1,0,2020,0.031054251297944452,-0.9735074208684706,-0.06320858318555661,0.9364525377264761,-0.21461119967635964,-0.4249127834234746,True,False,False,False,False,False
P100000121052,-0.34081320777201357,0.1067091209901654,1,1,0,2021,0.031054251297944452,-0.9483588074735817,-0.06320858318555661,0.9364525377264761,-0.21461119967635964,-0.4249127834234746,True,False,False,False,False,False
P100000121052,-0.34081320777201357,0.1067091209901654,1,1,0,2022,0.031054251297944452,-0.9232101940786926,-0.06320858318555661,0.9364525377264761,-0.21461119967635964,-0.4249127834234746,True,False,False,False,False,False
P100000121052,-0.34081320777201357,0.1067091209901654,1,1,0,2023,0.031054251297944452,-0.8980615806838037,-0.06320858318555661,0.9364525377264761,-0.21461119967635964,-0.4249127834234746,True,False,False,False,False,False
P100000121080,-0.20382123922650805,-0.7055754812519692,1,0,0,2019,-0.48290952052756647,-0.4202379261809127,-0.40953116243164545,-0.3490719137044929,-0.21461119967635964,-0.4249127834234746,True,False,False,False,False,False
P100000121080,-0.20382123922650805,-0.7055754812519692,1,0,0,2020,-0.48290952052756647,-0.3950893127860237,-0.40953116243164545,-0.3490719137044929,-0.21461119967635964,-0.4249127834234746,True,False,False,False,False,False
P100000121080,-0.20382123922650805,-0.7055754812519692,1,0,0,2021,-0.48290952052756647,-0.3699406993911347,-0.40953116243164545,-0.3490719137044929,-0.21461119967635964,-0.4249127834234746,True,False,False,False,False,False
P100000121080,-0.20382123922650805,-0.7055754812519692,1,0,0,2022,-0.48290952052756647,-0.3447920859962457,-0.40953116243164545,-0.3490719137044929,-0.21461119967635964,-0.4249127834234746,True,False,False,False,False,False
P100000121080,-0.20382123922650805,-0.7055754812519692,1,0,0,2023,-0.48290952052756647,-0.3196434726013567,-0.40953116243164545,-0.3490719137044929,-0.21461119967635964,-0.4249127834234746,True,False,False,False,False,False
P100000121155,-0.7314650553076277,-0.7540658019085996,1,0,0,2019,-0.46515261478311504,-0.26934624581157873,0.05238777403493483,-0.3490719137044929,-0.21461119967635964,-0.4249127834234746,False,False,False,False,False,True
P100000121155,-0.7314650553076277,-0.7540658019085996,1,0,0,2020,-0.46515261478311504,-0.24419763241668974,0.05238777403493483,-0.3490719137044929,-0.21461119967635964,-0.4249127834234746,False,False,False,False,False,True
P100000121155,-0.7314650553076277,-0.7540658019085996,1,0,0,2021,-0.46515261478311504,-0.21904901902180074,0.05238777403493483,-0.3490719137044929,-0.21461119967635964,-0.4249127834234746,False,False,False,False,False,True
P100000121155,-0.7314650553076277,-0.7540658019085996,1,0,0,2022,-0.46515261478311504,-0.19390040562691174,0.05238777403493483,-0.3490719137044929,-0.21461119967635964,-0.4249127834234746,False,False,False,False,False,True
P100000121155,-0.7314650553076277,-0.7540658019085996,1,0,0,2023,-0.46515261478311504,-0.16875179223202275,0.05238777403493483,-0.3490719137044929,-0.21461119967635964,-0.4249127834234746,False,False,False,False,False,True
P100000121165,-0.4770234817751767,-0.8691227166027345,0,0,0,2019,-0.5215472321011414,-0.7471699003144697,-0.45198986216762516,-1.634596365135462,1.6353235564361177,2.8028096229425494,True,False,False,False,False,False
P100000121165,-0.4770234817751767,-0.8691227166027345,0,0,0,2020,-0.5215472321011414,-0.7220212869195807,-0.45198986216762516,-1.634596365135462,1.6353235564361177,2.8028096229425494,True,False,False,False,False,False
P100000121165,-0.4770234817751767,-0.8691227166027345,0,0,0,2021,-0.525657626949394,-0.6968726735246917,-0.45198986216762516,-1.634596365135462,1.6353235564361177,2.8028096229425494,True,False,False,False,False,False
P100000121165,-0.4770234817751767,-0.8691227166027345,0,0,0,2022,-0.5174368372528887,-0.6717240601298027,-0.45198986216762516,-1.634596365135462,1.6353235564361177,2.8028096229425494,True,False,False,False,False,False
P100000121165,-0.4770234817751767,-0.8691227166027345,0,0,0,2023,-0.5215472321011414,-0.6465754467349137,-0.45198986216762516,-1.634596365135462,1.6353235564361177,2.8028096229425494,True,False,False,False,False,False
P100000121170,-0.730878784400871,-0.6106033147588055,1,0,0,2019,-0.3742306807397665,-0.8729129672889147,0.5610265791158846,-0.3490719137044929,-0.4853594438499862,-0.15100440373008522,True,False,False,False,False,False
P100000121170,-0.730878784400871,-0.6106033147588055,1,0,0,2020,-0.38458887575736317,-0.8477643538940257,0.5610265791158846,-0.3490719137044929,-0.4853594438499862,-0.15100440373008522,True,False,False,False,False,False
P100000121170,-0.730878784400871,-0.6106033147588055,1,0,0,2021,-0.3697914543036537,-0.8226157404991367,0.5610265791158846,-0.3490719137044929,-0.4853594438499862,-0.15100440373008522,True,False,False,False,False,False
P100000121170,-0.730878784400871,-0.6106033147588055,1,0,0,2022,-0.3822870546423417,-0.7974671271042477,0.5610265791158846,-0.3490719137044929,-0.4853594438499862,-0.15100440373008522,True,False,False,False,False,False
P100000121170,-0.730878784400871,-0.6106033147588055,1,0,0,2023,-0.40596292896827696,-0.7723185137093587,0.5610265791158846,-0.3490719137044929,-0.4853594438499862,-0.15100440373008522,True,False,False,False,False,False
P100000121176,-0.5262702379427479,-0.7612389262660894,0,0,0,2019,-0.4725513255099698,-0.8729129672889147,-0.37342495966429534,-1.634596365135462,0.24800523122592077,-0.16260830836407847,False,True,False,False,False,False
P100000121176,-0.5262702379427479,-0.7612389262660894,0,0,0,2020,-0.4750175624189214,-0.8477643538940257,-0.37342495966429534,-1.634596365135462,0.24800523122592077,-0.16260830836407847,False,True,False,False,False,False
P100000121176,-0.5262702379427479,-0.7612389262660894,0,0,0,2021,-0.4689341780435075,-0.8226157404991367,-0.37342495966429534,-1.634596365135462,0.24800523122592077,-0.16260830836407847,False,True,False,False,False,False
P100000121176,-0.5262702379427479,-0.7612389262660894,0,0,0,2022,-0.46482378319525486,-0.7974671271042477,-0.37342495966429534,-1.634596365135462,0.24800523122592077,-0.16260830836407847,False,True,False,False,False,False
P100000121176,-0.5262702379427479,-0.7612389262660894,0,0,0,2023,-0.4511772722990561,-0.7723185137093587,-0.37342495966429534,-1.634596365135462,0.24800523122592077,-0.16260830836407847,False,True,False,False,False,False
P100000121183,-0.3320191441706616,-0.5692861184596647,1,0,0,2019,-0.42277444389763025,-1.0238046476582487,-0.33869869631086613,-0.3490719137044929,1.0408816342832798,1.078178125607522,True,False,False,False,False,False
P100000121183,-0.3320191441706616,-0.5692861184596647,1,0,0,2020,-0.463508456843814,-0.9986560342633597,-0.33869869631086613,-0.3490719137044929,1.0408816342832798,1.078178125607522,True,False,False,False,False,False
P100000121183,-0.3320191441706616,-0.5692861184596647,1,0,0,2021,-0.4667967727224161,-0.9735074208684706,-0.33869869631086613,-0.3490719137044929,1.0408816342832798,1.078178125607522,True,False,False,False,False,False
P100000121183,-0.3320191441706616,-0.5692861184596647,1,0,0,2022,-0.40267461308967484,-0.9483588074735817,-0.33869869631086613,-0.3490719137044929,1.0408816342832798,1.078178125607522,True,False,False,False,False,False
P100000121183,-0.3320191441706616,-0.5692861184596647,1,0,0,2023,-0.35811793293461613,-0.9232101940786926,-0.33869869631086613,-0.3490719137044929,1.0408816342832798,1.078178125607522,True,False,False,False,False,False
P100000121184,-0.18232463931209206,-0.4054519581345998,1,0,0,2019,-0.43084451911636634,-0.8477643538940257,-0.32260901481991205,-0.3490719137044929,0.227325722746705,0.8736965476453382,True,False,False,False,False,False
P100000121184,-0.18232463931209206,-0.4054519581345998,1,0,0,2020,-0.45726065667446997,-0.8226157404991367,-0.32260901481991205,-0.3490719137044929,0.227325722746705,0.8736965476453382,True,False,False,False,False,False
P100000121184,-0.18232463931209206,-0.4054519581345998,1,0,0,2021,-0.4500263617415453,-0.7974671271042477,-0.32260901481991205,-0.3490719137044929,0.227325722746705,0.8736965476453382,True,False,False,False,False,False
P100000121184,-0.18232463931209206,-0.4054519581345998,1,0,0,2022,-0.3852465389330836,-0.7723185137093587,-0.32260901481991205,-0.3490719137044929,0.227325722746705,0.8736965476453382,True,False,False,False,False,False
P100000121184,-0.18232463931209206,-0.4054519581345998,1,0,0,2023,-0.43084451911636634,-0.7471699003144697,-0.32260901481991205,-0.3490719137044929,0.227325722746705,0.8736965476453382,True,False,False,False,False,False
P100000121187,-0.3320191441706616,-0.6392958121887643,0,0,0,2019,-0.4295565953972471,-1.1243991012378047,-0.366406332421312,-1.634596365135462,-0.18603695638700912,-0.11878991089377927,True,False,False,False,False,False
P100000121187,-0.3320191441706616,-0.6392958121887643,0,0,0,2020,-0.4295565953972471,-1.0992504878429157,-0.366406332421312,-1.634596365135462,-0.18603695638700912,-0.11878991089377927,True,False,False,False,False,False
P100000121187,-0.3320191441706616,-0.6392958121887643,0,0,0,2021,-0.43785959299071747,-1.0741018744480266,-0.366406332421312,-1.634596365135462,-0.18603695638700912,-0.11878991089377927,True,False,False,False,False,False
P100000121187,-0.3320191441706616,-0.6392958121887643,0,0,0,2022,-0.4212535978037768,-1.0489532610531376,-0.366406332421312,-1.634596365135462,-0.18603695638700912,-0.11878991089377927,True,False,False,False,False,False
P100000121187,-0.3320191441706616,-0.6392958121887643,0,0,0,2023,-0.4295565953972471,-1.0238046476582487,-0.366406332421312,-1.634596365135462,-0.18603695638700912,-0.11878991089377927,True,False,False,False,False,False
P100000121188,-0.19405005744722806,-0.7397195531936203,0,0,0,2019,-0.5274662006826252,-1.2249935548173607,-0.4208488092213861,-1.634596365135462,-0.21461119967635964,-0.4249127834234746,True,False,False,False,False,False
P100000121188,-0.19405005744722806,-0.7397195531936203,0,0,0,2020,-0.5274662006826252,-1.1998449414224717,-0.4208488092213861,-1.634596365135462,-0.21461119967635964,-0.4249127834234746,True,False,False,False,False,False
P100000121188,-0.19405005744722806,-0.7397195531936203,0,0,0,2021,-0.5274662006826252,-1.1746963280275826,-0.4208488092213861,-1.634596365135462,-0.21461119967635964,-0.4249127834234746,True,False,False,False,False,False
P100000121188,-0.19405005744722806,-0.7397195531936203,0,0,0,2022,-0.5274662006826252,-1.1495477146326936,-0.4208488092213861,-1.634596365135462,-0.21461119967635964,-0.4249127834234746,True,False,False,False,False,False
P100000121188,-0.19405005744722806,-0.7397195531936203,0,0,0,2023,-0.5274662006826252,-1.1243991012378047,-0.4208488092213861,-1.634596365135462,-0.21461119967635964,-0.4249127834234746,True,False,False,False,False,False
P100000121229,-0.6962888009022198,-0.6909423075626902,1,0,0,2019,-0.40020837618072325,0.15818018190153424,-0.03242526840912523,-0.3490719137044929,-0.21461119967635964,-0.4249127834234746,True,False,False,False,False,False
P100000121229,-0.6962888009022198,-0.6909423075626902,1,0,0,2020,-0.40020837618072325,0.18332879529642324,-0.03242526840912523,-0.3490719137044929,-0.21461119967635964,-0.4249127834234746,True,False,False,False,False,False
P100000121229,-0.6962888009022198,-0.6909423075626902,1,0,0,2021,-0.40020837618072325,0.20847740869131223,-0.03242526840912523,-0.3490719137044929,-0.21461119967635964,-0.4249127834234746,True,False,False,False,False,False
P100000121229,-0.6962888009022198,-0.6909423075626902,1,0,0,2022,-0.40020837618072325,0.23362602208620123,-0.03242526840912523,-0.3490719137044929,-0.21461119967635964,-0.4249127834234746,True,False,False,False,False,False
P100000121229,-0.6962888009022198,-0.6909423075626902,1,0,0,2023,-0.40020837618072325,0.25877463548109025,-0.03242526840912523,-0.3490719137044929,-0.21461119967635964,-0.4249127834234746,True,False,False,False,False,False
P100000121231,-0.34061778413642796,-0.7302510290417338,0,0,0,2019,-0.5005020104780878,-0.6717240601298027,-0.4011089101522234,-1.634596365135462,0.7966788467879427,0.6660614333727695,True,False,False,False,False,False
P100000121231,-0.34061778413642796,-0.7302510290417338,0,0,0,2020,-0.483731599497217,-0.6465754467349137,-0.4011089101522234,-1.634596365135462,0.7966788467879427,0.6660614333727695,True,False,False,False,False,False
P100000121231,-0.34061778413642796,-0.7302510290417338,0,0,0,2021,-0.4861978364061686,-0.6214268333400247,-0.4011089101522234,-1.634596365135462,0.7966788467879427,0.6660614333727695,True,False,False,False,False,False
P100000121231,-0.34061778413642796,-0.7302510290417338,0,0,0,2022,-0.4993510999205771,-0.5962782199451357,-0.4011089101522234,-1.634596365135462,0.7966788467879427,0.6660614333727695,True,False,False,False,False,False
P100000121231,-0.34061778413642796,-0.7302510290417338,0,0,0,2023,-0.4832383521154267,-0.5711296065502467,-0.4011089101522234,-1.634596365135462,0.7966788467879427,0.6660614333727695,True,False,False,False,False,False
P100000121232,-0.6323852720657286,-0.7253733044786408,0,0,0,2019,-0.4562741619108893,-0.9735074208684706,-0.2621359279971891,-1.634596365135462,-0.8619493198741413,0.36723320825661837,True,False,False,False,False,False
P100000121232,-0.6323852720657286,-0.7253733044786408,0,0,0,2020,-0.48093653100040523,-0.9483588074735817,-0.2621359279971891,-1.634596365135462,-0.8619493198741413,0.36723320825661837,True,False,False,False,False,False
P100000121232,-0.6323852720657286,-0.7253733044786408,0,0,0,2021,-0.46909859383743757,-0.9232101940786926,-0.2621359279971891,-1.634596365135462,-0.8619493198741413,0.36723320825661837,True,False,False,False,False,False
P100000121232,-0.6323852720657286,-0.7253733044786408,0,0,0,2022,-0.46663235692848604,-0.8980615806838037,-0.2621359279971891,-1.634596365135462,-0.8619493198741413,0.36723320825661837,True,False,False,False,False,False
P100000121232,-0.6323852720657286,-0.7253733044786408,0,0,0,2023,-0.4939253787208836,-0.8729129672889147,-0.2621359279971891,-1.634596365135462,-0.8619493198741413,0.36723320825661837,True,False,False,False,False,False
P100000121236,-0.604830539448159,-0.5876493168148383,1,1,0,2019,-0.4304197783153802,0.057585728321978245,-0.15531378106908378,0.9364525377264761,0.2506297384631788,0.4929120616702789,True,False,False,False,False,False
P100000121236,-0.604830539448159,-0.5876493168148383,1,1,0,2020,-0.45380792500193773,0.08273434171686725,-0.15531378106908378,0.9364525377264761,0.2506297384631788,0.4929120616702789,True,False,False,False,False,False
P100000121236,-0.604830539448159,-0.5876493168148383,1,1,0,2021,-0.415334629222293,0.10788295511175625,-0.15531378106908378,0.9364525377264761,0.2506297384631788,0.4929120616702789,True,False,False,False,False,False
P100000121236,-0.604830539448159,-0.5876493168148383,1,1,0,2022,-0.43917491934215835,0.13303156850664524,-0.15531378106908378,0.9364525377264761,0.2506297384631788,0.4929120616702789,True,False,False,False,False,False
P100000121236,-0.604830539448159,-0.5876493168148383,1,1,0,2023,-0.41336163969513173,0.15818018190153424,-0.15531378106908378,0.9364525377264761,0.2506297384631788,0.4929120616702789,True,False,False,False,False,False
P100000121248,-0.3320191441706616,-0.7971045480535379,0,0,0,2019,-0.4717292465403193,-1.1243991012378047,-0.42886206955551365,-1.634596365135462,-0.21461119967635964,-0.4249127834234746,False,False,False,False,True,False
P100000121248,-0.3320191441706616,-0.7971045480535379,0,0,0,2020,-0.4717292465403193,-1.0992504878429157,-0.42886206955551365,-1.634596365135462,-0.21461119967635964,-0.4249127834234746,False,False,False,False,True,False
P100000121248,-0.3320191441706616,-0.7971045480535379,0,0,0,2021,-0.4717292465403193,-1.0741018744480266,-0.42886206955551365,-1.634596365135462,-0.21461119967635964,-0.4249127834234746,False,False,False,False,True,False
P100000121248,-0.3320191441706616,-0.7971045480535379,0,0,0,2022,-0.4717292465403193,-1.0489532610531376,-0.42886206955551365,-1.634596365135462,-0.21461119967635964,-0.4249127834234746,False,False,False,False,True,False
P100000121248,-0.3320191441706616,-0.7971045480535379,0,0,0,2023,-0.4717292465403193,-1.0238046476582487,-0.42886206955551365,-1.634596365135462,-0.21461119967635964,-0.4249127834234746,False,False,False,False,True,False
P100001043026,-0.3320191441706616,-0.792800673439044,0,0,0,2019,-0.5080651369988727,-0.9483588074735817,-0.4271587312700354,-1.634596365135462,0.7719590625283603,0.6156689451564732,True,False,False,False,False,False
P100001043026,-0.3320191441706616,-0.792800673439044,0,0,0,2020,-0.4982001893630663,-0.9232101940786926,-0.4271587312700354,-1.634596365135462,0.7719590625283603,0.6156689451564732,True,False,False,False,False,False
P100001043026,-0.3320191441706616,-0.792800673439044,0,0,0,2021,-0.47978562044289447,-0.8980615806838037,-0.4271587312700354,-1.634596365135462,0.7719590625283603,0.6156689451564732,True,False,False,False,False,False
P100001043026,-0.3320191441706616,-0.792800673439044,0,0,0,2022,-0.49535031560161114,-0.8729129672889147,-0.4271587312700354,-1.634596365135462,0.7719590625283603,0.6156689451564732,True,False,False,False,False,False
P100001043026,-0.3320191441706616,-0.792800673439044,0,0,0,2023,-0.49535031560161114,-0.8477643538940257,-0.4271587312700354,-1.634596365135462,0.7719590625283603,0.6156689451564732,True,False,False,False,False,False
P100001045317,-0.3320191441706616,-0.7460319026282112,0,0,0,2019,-0.4660843042820523,-0.29449485920646773,-0.40864912190117203,-1.634596365135462,-0.0008223978918548994,-0.08529738794212323,True,False,False,False,False,False
P100001045317,-0.3320191441706616,-0.7460319026282112,0,0,0,2020,-0.4660843042820523,-0.26934624581157873,-0.40864912190117203,-1.634596365135462,-0.0008223978918548994,-0.08529738794212323,True,False,False,False,False,False
P100001045317,-0.3320191441706616,-0.7460319026282112,0,0,0,2021,-0.4746887308310612,-0.24419763241668974,-0.40864912190117203,-1.634596365135462,-0.0008223978918548994,-0.08529738794212323,True,False,False,False,False,False
P100001045317,-0.3320191441706616,-0.7460319026282112,0,0,0,2022,-0.4663035253406258,-0.21904901902180074,-0.40864912190117203,-1.634596365135462,-0.0008223978918548994,-0.08529738794212323,True,False,False,False,False,False
P100001045317,-0.3320191441706616,-0.7460319026282112,0,0,0,2023,-0.45726065667446997,-0.19390040562691174,-0.40864912190117203,-1.634596365135462,-0.0008223978918548994,-0.08529738794212323,True,False,False,False,False,False
P100001045592,-0.3320191441706616,-0.739145703245021,1,0,0,2019,-0.47912795726717405,-0.7471699003144697,-0.4059237806444069,-0.3490719137044929,-0.21461119967635964,-0.4249127834234746,True,False,False,False,False,False
P100001045592,-0.3320191441706616,-0.739145703245021,1,0,0,2020,-0.47912795726717405,-0.7220212869195807,-0.4059237806444069,-0.3490719137044929,-0.21461119967635964,-0.4249127834234746,True,False,False,False,False,False
P100001045592,-0.3320191441706616,-0.739145703245021,1,0,0,2021,-0.47912795726717405,-0.6968726735246917,-0.4059237806444069,-0.3490719137044929,-0.21461119967635964,-0.4249127834234746,True,False,False,False,False,False
P100001045592,-0.3320191441706616,-0.739145703245021,1,0,0,2022,-0.47912795726717405,-0.6717240601298027,-0.4059237806444069,-0.3490719137044929,-0.21461119967635964,-0.4249127834234746,True,False,False,False,False,False
P100001045592,-0.3320191441706616,-0.739145703245021,1,0,0,2023,-0.47912795726717405,-0.6465754467349137,-0.4059237806444069,-0.3490719137044929,-0.21461119967635964,-0.4249127834234746,True,False,False,False,False,False
